"","node_id","node_wse","node_wse_precision_m","time","reach_id","drift_id"
"1","78220000170391",52.1199023211721,0.05,2022-07-26 21:55:54,78220000171,"SWOTCalVal_WM_GNSS_L2_Rec2_20220726T155300_20220727T002400"
"2","78220000170411",52.2726899413354,0.05,2022-07-26 21:51:08,78220000171,"SWOTCalVal_WM_GNSS_L2_Rec2_20220726T155300_20220727T002400"
"3","78220000170431",52.7139015185253,0.05,2022-07-26 21:46:48,78220000171,"SWOTCalVal_WM_GNSS_L2_Rec2_20220726T155300_20220727T002400"
"4","78220000170441",52.7796456237008,0.05,2022-07-26 21:44:47,78220000171,"SWOTCalVal_WM_GNSS_L2_Rec2_20220726T155300_20220727T002400"
"5","78220000170451",52.8099610108019,0.05,2022-07-26 21:42:49,78220000171,"SWOTCalVal_WM_GNSS_L2_Rec2_20220726T155300_20220727T002400"
"6","78220000170461",52.837255320891,0.05,2022-07-26 21:41:30,78220000171,"SWOTCalVal_WM_GNSS_L2_Rec2_20220726T155300_20220727T002400"
"7","78220000170471",52.867143968816,0.05,2022-07-26 21:40:00,78220000171,"SWOTCalVal_WM_GNSS_L2_Rec2_20220726T155300_20220727T002400"
"8","78220000170481",53.0661799486042,0.05,2022-07-26 21:38:20,78220000171,"SWOTCalVal_WM_GNSS_L2_Rec2_20220726T155300_20220727T002400"
"9","78220000170491",53.2447009638877,0.05,2022-07-26 21:36:22,78220000171,"SWOTCalVal_WM_GNSS_L2_Rec2_20220726T155300_20220727T002400"
"10","78220000170501",53.2778163855092,0.05,2022-07-26 21:33:59,78220000171,"SWOTCalVal_WM_GNSS_L2_Rec2_20220726T155300_20220727T002400"
"11","78220000170511",53.3035218324851,0.05,2022-07-26 21:31:25,78220000171,"SWOTCalVal_WM_GNSS_L2_Rec2_20220726T155300_20220727T002400"
"12","78220000170521",53.3173864987678,0.05,2022-07-26 21:30:06,78220000171,"SWOTCalVal_WM_GNSS_L2_Rec2_20220726T155300_20220727T002400"
"13","78220000170551",53.4410665582721,0.05,2022-07-26 21:19:26,78220000171,"SWOTCalVal_WM_GNSS_L2_Rec2_20220726T155300_20220727T002400"
"14","78220000170561",53.4696839803412,0.05,2022-07-26 21:17:28,78220000171,"SWOTCalVal_WM_GNSS_L2_Rec2_20220726T155300_20220727T002400"
"15","78220000170571",53.4528371749862,0.05,2022-07-26 21:12:39,78220000171,"SWOTCalVal_WM_GNSS_L2_Rec2_20220726T155300_20220727T002400"
"16","78220000180021",53.5156513276192,0.05,2022-07-26 21:04:26,78220000181,"SWOTCalVal_WM_GNSS_L2_Rec2_20220726T155300_20220727T002400"
"17","78220000180031",53.5974282890274,0.05,2022-07-26 21:02:58,78220000181,"SWOTCalVal_WM_GNSS_L2_Rec2_20220726T155300_20220727T002400"
"18","78220000180081",54.4260255691124,0.05,2022-07-26 20:52:42,78220000181,"SWOTCalVal_WM_GNSS_L2_Rec2_20220726T155300_20220727T002400"
"19","78220000180091",54.4266933316999,0.05,2022-07-26 20:48:58,78220000181,"SWOTCalVal_WM_GNSS_L2_Rec2_20220726T155300_20220727T002400"
"20","78220000180101",54.412834087085,0.05,2022-07-26 20:46:46,78220000181,"SWOTCalVal_WM_GNSS_L2_Rec2_20220726T155300_20220727T002400"
"21","78220000180121",54.4847874872951,0.05,2022-07-26 20:42:44,78220000181,"SWOTCalVal_WM_GNSS_L2_Rec2_20220726T155300_20220727T002400"
"22","78220000180131",54.5029526839026,0.05,2022-07-26 20:40:13,78220000181,"SWOTCalVal_WM_GNSS_L2_Rec2_20220726T155300_20220727T002400"
"23","78220000180141",54.52716779437,0.05,2022-07-26 20:37:06,78220000181,"SWOTCalVal_WM_GNSS_L2_Rec2_20220726T155300_20220727T002400"
"24","78220000180161",54.5351292788857,0.05,2022-07-26 20:32:42,78220000181,"SWOTCalVal_WM_GNSS_L2_Rec2_20220726T155300_20220727T002400"
"25","78220000180171",54.5630096411746,0.05,2022-07-26 20:30:09,78220000181,"SWOTCalVal_WM_GNSS_L2_Rec2_20220726T155300_20220727T002400"
"26","78220000180181",54.5712840893228,0.05,2022-07-26 20:27:33,78220000181,"SWOTCalVal_WM_GNSS_L2_Rec2_20220726T155300_20220727T002400"
"27","78220000180191",54.6701401752108,0.05,2022-07-26 20:23:32,78220000181,"SWOTCalVal_WM_GNSS_L2_Rec2_20220726T155300_20220727T002400"
"28","78220000180201",54.7309015439748,0.05,2022-07-26 20:20:25,78220000181,"SWOTCalVal_WM_GNSS_L2_Rec2_20220726T155300_20220727T002400"
"29","78220000180211",54.7335091428553,0.05,2022-07-26 20:18:56,78220000181,"SWOTCalVal_WM_GNSS_L2_Rec2_20220726T155300_20220727T002400"
"30","78220000180221",54.7547264182381,0.05,2022-07-26 20:17:09,78220000181,"SWOTCalVal_WM_GNSS_L2_Rec2_20220726T155300_20220727T002400"
"31","78220000180231",54.8831827049874,0.05,2022-07-26 20:15:38,78220000181,"SWOTCalVal_WM_GNSS_L2_Rec2_20220726T155300_20220727T002400"
"32","78220000180241",54.9732647456137,0.05,2022-07-26 20:14:00,78220000181,"SWOTCalVal_WM_GNSS_L2_Rec2_20220726T155300_20220727T002400"
"33","78220000180251",55.1318452614022,0.05,2022-07-26 20:12:25,78220000181,"SWOTCalVal_WM_GNSS_L2_Rec2_20220726T155300_20220727T002400"
"34","78220000180261",55.2730352411153,0.05,2022-07-26 20:09:57,78220000181,"SWOTCalVal_WM_GNSS_L2_Rec2_20220726T155300_20220727T002400"
"35","78220000180271",55.2795759023675,0.05,2022-07-26 20:07:21,78220000181,"SWOTCalVal_WM_GNSS_L2_Rec2_20220726T155300_20220727T002400"
"36","78220000180281",55.3549712437893,0.05,2022-07-26 20:05:53,78220000181,"SWOTCalVal_WM_GNSS_L2_Rec2_20220726T155300_20220727T002400"
"37","78220000180291",55.3835144724332,0.05,2022-07-26 20:04:21,78220000181,"SWOTCalVal_WM_GNSS_L2_Rec2_20220726T155300_20220727T002400"
"38","78220000180311",55.5866421414198,0.05,2022-07-26 19:59:55,78220000181,"SWOTCalVal_WM_GNSS_L2_Rec2_20220726T155300_20220727T002400"
"39","78220000180341",55.7418191299061,0.05,2022-07-26 19:53:36,78220000181,"SWOTCalVal_WM_GNSS_L2_Rec2_20220726T155300_20220727T002400"
"40","78220000180351",55.7234245930251,0.05,2022-07-26 19:51:13,78220000181,"SWOTCalVal_WM_GNSS_L2_Rec2_20220726T155300_20220727T002400"
"41","78220000180361",55.7948328575449,0.05,2022-07-26 19:50:07,78220000181,"SWOTCalVal_WM_GNSS_L2_Rec2_20220726T155300_20220727T002400"
"42","78220000180371",55.8797961611343,0.05,2022-07-26 19:48:27,78220000181,"SWOTCalVal_WM_GNSS_L2_Rec2_20220726T155300_20220727T002400"
"43","78220000180381",55.905670084062,0.05,2022-07-26 19:46:35,78220000181,"SWOTCalVal_WM_GNSS_L2_Rec2_20220726T155300_20220727T002400"
"44","78220000180391",55.9351222021874,0.05,2022-07-26 19:44:54,78220000181,"SWOTCalVal_WM_GNSS_L2_Rec2_20220726T155300_20220727T002400"
"45","78220000180401",55.9660872673096,0.05,2022-07-26 19:43:37,78220000181,"SWOTCalVal_WM_GNSS_L2_Rec2_20220726T155300_20220727T002400"
"46","78220000180411",56.0295760790201,0.05,2022-07-26 19:42:04,78220000181,"SWOTCalVal_WM_GNSS_L2_Rec2_20220726T155300_20220727T002400"
"47","78220000180441",56.641618858335,0.05,2022-07-26 19:36:11,78220000181,"SWOTCalVal_WM_GNSS_L2_Rec2_20220726T155300_20220727T002400"
"48","78220000180451",56.6903038646994,0.05,2022-07-26 19:34:51,78220000181,"SWOTCalVal_WM_GNSS_L2_Rec2_20220726T155300_20220727T002400"
"49","78220000180461",56.7845091219673,0.05,2022-07-26 19:33:13,78220000181,"SWOTCalVal_WM_GNSS_L2_Rec2_20220726T155300_20220727T002400"
"50","78220000180471",56.8984152800957,0.05,2022-07-26 19:31:41,78220000181,"SWOTCalVal_WM_GNSS_L2_Rec2_20220726T155300_20220727T002400"
"51","78220000180481",57.0457511766408,0.05,2022-07-26 19:29:54,78220000181,"SWOTCalVal_WM_GNSS_L2_Rec2_20220726T155300_20220727T002400"
"52","78220000180491",57.0945593336484,0.05,2022-07-26 19:27:48,78220000181,"SWOTCalVal_WM_GNSS_L2_Rec2_20220726T155300_20220727T002400"
"53","78220000180501",57.1527006428971,0.05,2022-07-26 19:25:31,78220000181,"SWOTCalVal_WM_GNSS_L2_Rec2_20220726T155300_20220727T002400"
"54","78220000180511",57.2604736497887,0.05,2022-07-26 18:57:25,78220000181,"SWOTCalVal_WM_GNSS_L2_Rec2_20220726T155300_20220727T002400"
"55","78220000180521",57.3471641489468,0.05,2022-07-26 18:44:22,78220000181,"SWOTCalVal_WM_GNSS_L2_Rec2_20220726T155300_20220727T002400"
"56","78220000180531",57.3999226099694,0.05,2022-07-26 18:42:43,78220000181,"SWOTCalVal_WM_GNSS_L2_Rec2_20220726T155300_20220727T002400"
"57","78220000180541",57.532614309021,0.05,2022-07-26 18:40:56,78220000181,"SWOTCalVal_WM_GNSS_L2_Rec2_20220726T155300_20220727T002400"
"58","78220000180551",57.6804910173772,0.05,2022-07-26 18:38:59,78220000181,"SWOTCalVal_WM_GNSS_L2_Rec2_20220726T155300_20220727T002400"
"59","78220000180561",57.7989957080726,0.05,2022-07-26 18:36:47,78220000181,"SWOTCalVal_WM_GNSS_L2_Rec2_20220726T155300_20220727T002400"
"60","78220000180661",58.2327266232198,0.05,2022-07-26 18:01:35,78220000181,"SWOTCalVal_WM_GNSS_L2_Rec2_20220726T155300_20220727T002400"
"61","78220000180671",58.2171355503712,0.05,2022-07-26 17:58:31,78220000181,"SWOTCalVal_WM_GNSS_L2_Rec2_20220726T155300_20220727T002400"
"62","78220000180681",58.2158669161636,0.05,2022-07-26 17:56:05,78220000181,"SWOTCalVal_WM_GNSS_L2_Rec2_20220726T155300_20220727T002400"
"63","78220000180691",58.234866599818,0.05,2022-07-26 17:54:09,78220000181,"SWOTCalVal_WM_GNSS_L2_Rec2_20220726T155300_20220727T002400"
"64","78220000180701",58.26199848491,0.05,2022-07-26 17:52:14,78220000181,"SWOTCalVal_WM_GNSS_L2_Rec2_20220726T155300_20220727T002400"
"65","78220000180711",58.2882073911034,0.05,2022-07-26 17:50:28,78220000181,"SWOTCalVal_WM_GNSS_L2_Rec2_20220726T155300_20220727T002400"
"66","78220000180721",58.2911886884859,0.05,2022-07-26 17:48:37,78220000181,"SWOTCalVal_WM_GNSS_L2_Rec2_20220726T155300_20220727T002400"
"67","78220000180731",58.3485887129235,0.05,2022-07-26 17:46:08,78220000181,"SWOTCalVal_WM_GNSS_L2_Rec2_20220726T155300_20220727T002400"
"68","78220000180741",58.4562528184805,0.05,2022-07-26 17:44:29,78220000181,"SWOTCalVal_WM_GNSS_L2_Rec2_20220726T155300_20220727T002400"
"69","78220000180751",58.5202375882815,0.05,2022-07-26 17:41:45,78220000181,"SWOTCalVal_WM_GNSS_L2_Rec2_20220726T155300_20220727T002400"
"70","78220000180771",58.6625206596336,0.05,2022-07-26 17:35:28,78220000181,"SWOTCalVal_WM_GNSS_L2_Rec2_20220726T155300_20220727T002400"
"71","78220000180781",58.6844000975911,0.05,2022-07-26 17:32:18,78220000181,"SWOTCalVal_WM_GNSS_L2_Rec2_20220726T155300_20220727T002400"
"72","78220000180841",59.345201649509,0.05,2022-07-26 17:18:16,78220000181,"SWOTCalVal_WM_GNSS_L2_Rec2_20220726T155300_20220727T002400"
"73","78220000180851",59.3651324538353,0.05,2022-07-26 17:15:46,78220000181,"SWOTCalVal_WM_GNSS_L2_Rec2_20220726T155300_20220727T002400"
"74","78220000170271",51.6543641066976,0.05,2022-07-27 23:32:18,78220000171,"SWOTCalVal_WM_GNSS_L2_Rec2_20220727T153200_20220728T004800"
"75","78220000170281",51.6832862162734,0.05,2022-07-27 23:30:46,78220000171,"SWOTCalVal_WM_GNSS_L2_Rec2_20220727T153200_20220728T004800"
"76","78220000170291",51.7360054454107,0.05,2022-07-27 23:28:28,78220000171,"SWOTCalVal_WM_GNSS_L2_Rec2_20220727T153200_20220728T004800"
"77","78220000170301",51.7937299285072,0.05,2022-07-27 23:26:41,78220000171,"SWOTCalVal_WM_GNSS_L2_Rec2_20220727T153200_20220728T004800"
"78","78220000170391",52.1318379921492,0.05,2022-07-27 23:06:27,78220000171,"SWOTCalVal_WM_GNSS_L2_Rec2_20220727T153200_20220728T004800"
"79","78220000170411",52.2671677025005,0.05,2022-07-27 23:01:27,78220000171,"SWOTCalVal_WM_GNSS_L2_Rec2_20220727T153200_20220728T004800"
"80","78220000170421",52.6078682164696,0.05,2022-07-27 22:59:17,78220000171,"SWOTCalVal_WM_GNSS_L2_Rec2_20220727T153200_20220728T004800"
"81","78220000170431",52.7031060792079,0.05,2022-07-27 22:57:27,78220000171,"SWOTCalVal_WM_GNSS_L2_Rec2_20220727T153200_20220728T004800"
"82","78220000170441",52.7567847256504,0.05,2022-07-27 22:55:30,78220000171,"SWOTCalVal_WM_GNSS_L2_Rec2_20220727T153200_20220728T004800"
"83","78220000170451",52.8051003466775,0.05,2022-07-27 22:53:24,78220000171,"SWOTCalVal_WM_GNSS_L2_Rec2_20220727T153200_20220728T004800"
"84","78220000170461",52.8251550203584,0.05,2022-07-27 22:51:56,78220000171,"SWOTCalVal_WM_GNSS_L2_Rec2_20220727T153200_20220728T004800"
"85","78220000170471",52.8930182610724,0.05,2022-07-27 22:50:24,78220000171,"SWOTCalVal_WM_GNSS_L2_Rec2_20220727T153200_20220728T004800"
"86","78220000170481",53.077871479428,0.05,2022-07-27 22:48:20,78220000171,"SWOTCalVal_WM_GNSS_L2_Rec2_20220727T153200_20220728T004800"
"87","78220000170511",53.348351080726,0.05,2022-07-27 22:39:38,78220000171,"SWOTCalVal_WM_GNSS_L2_Rec2_20220727T153200_20220728T004800"
"88","78220000170521",53.3388687398515,0.05,2022-07-27 22:36:24,78220000171,"SWOTCalVal_WM_GNSS_L2_Rec2_20220727T153200_20220728T004800"
"89","78220000170571",53.472173472919,0.05,2022-07-27 22:26:43,78220000171,"SWOTCalVal_WM_GNSS_L2_Rec2_20220727T153200_20220728T004800"
"90","78220000180011",53.4892621153906,0.05,2022-07-27 22:23:04,78220000181,"SWOTCalVal_WM_GNSS_L2_Rec2_20220727T153200_20220728T004800"
"91","78220000180021",53.5021597122981,0.05,2022-07-27 22:21:13,78220000181,"SWOTCalVal_WM_GNSS_L2_Rec2_20220727T153200_20220728T004800"
"92","78220000180031",53.5851298017348,0.05,2022-07-27 22:19:31,78220000181,"SWOTCalVal_WM_GNSS_L2_Rec2_20220727T153200_20220728T004800"
"93","78220000180041",53.8992826624463,0.05,2022-07-27 22:18:02,78220000181,"SWOTCalVal_WM_GNSS_L2_Rec2_20220727T153200_20220728T004800"
"94","78220000180091",54.4419330425781,0.05,2022-07-27 22:06:11,78220000181,"SWOTCalVal_WM_GNSS_L2_Rec2_20220727T153200_20220728T004800"
"95","78220000180101",54.4711813817766,0.05,2022-07-27 22:04:21,78220000181,"SWOTCalVal_WM_GNSS_L2_Rec2_20220727T153200_20220728T004800"
"96","78220000180111",54.4719942043686,0.05,2022-07-27 22:03:13,78220000181,"SWOTCalVal_WM_GNSS_L2_Rec2_20220727T153200_20220728T004800"
"97","78220000180121",54.5307493739929,0.05,2022-07-27 22:01:03,78220000181,"SWOTCalVal_WM_GNSS_L2_Rec2_20220727T153200_20220728T004800"
"98","78220000180131",54.5846563152886,0.05,2022-07-27 21:58:59,78220000181,"SWOTCalVal_WM_GNSS_L2_Rec2_20220727T153200_20220728T004800"
"99","78220000180141",54.6005146886622,0.05,2022-07-27 21:56:21,78220000181,"SWOTCalVal_WM_GNSS_L2_Rec2_20220727T153200_20220728T004800"
"100","78220000180161",54.6283243767614,0.05,2022-07-27 21:51:57,78220000181,"SWOTCalVal_WM_GNSS_L2_Rec2_20220727T153200_20220728T004800"
"101","78220000180171",54.6718018416335,0.05,2022-07-27 21:50:20,78220000181,"SWOTCalVal_WM_GNSS_L2_Rec2_20220727T153200_20220728T004800"
"102","78220000180211",54.8330890362603,0.05,2022-07-27 21:40:56,78220000181,"SWOTCalVal_WM_GNSS_L2_Rec2_20220727T153200_20220728T004800"
"103","78220000180221",54.8509880146278,0.05,2022-07-27 21:40:10,78220000181,"SWOTCalVal_WM_GNSS_L2_Rec2_20220727T153200_20220728T004800"
"104","78220000180231",54.9681165434455,0.05,2022-07-27 21:38:32,78220000181,"SWOTCalVal_WM_GNSS_L2_Rec2_20220727T153200_20220728T004800"
"105","78220000180241",55.019020501806,0.05,2022-07-27 21:37:07,78220000181,"SWOTCalVal_WM_GNSS_L2_Rec2_20220727T153200_20220728T004800"
"106","78220000180251",55.1592899589706,0.05,2022-07-27 21:35:51,78220000181,"SWOTCalVal_WM_GNSS_L2_Rec2_20220727T153200_20220728T004800"
"107","78220000180261",55.3397140228048,0.05,2022-07-27 21:32:55,78220000181,"SWOTCalVal_WM_GNSS_L2_Rec2_20220727T153200_20220728T004800"
"108","78220000180271",55.3567365415915,0.05,2022-07-27 21:30:54,78220000181,"SWOTCalVal_WM_GNSS_L2_Rec2_20220727T153200_20220728T004800"
"109","78220000180281",55.6652806217489,0.05,2022-07-27 21:29:02,78220000181,"SWOTCalVal_WM_GNSS_L2_Rec2_20220727T153200_20220728T004800"
"110","78220000180311",55.9208251279638,0.05,2022-07-27 21:21:24,78220000181,"SWOTCalVal_WM_GNSS_L2_Rec2_20220727T153200_20220728T004800"
"111","78220000180341",56.0266580341546,0.05,2022-07-27 21:15:57,78220000181,"SWOTCalVal_WM_GNSS_L2_Rec2_20220727T153200_20220728T004800"
"112","78220000180361",56.1125992980819,0.05,2022-07-27 21:13:00,78220000181,"SWOTCalVal_WM_GNSS_L2_Rec2_20220727T153200_20220728T004800"
"113","78220000180371",56.1574238129589,0.05,2022-07-27 21:11:17,78220000181,"SWOTCalVal_WM_GNSS_L2_Rec2_20220727T153200_20220728T004800"
"114","78220000180381",56.154459248888,0.05,2022-07-27 21:09:37,78220000181,"SWOTCalVal_WM_GNSS_L2_Rec2_20220727T153200_20220728T004800"
"115","78220000180391",56.1019779229265,0.05,2022-07-27 21:08:34,78220000181,"SWOTCalVal_WM_GNSS_L2_Rec2_20220727T153200_20220728T004800"
"116","78220000180401",56.1550161004643,0.05,2022-07-27 21:05:54,78220000181,"SWOTCalVal_WM_GNSS_L2_Rec2_20220727T153200_20220728T004800"
"117","78220000180411",56.2024504063631,0.05,2022-07-27 21:04:41,78220000181,"SWOTCalVal_WM_GNSS_L2_Rec2_20220727T153200_20220728T004800"
"118","78220000180421",56.230194544824,0.05,2022-07-27 21:02:00,78220000181,"SWOTCalVal_WM_GNSS_L2_Rec2_20220727T153200_20220728T004800"
"119","78220000180461",56.9348425794037,0.05,2022-07-27 20:51:26,78220000181,"SWOTCalVal_WM_GNSS_L2_Rec2_20220727T153200_20220728T004800"
"120","78220000180471",57.0723097554158,0.05,2022-07-27 20:49:37,78220000181,"SWOTCalVal_WM_GNSS_L2_Rec2_20220727T153200_20220728T004800"
"121","78220000180481",57.2189035842225,0.05,2022-07-27 20:47:37,78220000181,"SWOTCalVal_WM_GNSS_L2_Rec2_20220727T153200_20220728T004800"
"122","78220000180491",57.2404140741873,0.05,2022-07-27 20:45:41,78220000181,"SWOTCalVal_WM_GNSS_L2_Rec2_20220727T153200_20220728T004800"
"123","78220000180501",57.3058271181226,0.05,2022-07-27 20:44:05,78220000181,"SWOTCalVal_WM_GNSS_L2_Rec2_20220727T153200_20220728T004800"
"124","78220000180511",57.4393762694295,0.05,2022-07-27 20:41:55,78220000181,"SWOTCalVal_WM_GNSS_L2_Rec2_20220727T153200_20220728T004800"
"125","78220000180521",57.5095824876347,0.05,2022-07-27 20:40:32,78220000181,"SWOTCalVal_WM_GNSS_L2_Rec2_20220727T153200_20220728T004800"
"126","78220000180531",57.5728044521655,0.05,2022-07-27 20:38:54,78220000181,"SWOTCalVal_WM_GNSS_L2_Rec2_20220727T153200_20220728T004800"
"127","78220000180541",57.7208320652628,0.05,2022-07-27 19:46:03,78220000181,"SWOTCalVal_WM_GNSS_L2_Rec2_20220727T153200_20220728T004800"
"128","78220000180551",57.8611149509071,0.05,2022-07-27 19:44:34,78220000181,"SWOTCalVal_WM_GNSS_L2_Rec2_20220727T153200_20220728T004800"
"129","78220000180561",57.9829302167915,0.05,2022-07-27 19:42:36,78220000181,"SWOTCalVal_WM_GNSS_L2_Rec2_20220727T153200_20220728T004800"
"130","78220000180571",58.0342781819006,0.05,2022-07-27 19:40:27,78220000181,"SWOTCalVal_WM_GNSS_L2_Rec2_20220727T153200_20220728T004800"
"131","78220000180581",58.0445751605067,0.05,2022-07-27 19:38:17,78220000181,"SWOTCalVal_WM_GNSS_L2_Rec2_20220727T153200_20220728T004800"
"132","78220000180621",58.2684459382424,0.05,2022-07-27 19:31:11,78220000181,"SWOTCalVal_WM_GNSS_L2_Rec2_20220727T153200_20220728T004800"
"133","78220000180631",58.2963441287574,0.05,2022-07-27 19:29:27,78220000181,"SWOTCalVal_WM_GNSS_L2_Rec2_20220727T153200_20220728T004800"
"134","78220000180641",58.3275416053757,0.05,2022-07-27 19:27:48,78220000181,"SWOTCalVal_WM_GNSS_L2_Rec2_20220727T153200_20220728T004800"
"135","78220000180651",58.3563484203295,0.05,2022-07-27 19:25:29,78220000181,"SWOTCalVal_WM_GNSS_L2_Rec2_20220727T153200_20220728T004800"
"136","78220000180661",58.3460516980503,0.05,2022-07-27 19:00:37,78220000181,"SWOTCalVal_WM_GNSS_L2_Rec2_20220727T153200_20220728T004800"
"137","78220000180671",58.3004767001791,0.05,2022-07-27 18:01:13,78220000181,"SWOTCalVal_WM_GNSS_L2_Rec2_20220727T153200_20220728T004800"
"138","78220000180681",58.3342206456717,0.05,2022-07-27 17:58:57,78220000181,"SWOTCalVal_WM_GNSS_L2_Rec2_20220727T153200_20220728T004800"
"139","78220000180691",58.3338651697964,0.05,2022-07-27 17:57:06,78220000181,"SWOTCalVal_WM_GNSS_L2_Rec2_20220727T153200_20220728T004800"
"140","78220000180701",58.3277103738129,0.05,2022-07-27 17:55:13,78220000181,"SWOTCalVal_WM_GNSS_L2_Rec2_20220727T153200_20220728T004800"
"141","78220000180711",58.3465820167342,0.05,2022-07-27 17:53:38,78220000181,"SWOTCalVal_WM_GNSS_L2_Rec2_20220727T153200_20220728T004800"
"142","78220000180721",58.3630134485147,0.05,2022-07-27 17:52:06,78220000181,"SWOTCalVal_WM_GNSS_L2_Rec2_20220727T153200_20220728T004800"
"143","78220000180731",58.4152581866086,0.05,2022-07-27 17:50:27,78220000181,"SWOTCalVal_WM_GNSS_L2_Rec2_20220727T153200_20220728T004800"
"144","78220000180851",59.3060063747525,0.05,2022-07-27 17:26:34,78220000181,"SWOTCalVal_WM_GNSS_L2_Rec2_20220727T153200_20220728T004800"
"145","78220000180081",54.4832332811923,0.05,2022-07-30 01:53:59,78220000181,"SWOTCalVal_WM_GNSS_L2_Rec2_20220729T222100_20220730T023300"
"146","78220000180091",54.4812761856169,0.05,2022-07-30 01:53:10,78220000181,"SWOTCalVal_WM_GNSS_L2_Rec2_20220729T222100_20220730T023300"
"147","78220000180101",54.5099164288637,0.05,2022-07-30 01:52:29,78220000181,"SWOTCalVal_WM_GNSS_L2_Rec2_20220729T222100_20220730T023300"
"148","78220000180111",54.5491588228812,0.05,2022-07-30 01:52:05,78220000181,"SWOTCalVal_WM_GNSS_L2_Rec2_20220729T222100_20220730T023300"
"149","78220000180121",54.6310012141893,0.05,2022-07-30 01:51:11,78220000181,"SWOTCalVal_WM_GNSS_L2_Rec2_20220729T222100_20220730T023300"
"150","78220000180131",54.6628641948016,0.05,2022-07-30 01:50:27,78220000181,"SWOTCalVal_WM_GNSS_L2_Rec2_20220729T222100_20220730T023300"
"151","78220000180141",54.7005352295483,0.05,2022-07-30 01:49:38,78220000181,"SWOTCalVal_WM_GNSS_L2_Rec2_20220729T222100_20220730T023300"
"152","78220000180151",54.7027799231292,0.05,2022-07-30 01:48:35,78220000181,"SWOTCalVal_WM_GNSS_L2_Rec2_20220729T222100_20220730T023300"
"153","78220000180161",54.7167403436918,0.05,2022-07-30 01:47:57,78220000181,"SWOTCalVal_WM_GNSS_L2_Rec2_20220729T222100_20220730T023300"
"154","78220000180171",54.7462464173102,0.05,2022-07-30 01:47:17,78220000181,"SWOTCalVal_WM_GNSS_L2_Rec2_20220729T222100_20220730T023300"
"155","78220000180191",54.6735692602132,0.05,2022-07-30 01:37:01,78220000181,"SWOTCalVal_WM_GNSS_L2_Rec2_20220729T222100_20220730T023300"
"156","78220000180201",54.3630337029816,0.05,2022-07-30 01:30:45,78220000181,"SWOTCalVal_WM_GNSS_L2_Rec2_20220729T222100_20220730T023300"
"157","78220000180211",54.6189814798391,0.05,2022-07-30 01:30:18,78220000181,"SWOTCalVal_WM_GNSS_L2_Rec2_20220729T222100_20220730T023300"
"158","78220000180221",54.7729834790583,0.05,2022-07-30 01:29:38,78220000181,"SWOTCalVal_WM_GNSS_L2_Rec2_20220729T222100_20220730T023300"
"159","78220000180231",54.8597741265695,0.05,2022-07-30 01:28:57,78220000181,"SWOTCalVal_WM_GNSS_L2_Rec2_20220729T222100_20220730T023300"
"160","78220000180241",54.9502006798242,0.05,2022-07-30 01:28:15,78220000181,"SWOTCalVal_WM_GNSS_L2_Rec2_20220729T222100_20220730T023300"
"161","78220000180251",55.1102760829837,0.05,2022-07-30 01:27:37,78220000181,"SWOTCalVal_WM_GNSS_L2_Rec2_20220729T222100_20220730T023300"
"162","78220000180261",55.2604403287139,0.05,2022-07-30 01:26:52,78220000181,"SWOTCalVal_WM_GNSS_L2_Rec2_20220729T222100_20220730T023300"
"163","78220000180271",55.2393872004804,0.05,2022-07-30 01:25:57,78220000181,"SWOTCalVal_WM_GNSS_L2_Rec2_20220729T222100_20220730T023300"
"164","78220000180281",55.2829693478433,0.05,2022-07-30 01:25:23,78220000181,"SWOTCalVal_WM_GNSS_L2_Rec2_20220729T222100_20220730T023300"
"165","78220000180291",55.3401616861578,0.05,2022-07-30 01:24:50,78220000181,"SWOTCalVal_WM_GNSS_L2_Rec2_20220729T222100_20220730T023300"
"166","78220000180311",55.5325076018296,0.05,2022-07-30 01:22:52,78220000181,"SWOTCalVal_WM_GNSS_L2_Rec2_20220729T222100_20220730T023300"
"167","78220000180341",55.7852220947593,0.05,2022-07-30 01:08:18,78220000181,"SWOTCalVal_WM_GNSS_L2_Rec2_20220729T222100_20220730T023300"
"168","78220000180361",55.8449950653712,0.05,2022-07-30 01:02:25,78220000181,"SWOTCalVal_WM_GNSS_L2_Rec2_20220729T222100_20220730T023300"
"169","78220000180371",55.9277529465923,0.05,2022-07-30 01:01:47,78220000181,"SWOTCalVal_WM_GNSS_L2_Rec2_20220729T222100_20220730T023300"
"170","78220000180381",55.9317313883889,0.05,2022-07-30 01:01:05,78220000181,"SWOTCalVal_WM_GNSS_L2_Rec2_20220729T222100_20220730T023300"
"171","78220000180401",55.9849964593795,0.05,2022-07-30 00:59:58,78220000181,"SWOTCalVal_WM_GNSS_L2_Rec2_20220729T222100_20220730T023300"
"172","78220000180471",56.8994845543685,0.05,2022-07-30 00:54:14,78220000181,"SWOTCalVal_WM_GNSS_L2_Rec2_20220729T222100_20220730T023300"
"173","78220000180481",57.0843567388411,0.05,2022-07-30 00:53:04,78220000181,"SWOTCalVal_WM_GNSS_L2_Rec2_20220729T222100_20220730T023300"
"174","78220000180491",57.1660260346113,0.05,2022-07-30 00:52:22,78220000181,"SWOTCalVal_WM_GNSS_L2_Rec2_20220729T222100_20220730T023300"
"175","78220000180501",57.1931239795631,0.05,2022-07-30 00:51:37,78220000181,"SWOTCalVal_WM_GNSS_L2_Rec2_20220729T222100_20220730T023300"
"176","78220000180511",57.3289978201892,0.05,2022-07-30 00:44:02,78220000181,"SWOTCalVal_WM_GNSS_L2_Rec2_20220729T222100_20220730T023300"
"177","78220000180521",57.4059916626955,0.05,2022-07-30 00:37:16,78220000181,"SWOTCalVal_WM_GNSS_L2_Rec2_20220729T222100_20220730T023300"
"178","78220000180531",57.4698391449036,0.05,2022-07-30 00:36:33,78220000181,"SWOTCalVal_WM_GNSS_L2_Rec2_20220729T222100_20220730T023300"
"179","78220000180541",57.6289768498761,0.05,2022-07-30 00:35:51,78220000181,"SWOTCalVal_WM_GNSS_L2_Rec2_20220729T222100_20220730T023300"
"180","78220000180551",57.7716538467953,0.05,2022-07-30 00:35:19,78220000181,"SWOTCalVal_WM_GNSS_L2_Rec2_20220729T222100_20220730T023300"
"181","78220000180561",57.8853981278421,0.05,2022-07-30 00:34:05,78220000181,"SWOTCalVal_WM_GNSS_L2_Rec2_20220729T222100_20220730T023300"
"182","78220000180591",57.9578991348399,0.05,2022-07-30 00:31:50,78220000181,"SWOTCalVal_WM_GNSS_L2_Rec2_20220729T222100_20220730T023300"
"183","78220000180601",58.0049221384117,0.05,2022-07-30 00:31:10,78220000181,"SWOTCalVal_WM_GNSS_L2_Rec2_20220729T222100_20220730T023300"
"184","78220000180621",58.1721923266638,0.05,2022-07-30 00:29:41,78220000181,"SWOTCalVal_WM_GNSS_L2_Rec2_20220729T222100_20220730T023300"
"185","78220000180631",58.2105535400921,0.05,2022-07-30 00:28:56,78220000181,"SWOTCalVal_WM_GNSS_L2_Rec2_20220729T222100_20220730T023300"
"186","78220000180641",58.2348063454303,0.05,2022-07-30 00:28:13,78220000181,"SWOTCalVal_WM_GNSS_L2_Rec2_20220729T222100_20220730T023300"
"187","78220000180651",58.2517319995713,0.05,2022-07-30 00:27:14,78220000181,"SWOTCalVal_WM_GNSS_L2_Rec2_20220729T222100_20220730T023300"
"188","78220000180661",58.3023800904667,0.05,2022-07-30 00:14:30,78220000181,"SWOTCalVal_WM_GNSS_L2_Rec2_20220729T222100_20220730T023300"
"189","78220000180671",58.2998253682924,0.05,2022-07-30 00:07:18,78220000181,"SWOTCalVal_WM_GNSS_L2_Rec2_20220729T222100_20220730T023300"
"190","78220000180681",58.3115041793752,0.05,2022-07-30 00:06:37,78220000181,"SWOTCalVal_WM_GNSS_L2_Rec2_20220729T222100_20220730T023300"
"191","78220000180691",58.3312934876505,0.05,2022-07-30 00:06:00,78220000181,"SWOTCalVal_WM_GNSS_L2_Rec2_20220729T222100_20220730T023300"
"192","78220000180701",58.3349033584274,0.05,2022-07-30 00:05:21,78220000181,"SWOTCalVal_WM_GNSS_L2_Rec2_20220729T222100_20220730T023300"
"193","78220000180711",58.3551540550691,0.05,2022-07-30 00:04:45,78220000181,"SWOTCalVal_WM_GNSS_L2_Rec2_20220729T222100_20220730T023300"
"194","78220000180721",58.3700737616047,0.05,2022-07-30 00:04:07,78220000181,"SWOTCalVal_WM_GNSS_L2_Rec2_20220729T222100_20220730T023300"
"195","78220000180731",58.4790151860577,0.05,2022-07-30 00:03:13,78220000181,"SWOTCalVal_WM_GNSS_L2_Rec2_20220729T222100_20220730T023300"
"196","78220000180741",58.5867347237863,0.05,2022-07-30 00:02:43,78220000181,"SWOTCalVal_WM_GNSS_L2_Rec2_20220729T222100_20220730T023300"
"197","78220000180811",58.9381653434499,0.05,2022-07-29 23:42:55,78220000181,"SWOTCalVal_WM_GNSS_L2_Rec2_20220729T222100_20220730T023300"
"198","78220000180851",59.3453343049014,0.05,2022-07-29 23:05:38,78220000181,"SWOTCalVal_WM_GNSS_L2_Rec2_20220729T222100_20220730T023300"
"199","78220000180861",59.4194060486012,0.05,2022-07-29 23:07:31,78220000181,"SWOTCalVal_WM_GNSS_L2_Rec2_20220729T222100_20220730T023300"
"200","78220000180871",59.6399317546677,0.05,2022-07-29 23:09:10,78220000181,"SWOTCalVal_WM_GNSS_L2_Rec2_20220729T222100_20220730T023300"
"201","78220000180881",59.9437314120347,0.05,2022-07-29 23:21:58,78220000181,"SWOTCalVal_WM_GNSS_L2_Rec2_20220729T222100_20220730T023300"
"202","78220000180891",59.9191238238426,0.05,2022-07-29 23:21:43,78220000181,"SWOTCalVal_WM_GNSS_L2_Rec2_20220729T222100_20220730T023300"
"203","78220000180901",59.9432378816514,0.05,2022-07-29 23:23:05,78220000181,"SWOTCalVal_WM_GNSS_L2_Rec2_20220729T222100_20220730T023300"
"204","78220000180911",59.9960936895576,0.05,2022-07-29 23:22:10,78220000181,"SWOTCalVal_WM_GNSS_L2_Rec2_20220729T222100_20220730T023300"
"205","78220000180921",60.1197711764476,0.05,2022-07-29 23:19:14,78220000181,"SWOTCalVal_WM_GNSS_L2_Rec2_20220729T222100_20220730T023300"
"206","78220000180931",60.3009457956135,0.05,2022-07-29 23:20:14,78220000181,"SWOTCalVal_WM_GNSS_L2_Rec2_20220729T222100_20220730T023300"
"207","78220000180941",60.5586914194047,0.05,2022-07-29 23:27:09,78220000181,"SWOTCalVal_WM_GNSS_L2_Rec2_20220729T222100_20220730T023300"
"208","78220000180951",60.6456893548442,0.05,2022-07-29 23:19:10,78220000181,"SWOTCalVal_WM_GNSS_L2_Rec2_20220729T222100_20220730T023300"
"209","78220000190011",60.6908863300991,0.05,2022-07-29 23:25:14,78220000191,"SWOTCalVal_WM_GNSS_L2_Rec2_20220729T222100_20220730T023300"
"210","78220000170011",50.0059738283879,0.05,2022-07-31 19:44:45,78220000171,"SWOTCalVal_WM_GNSS_L2_Rec2_20220731T162900_20220731T210100"
"211","78220000170021",50.0336265708253,0.05,2022-07-31 19:53:05,78220000171,"SWOTCalVal_WM_GNSS_L2_Rec2_20220731T162900_20220731T210100"
"212","78220000170031",50.0921166311457,0.05,2022-07-31 19:51:48,78220000171,"SWOTCalVal_WM_GNSS_L2_Rec2_20220731T162900_20220731T210100"
"213","78220000170041",50.3014346411356,0.05,2022-07-31 19:47:56,78220000171,"SWOTCalVal_WM_GNSS_L2_Rec2_20220731T162900_20220731T210100"
"214","78220000170051",50.3628343220436,0.05,2022-07-31 19:43:20,78220000171,"SWOTCalVal_WM_GNSS_L2_Rec2_20220731T162900_20220731T210100"
"215","78220000170061",50.3839938137608,0.05,2022-07-31 19:47:18,78220000171,"SWOTCalVal_WM_GNSS_L2_Rec2_20220731T162900_20220731T210100"
"216","78220000170091",50.3929008532573,0.05,2022-07-31 19:58:35,78220000171,"SWOTCalVal_WM_GNSS_L2_Rec2_20220731T162900_20220731T210100"
"217","78220000170101",50.5462405512042,0.05,2022-07-31 19:55:47,78220000171,"SWOTCalVal_WM_GNSS_L2_Rec2_20220731T162900_20220731T210100"
"218","78220000170111",50.6284394171485,0.05,2022-07-31 20:07:16,78220000171,"SWOTCalVal_WM_GNSS_L2_Rec2_20220731T162900_20220731T210100"
"219","78220000170151",50.9805422628468,0.05,2022-07-31 20:12:17,78220000171,"SWOTCalVal_WM_GNSS_L2_Rec2_20220731T162900_20220731T210100"
"220","78220000170161",51.0402762769893,0.05,2022-07-31 19:23:15,78220000171,"SWOTCalVal_WM_GNSS_L2_Rec2_20220731T162900_20220731T210100"
"221","78220000170171",51.0573865103921,0.05,2022-07-31 19:41:09,78220000171,"SWOTCalVal_WM_GNSS_L2_Rec2_20220731T162900_20220731T210100"
"222","78220000170181",51.1115771320558,0.05,2022-07-31 19:50:23,78220000171,"SWOTCalVal_WM_GNSS_L2_Rec2_20220731T162900_20220731T210100"
"223","78220000170191",51.2940962133679,0.05,2022-07-31 19:55:20,78220000171,"SWOTCalVal_WM_GNSS_L2_Rec2_20220731T162900_20220731T210100"
"224","78220000170201",51.3927917387678,0.05,2022-07-31 20:02:35,78220000171,"SWOTCalVal_WM_GNSS_L2_Rec2_20220731T162900_20220731T210100"
"225","78220000170211",51.4602786529122,0.05,2022-07-31 19:48:08,78220000171,"SWOTCalVal_WM_GNSS_L2_Rec2_20220731T162900_20220731T210100"
"226","78220000170221",51.5136680393764,0.05,2022-07-31 19:49:56,78220000171,"SWOTCalVal_WM_GNSS_L2_Rec2_20220731T162900_20220731T210100"
"227","78220000170231",51.5161391103015,0.05,2022-07-31 19:48:34,78220000171,"SWOTCalVal_WM_GNSS_L2_Rec2_20220731T162900_20220731T210100"
"228","78220000170241",51.6075930779487,0.05,2022-07-31 19:51:31,78220000171,"SWOTCalVal_WM_GNSS_L2_Rec2_20220731T162900_20220731T210100"
"229","78220000170251",51.6335371282767,0.05,2022-07-31 19:47:49,78220000171,"SWOTCalVal_WM_GNSS_L2_Rec2_20220731T162900_20220731T210100"
"230","78220000170261",51.6224232013557,0.05,2022-07-31 19:40:26,78220000171,"SWOTCalVal_WM_GNSS_L2_Rec2_20220731T162900_20220731T210100"
"231","78220000170271",51.6293181824335,0.05,2022-07-31 19:05:39,78220000171,"SWOTCalVal_WM_GNSS_L2_Rec2_20220731T162900_20220731T210100"
"232","78220000170281",51.5237184515055,0.05,2022-07-31 18:36:13,78220000171,"SWOTCalVal_WM_GNSS_L2_Rec2_20220731T162900_20220731T210100"
"233","78220000170401",52.1978682292858,0.05,2022-07-31 18:05:24,78220000171,"SWOTCalVal_WM_GNSS_L2_Rec2_20220731T162900_20220731T210100"
"234","78220000170411",52.2313110589439,0.05,2022-07-31 18:05:07,78220000171,"SWOTCalVal_WM_GNSS_L2_Rec2_20220731T162900_20220731T210100"
"235","78220000170571",53.399517196334,0.05,2022-07-31 17:46:28,78220000171,"SWOTCalVal_WM_GNSS_L2_Rec2_20220731T162900_20220731T210100"
"236","78220000170011",49.9379686272655,0.05,2022-07-26 23:41:21,78220000171,"SWOTCalVal_WM_GNSS_L2_Rec3_20220726T155300_20220727T005100"
"237","78220000170021",49.9649803213939,0.05,2022-07-26 23:47:25,78220000171,"SWOTCalVal_WM_GNSS_L2_Rec3_20220726T155300_20220727T005100"
"238","78220000170031",50.0251661201916,0.05,2022-07-26 23:47:30,78220000171,"SWOTCalVal_WM_GNSS_L2_Rec3_20220726T155300_20220727T005100"
"239","78220000170041",50.2353701007932,0.05,2022-07-26 23:44:51,78220000171,"SWOTCalVal_WM_GNSS_L2_Rec3_20220726T155300_20220727T005100"
"240","78220000170051",50.2676715737001,0.05,2022-07-26 23:41:55,78220000171,"SWOTCalVal_WM_GNSS_L2_Rec3_20220726T155300_20220727T005100"
"241","78220000170061",50.2980848528674,0.05,2022-07-26 23:34:17,78220000171,"SWOTCalVal_WM_GNSS_L2_Rec3_20220726T155300_20220727T005100"
"242","78220000170091",50.2685218636011,0.05,2022-07-26 23:31:21,78220000171,"SWOTCalVal_WM_GNSS_L2_Rec3_20220726T155300_20220727T005100"
"243","78220000170101",50.4716243738435,0.05,2022-07-26 23:30:32,78220000171,"SWOTCalVal_WM_GNSS_L2_Rec3_20220726T155300_20220727T005100"
"244","78220000170111",50.606485771456,0.05,2022-07-26 23:29:41,78220000171,"SWOTCalVal_WM_GNSS_L2_Rec3_20220726T155300_20220727T005100"
"245","78220000170121",50.7881617368711,0.05,2022-07-26 23:28:48,78220000171,"SWOTCalVal_WM_GNSS_L2_Rec3_20220726T155300_20220727T005100"
"246","78220000170131",50.8786500685338,0.05,2022-07-26 23:27:47,78220000171,"SWOTCalVal_WM_GNSS_L2_Rec3_20220726T155300_20220727T005100"
"247","78220000170141",50.904464147287,0.05,2022-07-26 23:26:38,78220000171,"SWOTCalVal_WM_GNSS_L2_Rec3_20220726T155300_20220727T005100"
"248","78220000170151",50.9148558075889,0.05,2022-07-26 23:25:24,78220000171,"SWOTCalVal_WM_GNSS_L2_Rec3_20220726T155300_20220727T005100"
"249","78220000170161",50.9541152432121,0.05,2022-07-26 23:19:05,78220000171,"SWOTCalVal_WM_GNSS_L2_Rec3_20220726T155300_20220727T005100"
"250","78220000170171",50.9960727433308,0.05,2022-07-26 23:12:44,78220000171,"SWOTCalVal_WM_GNSS_L2_Rec3_20220726T155300_20220727T005100"
"251","78220000170181",51.051096161995,0.05,2022-07-26 23:11:43,78220000171,"SWOTCalVal_WM_GNSS_L2_Rec3_20220726T155300_20220727T005100"
"252","78220000170191",51.2464542749851,0.05,2022-07-26 23:10:45,78220000171,"SWOTCalVal_WM_GNSS_L2_Rec3_20220726T155300_20220727T005100"
"253","78220000170201",51.3942103836239,0.05,2022-07-26 23:10:00,78220000171,"SWOTCalVal_WM_GNSS_L2_Rec3_20220726T155300_20220727T005100"
"254","78220000170211",51.4543914422346,0.05,2022-07-26 23:08:56,78220000171,"SWOTCalVal_WM_GNSS_L2_Rec3_20220726T155300_20220727T005100"
"255","78220000170221",51.4796007777748,0.05,2022-07-26 23:07:54,78220000171,"SWOTCalVal_WM_GNSS_L2_Rec3_20220726T155300_20220727T005100"
"256","78220000170231",51.4953941551954,0.05,2022-07-26 23:06:48,78220000171,"SWOTCalVal_WM_GNSS_L2_Rec3_20220726T155300_20220727T005100"
"257","78220000170241",51.5739861447492,0.05,2022-07-26 23:05:49,78220000171,"SWOTCalVal_WM_GNSS_L2_Rec3_20220726T155300_20220727T005100"
"258","78220000170251",51.5898019776896,0.05,2022-07-26 23:04:23,78220000171,"SWOTCalVal_WM_GNSS_L2_Rec3_20220726T155300_20220727T005100"
"259","78220000170261",51.56552989325,0.05,2022-07-26 23:02:52,78220000171,"SWOTCalVal_WM_GNSS_L2_Rec3_20220726T155300_20220727T005100"
"260","78220000170271",51.5980650889083,0.05,2022-07-26 22:37:31,78220000171,"SWOTCalVal_WM_GNSS_L2_Rec3_20220726T155300_20220727T005100"
"261","78220000170281",51.6137018131478,0.05,2022-07-26 22:21:41,78220000171,"SWOTCalVal_WM_GNSS_L2_Rec3_20220726T155300_20220727T005100"
"262","78220000170291",51.6482688511394,0.05,2022-07-26 22:07:40,78220000171,"SWOTCalVal_WM_GNSS_L2_Rec3_20220726T155300_20220727T005100"
"263","78220000170301",51.7032702462438,0.05,2022-07-26 22:06:29,78220000171,"SWOTCalVal_WM_GNSS_L2_Rec3_20220726T155300_20220727T005100"
"264","78220000170311",51.7043392754172,0.05,2022-07-26 22:05:26,78220000171,"SWOTCalVal_WM_GNSS_L2_Rec3_20220726T155300_20220727T005100"
"265","78220000170361",51.9599958058613,0.05,2022-07-26 21:59:52,78220000171,"SWOTCalVal_WM_GNSS_L2_Rec3_20220726T155300_20220727T005100"
"266","78220000170371",52.0455627904994,0.05,2022-07-26 21:58:49,78220000171,"SWOTCalVal_WM_GNSS_L2_Rec3_20220726T155300_20220727T005100"
"267","78220000170381",52.1376924857878,0.05,2022-07-26 21:57:56,78220000171,"SWOTCalVal_WM_GNSS_L2_Rec3_20220726T155300_20220727T005100"
"268","78220000170391",52.1618462570491,0.05,2022-07-26 21:56:21,78220000171,"SWOTCalVal_WM_GNSS_L2_Rec3_20220726T155300_20220727T005100"
"269","78220000170401",52.2239301261727,0.05,2022-07-26 21:47:27,78220000171,"SWOTCalVal_WM_GNSS_L2_Rec3_20220726T155300_20220727T005100"
"270","78220000170411",52.3073025551304,0.05,2022-07-26 21:42:59,78220000171,"SWOTCalVal_WM_GNSS_L2_Rec3_20220726T155300_20220727T005100"
"271","78220000170421",52.5813069686663,0.05,2022-07-26 21:42:01,78220000171,"SWOTCalVal_WM_GNSS_L2_Rec3_20220726T155300_20220727T005100"
"272","78220000170431",52.7362550195786,0.05,2022-07-26 21:40:46,78220000171,"SWOTCalVal_WM_GNSS_L2_Rec3_20220726T155300_20220727T005100"
"273","78220000170441",52.8072582285531,0.05,2022-07-26 21:39:41,78220000171,"SWOTCalVal_WM_GNSS_L2_Rec3_20220726T155300_20220727T005100"
"274","78220000170451",52.8645915991574,0.05,2022-07-26 21:38:39,78220000171,"SWOTCalVal_WM_GNSS_L2_Rec3_20220726T155300_20220727T005100"
"275","78220000170461",52.8997865815654,0.05,2022-07-26 21:37:47,78220000171,"SWOTCalVal_WM_GNSS_L2_Rec3_20220726T155300_20220727T005100"
"276","78220000170471",52.9480838663783,0.05,2022-07-26 21:36:55,78220000171,"SWOTCalVal_WM_GNSS_L2_Rec3_20220726T155300_20220727T005100"
"277","78220000170481",53.1215067179578,0.05,2022-07-26 21:35:50,78220000171,"SWOTCalVal_WM_GNSS_L2_Rec3_20220726T155300_20220727T005100"
"278","78220000170491",53.3080385284518,0.05,2022-07-26 21:34:45,78220000171,"SWOTCalVal_WM_GNSS_L2_Rec3_20220726T155300_20220727T005100"
"279","78220000170501",53.3433411955685,0.05,2022-07-26 21:33:21,78220000171,"SWOTCalVal_WM_GNSS_L2_Rec3_20220726T155300_20220727T005100"
"280","78220000170511",53.3361651426039,0.05,2022-07-26 21:31:40,78220000171,"SWOTCalVal_WM_GNSS_L2_Rec3_20220726T155300_20220727T005100"
"281","78220000170521",53.3371141497908,0.05,2022-07-26 21:29:58,78220000171,"SWOTCalVal_WM_GNSS_L2_Rec3_20220726T155300_20220727T005100"
"282","78220000170531",53.4191425935242,0.05,2022-07-26 21:28:40,78220000171,"SWOTCalVal_WM_GNSS_L2_Rec3_20220726T155300_20220727T005100"
"283","78220000170541",53.4305044055715,0.05,2022-07-26 21:27:31,78220000171,"SWOTCalVal_WM_GNSS_L2_Rec3_20220726T155300_20220727T005100"
"284","78220000170561",53.4773624210435,0.05,2022-07-26 21:25:49,78220000171,"SWOTCalVal_WM_GNSS_L2_Rec3_20220726T155300_20220727T005100"
"285","78220000170571",53.4250917048106,0.05,2022-07-26 21:11:19,78220000171,"SWOTCalVal_WM_GNSS_L2_Rec3_20220726T155300_20220727T005100"
"286","78220000180011",53.4634530526537,0.05,2022-07-26 21:03:32,78220000181,"SWOTCalVal_WM_GNSS_L2_Rec3_20220726T155300_20220727T005100"
"287","78220000180021",53.4803835024609,0.05,2022-07-26 21:02:17,78220000181,"SWOTCalVal_WM_GNSS_L2_Rec3_20220726T155300_20220727T005100"
"288","78220000180031",53.5635552398474,0.05,2022-07-26 21:01:18,78220000181,"SWOTCalVal_WM_GNSS_L2_Rec3_20220726T155300_20220727T005100"
"289","78220000180081",54.4223508747467,0.05,2022-07-26 20:52:38,78220000181,"SWOTCalVal_WM_GNSS_L2_Rec3_20220726T155300_20220727T005100"
"290","78220000180091",54.3949378820728,0.05,2022-07-26 20:49:20,78220000181,"SWOTCalVal_WM_GNSS_L2_Rec3_20220726T155300_20220727T005100"
"291","78220000180101",54.4355931342284,0.05,2022-07-26 20:48:01,78220000181,"SWOTCalVal_WM_GNSS_L2_Rec3_20220726T155300_20220727T005100"
"292","78220000180111",54.4426682626166,0.05,2022-07-26 20:47:22,78220000181,"SWOTCalVal_WM_GNSS_L2_Rec3_20220726T155300_20220727T005100"
"293","78220000180121",54.4824570225447,0.05,2022-07-26 20:45:43,78220000181,"SWOTCalVal_WM_GNSS_L2_Rec3_20220726T155300_20220727T005100"
"294","78220000180131",54.4887209874443,0.05,2022-07-26 20:44:10,78220000181,"SWOTCalVal_WM_GNSS_L2_Rec3_20220726T155300_20220727T005100"
"295","78220000180141",54.5134126958311,0.05,2022-07-26 20:42:29,78220000181,"SWOTCalVal_WM_GNSS_L2_Rec3_20220726T155300_20220727T005100"
"296","78220000180161",54.5183711328437,0.05,2022-07-26 20:39:45,78220000181,"SWOTCalVal_WM_GNSS_L2_Rec3_20220726T155300_20220727T005100"
"297","78220000180171",54.5553956079448,0.05,2022-07-26 20:38:40,78220000181,"SWOTCalVal_WM_GNSS_L2_Rec3_20220726T155300_20220727T005100"
"298","78220000180191",54.6659658540581,0.05,2022-07-26 20:32:38,78220000181,"SWOTCalVal_WM_GNSS_L2_Rec3_20220726T155300_20220727T005100"
"299","78220000180201",54.7028722582503,0.05,2022-07-26 20:21:14,78220000181,"SWOTCalVal_WM_GNSS_L2_Rec3_20220726T155300_20220727T005100"
"300","78220000180211",54.7254021800349,0.05,2022-07-26 20:20:33,78220000181,"SWOTCalVal_WM_GNSS_L2_Rec3_20220726T155300_20220727T005100"
"301","78220000180221",54.7799486589041,0.05,2022-07-26 20:19:31,78220000181,"SWOTCalVal_WM_GNSS_L2_Rec3_20220726T155300_20220727T005100"
"302","78220000180231",54.9052651349126,0.05,2022-07-26 20:18:31,78220000181,"SWOTCalVal_WM_GNSS_L2_Rec3_20220726T155300_20220727T005100"
"303","78220000180241",54.9877295536757,0.05,2022-07-26 20:17:32,78220000181,"SWOTCalVal_WM_GNSS_L2_Rec3_20220726T155300_20220727T005100"
"304","78220000180251",55.1508323892181,0.05,2022-07-26 20:16:37,78220000181,"SWOTCalVal_WM_GNSS_L2_Rec3_20220726T155300_20220727T005100"
"305","78220000180261",55.2930587404171,0.05,2022-07-26 20:15:13,78220000181,"SWOTCalVal_WM_GNSS_L2_Rec3_20220726T155300_20220727T005100"
"306","78220000180271",55.3054863707063,0.05,2022-07-26 20:13:41,78220000181,"SWOTCalVal_WM_GNSS_L2_Rec3_20220726T155300_20220727T005100"
"307","78220000180281",55.3485573577045,0.05,2022-07-26 20:12:44,78220000181,"SWOTCalVal_WM_GNSS_L2_Rec3_20220726T155300_20220727T005100"
"308","78220000180291",55.4092985689988,0.05,2022-07-26 20:11:47,78220000181,"SWOTCalVal_WM_GNSS_L2_Rec3_20220726T155300_20220727T005100"
"309","78220000180311",55.599602136191,0.05,2022-07-26 20:08:31,78220000181,"SWOTCalVal_WM_GNSS_L2_Rec3_20220726T155300_20220727T005100"
"310","78220000180321",55.6248778261478,0.05,2022-07-26 20:07:29,78220000181,"SWOTCalVal_WM_GNSS_L2_Rec3_20220726T155300_20220727T005100"
"311","78220000180331",55.6834527664257,0.05,2022-07-26 20:06:23,78220000181,"SWOTCalVal_WM_GNSS_L2_Rec3_20220726T155300_20220727T005100"
"312","78220000180341",55.7556803860354,0.05,2022-07-26 20:02:32,78220000181,"SWOTCalVal_WM_GNSS_L2_Rec3_20220726T155300_20220727T005100"
"313","78220000180351",55.7576192286747,0.05,2022-07-26 19:56:57,78220000181,"SWOTCalVal_WM_GNSS_L2_Rec3_20220726T155300_20220727T005100"
"314","78220000180361",55.8158575733334,0.05,2022-07-26 19:51:31,78220000181,"SWOTCalVal_WM_GNSS_L2_Rec3_20220726T155300_20220727T005100"
"315","78220000180371",55.8910859163746,0.05,2022-07-26 19:50:30,78220000181,"SWOTCalVal_WM_GNSS_L2_Rec3_20220726T155300_20220727T005100"
"316","78220000180381",55.9202838781225,0.05,2022-07-26 19:49:24,78220000181,"SWOTCalVal_WM_GNSS_L2_Rec3_20220726T155300_20220727T005100"
"317","78220000180391",55.9465794383081,0.05,2022-07-26 19:48:16,78220000181,"SWOTCalVal_WM_GNSS_L2_Rec3_20220726T155300_20220727T005100"
"318","78220000180401",55.9590046627374,0.05,2022-07-26 19:47:37,78220000181,"SWOTCalVal_WM_GNSS_L2_Rec3_20220726T155300_20220727T005100"
"319","78220000180421",56.1129075543922,0.05,2022-07-26 19:45:08,78220000181,"SWOTCalVal_WM_GNSS_L2_Rec3_20220726T155300_20220727T005100"
"320","78220000180431",56.3744711314624,0.05,2022-07-26 19:44:17,78220000181,"SWOTCalVal_WM_GNSS_L2_Rec3_20220726T155300_20220727T005100"
"321","78220000180441",56.6480667548883,0.05,2022-07-26 19:43:23,78220000181,"SWOTCalVal_WM_GNSS_L2_Rec3_20220726T155300_20220727T005100"
"322","78220000180451",56.7015639719027,0.05,2022-07-26 19:42:22,78220000181,"SWOTCalVal_WM_GNSS_L2_Rec3_20220726T155300_20220727T005100"
"323","78220000180461",56.8003433753754,0.05,2022-07-26 19:41:17,78220000181,"SWOTCalVal_WM_GNSS_L2_Rec3_20220726T155300_20220727T005100"
"324","78220000180471",56.9052651443991,0.05,2022-07-26 19:40:18,78220000181,"SWOTCalVal_WM_GNSS_L2_Rec3_20220726T155300_20220727T005100"
"325","78220000180481",57.0615489371496,0.05,2022-07-26 19:39:17,78220000181,"SWOTCalVal_WM_GNSS_L2_Rec3_20220726T155300_20220727T005100"
"326","78220000180491",57.1236267360725,0.05,2022-07-26 19:38:13,78220000181,"SWOTCalVal_WM_GNSS_L2_Rec3_20220726T155300_20220727T005100"
"327","78220000180501",57.1795359036009,0.05,2022-07-26 19:37:10,78220000181,"SWOTCalVal_WM_GNSS_L2_Rec3_20220726T155300_20220727T005100"
"328","78220000180511",57.2836249214551,0.05,2022-07-26 19:30:37,78220000181,"SWOTCalVal_WM_GNSS_L2_Rec3_20220726T155300_20220727T005100"
"329","78220000180521",57.3875497357183,0.05,2022-07-26 19:24:20,78220000181,"SWOTCalVal_WM_GNSS_L2_Rec3_20220726T155300_20220727T005100"
"330","78220000180531",57.4554667375764,0.05,2022-07-26 19:23:17,78220000181,"SWOTCalVal_WM_GNSS_L2_Rec3_20220726T155300_20220727T005100"
"331","78220000180541",57.5720573142802,0.05,2022-07-26 19:22:18,78220000181,"SWOTCalVal_WM_GNSS_L2_Rec3_20220726T155300_20220727T005100"
"332","78220000180551",57.7563504267869,0.05,2022-07-26 19:21:09,78220000181,"SWOTCalVal_WM_GNSS_L2_Rec3_20220726T155300_20220727T005100"
"333","78220000180561",57.8612958323142,0.05,2022-07-26 19:20:01,78220000181,"SWOTCalVal_WM_GNSS_L2_Rec3_20220726T155300_20220727T005100"
"334","78220000180571",57.8994110852606,0.05,2022-07-26 19:18:40,78220000181,"SWOTCalVal_WM_GNSS_L2_Rec3_20220726T155300_20220727T005100"
"335","78220000180581",57.9241638524269,0.05,2022-07-26 19:17:29,78220000181,"SWOTCalVal_WM_GNSS_L2_Rec3_20220726T155300_20220727T005100"
"336","78220000180591",57.9447887198373,0.05,2022-07-26 19:16:20,78220000181,"SWOTCalVal_WM_GNSS_L2_Rec3_20220726T155300_20220727T005100"
"337","78220000180601",57.9735629141863,0.05,2022-07-26 19:15:20,78220000181,"SWOTCalVal_WM_GNSS_L2_Rec3_20220726T155300_20220727T005100"
"338","78220000180611",58.0653760548171,0.05,2022-07-26 19:14:17,78220000181,"SWOTCalVal_WM_GNSS_L2_Rec3_20220726T155300_20220727T005100"
"339","78220000180621",58.1326553669577,0.05,2022-07-26 19:13:15,78220000181,"SWOTCalVal_WM_GNSS_L2_Rec3_20220726T155300_20220727T005100"
"340","78220000180631",58.1691876589127,0.05,2022-07-26 19:12:07,78220000181,"SWOTCalVal_WM_GNSS_L2_Rec3_20220726T155300_20220727T005100"
"341","78220000180641",58.2154201919744,0.05,2022-07-26 19:10:59,78220000181,"SWOTCalVal_WM_GNSS_L2_Rec3_20220726T155300_20220727T005100"
"342","78220000180651",58.2464593894256,0.05,2022-07-26 19:09:30,78220000181,"SWOTCalVal_WM_GNSS_L2_Rec3_20220726T155300_20220727T005100"
"343","78220000180661",58.2699465982057,0.05,2022-07-26 19:02:10,78220000181,"SWOTCalVal_WM_GNSS_L2_Rec3_20220726T155300_20220727T005100"
"344","78220000180671",58.288194794978,0.05,2022-07-26 18:55:16,78220000181,"SWOTCalVal_WM_GNSS_L2_Rec3_20220726T155300_20220727T005100"
"345","78220000180681",58.2981023227316,0.05,2022-07-26 18:53:23,78220000181,"SWOTCalVal_WM_GNSS_L2_Rec3_20220726T155300_20220727T005100"
"346","78220000180691",58.3024120523281,0.05,2022-07-26 18:52:14,78220000181,"SWOTCalVal_WM_GNSS_L2_Rec3_20220726T155300_20220727T005100"
"347","78220000180701",58.3090360060462,0.05,2022-07-26 18:51:08,78220000181,"SWOTCalVal_WM_GNSS_L2_Rec3_20220726T155300_20220727T005100"
"348","78220000180711",58.360030753165,0.05,2022-07-26 18:50:08,78220000181,"SWOTCalVal_WM_GNSS_L2_Rec3_20220726T155300_20220727T005100"
"349","78220000180731",58.4389536569633,0.05,2022-07-26 18:47:41,78220000181,"SWOTCalVal_WM_GNSS_L2_Rec3_20220726T155300_20220727T005100"
"350","78220000180741",58.5277024262197,0.05,2022-07-26 18:46:43,78220000181,"SWOTCalVal_WM_GNSS_L2_Rec3_20220726T155300_20220727T005100"
"351","78220000180751",58.5839020963166,0.05,2022-07-26 18:38:52,78220000181,"SWOTCalVal_WM_GNSS_L2_Rec3_20220726T155300_20220727T005100"
"352","78220000180811",58.8456284024191,0.05,2022-07-26 18:08:41,78220000181,"SWOTCalVal_WM_GNSS_L2_Rec3_20220726T155300_20220727T005100"
"353","78220000180851",59.3911294159097,0.05,2022-07-26 18:02:31,78220000181,"SWOTCalVal_WM_GNSS_L2_Rec3_20220726T155300_20220727T005100"
"354","78220000180861",59.502678848433,0.05,2022-07-26 17:59:55,78220000181,"SWOTCalVal_WM_GNSS_L2_Rec3_20220726T155300_20220727T005100"
"355","78220000180871",59.6570004441863,0.05,2022-07-26 17:59:08,78220000181,"SWOTCalVal_WM_GNSS_L2_Rec3_20220726T155300_20220727T005100"
"356","78220000180881",59.8409904394861,0.05,2022-07-26 17:57:58,78220000181,"SWOTCalVal_WM_GNSS_L2_Rec3_20220726T155300_20220727T005100"
"357","78220000180891",59.8703417773174,0.05,2022-07-26 17:56:55,78220000181,"SWOTCalVal_WM_GNSS_L2_Rec3_20220726T155300_20220727T005100"
"358","78220000180901",59.953693460043,0.05,2022-07-26 17:55:47,78220000181,"SWOTCalVal_WM_GNSS_L2_Rec3_20220726T155300_20220727T005100"
"359","78220000180911",59.999651673958,0.05,2022-07-26 17:54:37,78220000181,"SWOTCalVal_WM_GNSS_L2_Rec3_20220726T155300_20220727T005100"
"360","78220000180921",60.0042004126076,0.05,2022-07-26 17:53:56,78220000181,"SWOTCalVal_WM_GNSS_L2_Rec3_20220726T155300_20220727T005100"
"361","78220000180931",60.3238085906775,0.05,2022-07-26 17:52:59,78220000181,"SWOTCalVal_WM_GNSS_L2_Rec3_20220726T155300_20220727T005100"
"362","78220000180941",60.5865405042962,0.05,2022-07-26 17:51:59,78220000181,"SWOTCalVal_WM_GNSS_L2_Rec3_20220726T155300_20220727T005100"
"363","78220000190011",60.6791444560699,0.05,2022-07-26 17:43:57,78220000191,"SWOTCalVal_WM_GNSS_L2_Rec3_20220726T155300_20220727T005100"
