"","time_UTC","node_id","drift_id","mean_node_pt_wse_m","mean_node_pt_wse_precision_m"
"1",2022-07-26 21:57:29,"78220000170381","SWOTCalVal_WM_GNSS_L2_Rec2_20220726T155300_20220727T002400",52.1054696910522,0.05
"2",2022-07-26 21:55:16,"78220000170391","SWOTCalVal_WM_GNSS_L2_Rec2_20220726T155300_20220727T002400",52.1352495978534,0.05
"3",2022-07-26 21:53:16,"78220000170401","SWOTCalVal_WM_GNSS_L2_Rec2_20220726T155300_20220727T002400",52.2011233074149,0.05
"4",2022-07-26 21:51:24,"78220000170411","SWOTCalVal_WM_GNSS_L2_Rec2_20220726T155300_20220727T002400",52.2552311970905,0.05
"5",2022-07-26 21:49:36,"78220000170421","SWOTCalVal_WM_GNSS_L2_Rec2_20220726T155300_20220727T002400",52.5341238448768,0.05
"6",2022-07-26 21:47:43,"78220000170431","SWOTCalVal_WM_GNSS_L2_Rec2_20220726T155300_20220727T002400",52.6861363840507,0.05
"7",2022-07-26 21:45:33,"78220000170441","SWOTCalVal_WM_GNSS_L2_Rec2_20220726T155300_20220727T002400",52.7557770324696,0.05
"8",2022-07-26 21:43:22,"78220000170451","SWOTCalVal_WM_GNSS_L2_Rec2_20220726T155300_20220727T002400",52.8015159891156,0.05
"9",2022-07-26 21:41:30,"78220000170461","SWOTCalVal_WM_GNSS_L2_Rec2_20220726T155300_20220727T002400",52.837255320891,0.05
"10",2022-07-26 21:40:00,"78220000170471","SWOTCalVal_WM_GNSS_L2_Rec2_20220726T155300_20220727T002400",52.867143968816,0.05
"11",2022-07-26 21:38:20,"78220000170481","SWOTCalVal_WM_GNSS_L2_Rec2_20220726T155300_20220727T002400",53.0661799486042,0.05
"12",2022-07-26 21:36:22,"78220000170491","SWOTCalVal_WM_GNSS_L2_Rec2_20220726T155300_20220727T002400",53.2447009638877,0.05
"13",2022-07-26 21:33:59,"78220000170501","SWOTCalVal_WM_GNSS_L2_Rec2_20220726T155300_20220727T002400",53.2778163855092,0.05
"14",2022-07-26 21:31:25,"78220000170511","SWOTCalVal_WM_GNSS_L2_Rec2_20220726T155300_20220727T002400",53.3035218324851,0.05
"15",2022-07-26 21:30:06,"78220000170521","SWOTCalVal_WM_GNSS_L2_Rec2_20220726T155300_20220727T002400",53.3173864987678,0.05
"16",2022-07-26 21:22:28,"78220000170541","SWOTCalVal_WM_GNSS_L2_Rec2_20220726T155300_20220727T002400",53.4215810706962,0.05
"17",2022-07-26 21:20:21,"78220000170551","SWOTCalVal_WM_GNSS_L2_Rec2_20220726T155300_20220727T002400",53.4313931000695,0.05
"18",2022-07-26 21:16:30,"78220000170561","SWOTCalVal_WM_GNSS_L2_Rec2_20220726T155300_20220727T002400",53.4699066746852,0.05
"19",2022-07-26 21:11:29,"78220000170571","SWOTCalVal_WM_GNSS_L2_Rec2_20220726T155300_20220727T002400",53.4541153301212,0.05
"20",2022-07-26 21:07:30,"78220000180011","SWOTCalVal_WM_GNSS_L2_Rec2_20220726T155300_20220727T002400",53.465548625762,0.05
"21",2022-07-26 21:05:16,"78220000180021","SWOTCalVal_WM_GNSS_L2_Rec2_20220726T155300_20220727T002400",53.4989537779299,0.05
"22",2022-07-26 21:03:17,"78220000180031","SWOTCalVal_WM_GNSS_L2_Rec2_20220726T155300_20220727T002400",53.5735213994658,0.05
"23",2022-07-26 20:59:26,"78220000180051","SWOTCalVal_WM_GNSS_L2_Rec2_20220726T155300_20220727T002400",54.0216716363055,0.05
"24",2022-07-26 20:58:06,"78220000180061","SWOTCalVal_WM_GNSS_L2_Rec2_20220726T155300_20220727T002400",54.2550215359182,0.05
"25",2022-07-26 20:56:02,"78220000180071","SWOTCalVal_WM_GNSS_L2_Rec2_20220726T155300_20220727T002400",54.3649226665736,0.05
"26",2022-07-26 20:53:18,"78220000180081","SWOTCalVal_WM_GNSS_L2_Rec2_20220726T155300_20220727T002400",54.4151123007089,0.05
"27",2022-07-26 20:50:05,"78220000180091","SWOTCalVal_WM_GNSS_L2_Rec2_20220726T155300_20220727T002400",54.430806518912,0.05
"28",2022-07-26 20:47:08,"78220000180101","SWOTCalVal_WM_GNSS_L2_Rec2_20220726T155300_20220727T002400",54.4117317785516,0.05
"29",2022-07-26 20:45:16,"78220000180111","SWOTCalVal_WM_GNSS_L2_Rec2_20220726T155300_20220727T002400",54.4343150336328,0.05
"30",2022-07-26 20:42:41,"78220000180121","SWOTCalVal_WM_GNSS_L2_Rec2_20220726T155300_20220727T002400",54.4789127978962,0.05
"31",2022-07-26 20:40:38,"78220000180131","SWOTCalVal_WM_GNSS_L2_Rec2_20220726T155300_20220727T002400",54.4957784370007,0.05
"32",2022-07-26 20:37:47,"78220000180141","SWOTCalVal_WM_GNSS_L2_Rec2_20220726T155300_20220727T002400",54.5272871668517,0.05
"33",2022-07-26 20:35:15,"78220000180151","SWOTCalVal_WM_GNSS_L2_Rec2_20220726T155300_20220727T002400",54.5212660649273,0.05
"34",2022-07-26 20:33:13,"78220000180161","SWOTCalVal_WM_GNSS_L2_Rec2_20220726T155300_20220727T002400",54.5278576627928,0.05
"35",2022-07-26 20:29:29,"78220000180171","SWOTCalVal_WM_GNSS_L2_Rec2_20220726T155300_20220727T002400",54.5661086721462,0.05
"36",2022-07-26 20:26:45,"78220000180181","SWOTCalVal_WM_GNSS_L2_Rec2_20220726T155300_20220727T002400",54.5849409143842,0.05
"37",2022-07-26 20:23:52,"78220000180191","SWOTCalVal_WM_GNSS_L2_Rec2_20220726T155300_20220727T002400",54.6781029971546,0.05
"38",2022-07-26 20:21:06,"78220000180201","SWOTCalVal_WM_GNSS_L2_Rec2_20220726T155300_20220727T002400",54.6987538657075,0.05
"39",2022-07-26 20:18:54,"78220000180211","SWOTCalVal_WM_GNSS_L2_Rec2_20220726T155300_20220727T002400",54.7338529760514,0.05
"40",2022-07-26 20:17:07,"78220000180221","SWOTCalVal_WM_GNSS_L2_Rec2_20220726T155300_20220727T002400",54.762898579464,0.05
"41",2022-07-26 20:16:35,"78220000180231","SWOTCalVal_WM_GNSS_L2_Rec2_20220726T155300_20220727T002400",54.8271020311999,0.05
"42",2022-07-26 20:14:06,"78220000180241","SWOTCalVal_WM_GNSS_L2_Rec2_20220726T155300_20220727T002400",54.9630592426655,0.05
"43",2022-07-26 20:12:20,"78220000180251","SWOTCalVal_WM_GNSS_L2_Rec2_20220726T155300_20220727T002400",55.1428022788276,0.05
"44",2022-07-26 20:10:18,"78220000180261","SWOTCalVal_WM_GNSS_L2_Rec2_20220726T155300_20220727T002400",55.2730102462418,0.05
"45",2022-07-26 20:07:44,"78220000180271","SWOTCalVal_WM_GNSS_L2_Rec2_20220726T155300_20220727T002400",55.2723601790889,0.05
"46",2022-07-26 20:05:53,"78220000180281","SWOTCalVal_WM_GNSS_L2_Rec2_20220726T155300_20220727T002400",55.3549712437893,0.05
"47",2022-07-26 20:03:50,"78220000180291","SWOTCalVal_WM_GNSS_L2_Rec2_20220726T155300_20220727T002400",55.3888882750842,0.05
"48",2022-07-26 20:02:11,"78220000180301","SWOTCalVal_WM_GNSS_L2_Rec2_20220726T155300_20220727T002400",55.4650894794691,0.05
"49",2022-07-26 20:00:32,"78220000180311","SWOTCalVal_WM_GNSS_L2_Rec2_20220726T155300_20220727T002400",55.5680641326955,0.05
"50",2022-07-26 19:59:28,"78220000180321","SWOTCalVal_WM_GNSS_L2_Rec2_20220726T155300_20220727T002400",55.5970964590432,0.05
"51",2022-07-26 19:53:36,"78220000180341","SWOTCalVal_WM_GNSS_L2_Rec2_20220726T155300_20220727T002400",55.7418191299061,0.05
"52",2022-07-26 19:51:57,"78220000180351","SWOTCalVal_WM_GNSS_L2_Rec2_20220726T155300_20220727T002400",55.7350255605814,0.05
"53",2022-07-26 19:50:20,"78220000180361","SWOTCalVal_WM_GNSS_L2_Rec2_20220726T155300_20220727T002400",55.7778612044605,0.05
"54",2022-07-26 19:48:36,"78220000180371","SWOTCalVal_WM_GNSS_L2_Rec2_20220726T155300_20220727T002400",55.8745777954638,0.05
"55",2022-07-26 19:46:41,"78220000180381","SWOTCalVal_WM_GNSS_L2_Rec2_20220726T155300_20220727T002400",55.9029107833229,0.05
"56",2022-07-26 19:44:59,"78220000180391","SWOTCalVal_WM_GNSS_L2_Rec2_20220726T155300_20220727T002400",55.9331316913498,0.05
"57",2022-07-26 19:43:17,"78220000180401","SWOTCalVal_WM_GNSS_L2_Rec2_20220726T155300_20220727T002400",55.9720896619599,0.05
"58",2022-07-26 19:42:04,"78220000180411","SWOTCalVal_WM_GNSS_L2_Rec2_20220726T155300_20220727T002400",56.0295760790201,0.05
"59",2022-07-26 19:36:22,"78220000180441","SWOTCalVal_WM_GNSS_L2_Rec2_20220726T155300_20220727T002400",56.6334796386871,0.05
"60",2022-07-26 19:34:53,"78220000180451","SWOTCalVal_WM_GNSS_L2_Rec2_20220726T155300_20220727T002400",56.6889892122535,0.05
"61",2022-07-26 19:33:13,"78220000180461","SWOTCalVal_WM_GNSS_L2_Rec2_20220726T155300_20220727T002400",56.7845091219673,0.05
"62",2022-07-26 19:31:41,"78220000180471","SWOTCalVal_WM_GNSS_L2_Rec2_20220726T155300_20220727T002400",56.8984152800957,0.05
"63",2022-07-26 19:29:54,"78220000180481","SWOTCalVal_WM_GNSS_L2_Rec2_20220726T155300_20220727T002400",57.0457511766408,0.05
"64",2022-07-26 19:27:48,"78220000180491","SWOTCalVal_WM_GNSS_L2_Rec2_20220726T155300_20220727T002400",57.0945593336484,0.05
"65",2022-07-26 19:25:31,"78220000180501","SWOTCalVal_WM_GNSS_L2_Rec2_20220726T155300_20220727T002400",57.1527006428971,0.05
"66",2022-07-26 18:57:25,"78220000180511","SWOTCalVal_WM_GNSS_L2_Rec2_20220726T155300_20220727T002400",57.2604736497887,0.05
"67",2022-07-26 18:44:22,"78220000180521","SWOTCalVal_WM_GNSS_L2_Rec2_20220726T155300_20220727T002400",57.3471641489468,0.05
"68",2022-07-26 18:42:43,"78220000180531","SWOTCalVal_WM_GNSS_L2_Rec2_20220726T155300_20220727T002400",57.3999226099694,0.05
"69",2022-07-26 18:40:56,"78220000180541","SWOTCalVal_WM_GNSS_L2_Rec2_20220726T155300_20220727T002400",57.532614309021,0.05
"70",2022-07-26 18:38:59,"78220000180551","SWOTCalVal_WM_GNSS_L2_Rec2_20220726T155300_20220727T002400",57.6804910173772,0.05
"71",2022-07-26 18:36:47,"78220000180561","SWOTCalVal_WM_GNSS_L2_Rec2_20220726T155300_20220727T002400",57.7989957080726,0.05
"72",2022-07-26 18:01:35,"78220000180661","SWOTCalVal_WM_GNSS_L2_Rec2_20220726T155300_20220727T002400",58.2327266232198,0.05
"73",2022-07-26 17:59:16,"78220000180671","SWOTCalVal_WM_GNSS_L2_Rec2_20220726T155300_20220727T002400",58.2215471243778,0.05
"74",2022-07-26 17:56:48,"78220000180681","SWOTCalVal_WM_GNSS_L2_Rec2_20220726T155300_20220727T002400",58.2137808526961,0.05
"75",2022-07-26 17:54:24,"78220000180691","SWOTCalVal_WM_GNSS_L2_Rec2_20220726T155300_20220727T002400",58.2304449894459,0.05
"76",2022-07-26 17:52:42,"78220000180701","SWOTCalVal_WM_GNSS_L2_Rec2_20220726T155300_20220727T002400",58.2537346453211,0.05
"77",2022-07-26 17:49:46,"78220000180711","SWOTCalVal_WM_GNSS_L2_Rec2_20220726T155300_20220727T002400",58.2864752713949,0.05
"78",2022-07-26 17:47:48,"78220000180721","SWOTCalVal_WM_GNSS_L2_Rec2_20220726T155300_20220727T002400",58.3040756232562,0.05
"79",2022-07-26 17:45:47,"78220000180731","SWOTCalVal_WM_GNSS_L2_Rec2_20220726T155300_20220727T002400",58.3721462855636,0.05
"80",2022-07-26 17:43:22,"78220000180741","SWOTCalVal_WM_GNSS_L2_Rec2_20220726T155300_20220727T002400",58.4816934694023,0.05
"81",2022-07-26 17:41:45,"78220000180751","SWOTCalVal_WM_GNSS_L2_Rec2_20220726T155300_20220727T002400",58.5202375882815,0.05
"82",2022-07-26 17:36:20,"78220000180761","SWOTCalVal_WM_GNSS_L2_Rec2_20220726T155300_20220727T002400",58.6616739222005,0.05
"83",2022-07-26 17:34:22,"78220000180771","SWOTCalVal_WM_GNSS_L2_Rec2_20220726T155300_20220727T002400",58.6762414085169,0.05
"84",2022-07-26 17:30:56,"78220000180781","SWOTCalVal_WM_GNSS_L2_Rec2_20220726T155300_20220727T002400",58.6983758274207,0.05
"85",2022-07-26 17:28:31,"78220000180791","SWOTCalVal_WM_GNSS_L2_Rec2_20220726T155300_20220727T002400",58.721846815499,0.05
"86",2022-07-26 17:23:00,"78220000180811","SWOTCalVal_WM_GNSS_L2_Rec2_20220726T155300_20220727T002400",58.9087933588765,0.05
"87",2022-07-26 17:23:00,"78220000180821","SWOTCalVal_WM_GNSS_L2_Rec2_20220726T155300_20220727T002400",58.9087933588765,0.05
"88",2022-07-26 17:17:58,"78220000180841","SWOTCalVal_WM_GNSS_L2_Rec2_20220726T155300_20220727T002400",59.369816513219,0.05
"89",2022-07-26 17:15:46,"78220000180851","SWOTCalVal_WM_GNSS_L2_Rec2_20220726T155300_20220727T002400",59.3651324538353,0.05
"90",2022-07-26 20:04:55,"78220000230031","SWOTCalVal_WM_GNSS_L2_Rec2_20220726T155300_20220727T002400",55.3685932777665,0.05
"91",2022-07-26 20:03:03,"78220000230041","SWOTCalVal_WM_GNSS_L2_Rec2_20220726T155300_20220727T002400",55.4143660546828,0.05
"92",2022-07-26 20:01:20,"78220000230051","SWOTCalVal_WM_GNSS_L2_Rec2_20220726T155300_20220727T002400",55.5235076638757,0.05
"93",2022-07-27 23:32:11,"78220000170271","SWOTCalVal_WM_GNSS_L2_Rec2_20220727T153200_20220728T004800",51.6541149710071,0.05
"94",2022-07-27 23:30:54,"78220000170281","SWOTCalVal_WM_GNSS_L2_Rec2_20220727T153200_20220728T004800",51.6799880313271,0.05
"95",2022-07-27 23:28:58,"78220000170291","SWOTCalVal_WM_GNSS_L2_Rec2_20220727T153200_20220728T004800",51.7309801637882,0.05
"96",2022-07-27 23:27:08,"78220000170301","SWOTCalVal_WM_GNSS_L2_Rec2_20220727T153200_20220728T004800",51.7852888582338,0.05
"97",2022-07-27 23:25:50,"78220000170311","SWOTCalVal_WM_GNSS_L2_Rec2_20220727T153200_20220728T004800",51.8042792007618,0.05
"98",2022-07-27 23:06:45,"78220000170381","SWOTCalVal_WM_GNSS_L2_Rec2_20220727T153200_20220728T004800",52.1383277899964,0.05
"99",2022-07-27 23:05:22,"78220000170391","SWOTCalVal_WM_GNSS_L2_Rec2_20220727T153200_20220728T004800",52.1419534632036,0.05
"100",2022-07-27 23:03:20,"78220000170401","SWOTCalVal_WM_GNSS_L2_Rec2_20220727T153200_20220728T004800",52.2043280608909,0.05
"101",2022-07-27 23:01:35,"78220000170411","SWOTCalVal_WM_GNSS_L2_Rec2_20220727T153200_20220728T004800",52.2574870417401,0.05
"102",2022-07-27 22:59:57,"78220000170421","SWOTCalVal_WM_GNSS_L2_Rec2_20220727T153200_20220728T004800",52.5208862532412,0.05
"103",2022-07-27 22:58:05,"78220000170431","SWOTCalVal_WM_GNSS_L2_Rec2_20220727T153200_20220728T004800",52.681350929833,0.05
"104",2022-07-27 22:55:59,"78220000170441","SWOTCalVal_WM_GNSS_L2_Rec2_20220727T153200_20220728T004800",52.7453321655345,0.05
"105",2022-07-27 22:53:46,"78220000170451","SWOTCalVal_WM_GNSS_L2_Rec2_20220727T153200_20220728T004800",52.7966149613011,0.05
"106",2022-07-27 22:51:56,"78220000170461","SWOTCalVal_WM_GNSS_L2_Rec2_20220727T153200_20220728T004800",52.8251550203584,0.05
"107",2022-07-27 22:50:24,"78220000170471","SWOTCalVal_WM_GNSS_L2_Rec2_20220727T153200_20220728T004800",52.8930182610724,0.05
"108",2022-07-27 22:48:12,"78220000170481","SWOTCalVal_WM_GNSS_L2_Rec2_20220727T153200_20220728T004800",53.0948510871691,0.05
"109",2022-07-27 22:45:44,"78220000170491","SWOTCalVal_WM_GNSS_L2_Rec2_20220727T153200_20220728T004800",53.2763645355261,0.05
"110",2022-07-27 22:43:00,"78220000170501","SWOTCalVal_WM_GNSS_L2_Rec2_20220727T153200_20220728T004800",53.318305586452,0.05
"111",2022-07-27 22:40:03,"78220000170511","SWOTCalVal_WM_GNSS_L2_Rec2_20220727T153200_20220728T004800",53.3437015480953,0.05
"112",2022-07-27 22:37:25,"78220000170521","SWOTCalVal_WM_GNSS_L2_Rec2_20220727T153200_20220728T004800",53.3321329252077,0.05
"113",2022-07-27 22:35:55,"78220000170531","SWOTCalVal_WM_GNSS_L2_Rec2_20220727T153200_20220728T004800",53.3668176270429,0.05
"114",2022-07-27 22:30:14,"78220000170551","SWOTCalVal_WM_GNSS_L2_Rec2_20220727T153200_20220728T004800",53.4417570461246,0.05
"115",2022-07-27 22:28:22,"78220000170561","SWOTCalVal_WM_GNSS_L2_Rec2_20220727T153200_20220728T004800",53.4552258409608,0.05
"116",2022-07-27 22:25:58,"78220000170571","SWOTCalVal_WM_GNSS_L2_Rec2_20220727T153200_20220728T004800",53.4634721650672,0.05
"117",2022-07-27 22:23:42,"78220000180011","SWOTCalVal_WM_GNSS_L2_Rec2_20220727T153200_20220728T004800",53.4802074147968,0.05
"118",2022-07-27 22:21:46,"78220000180021","SWOTCalVal_WM_GNSS_L2_Rec2_20220727T153200_20220728T004800",53.5060744358442,0.05
"119",2022-07-27 22:20:01,"78220000180031","SWOTCalVal_WM_GNSS_L2_Rec2_20220727T153200_20220728T004800",53.5580909413846,0.05
"120",2022-07-27 22:18:17,"78220000180041","SWOTCalVal_WM_GNSS_L2_Rec2_20220727T153200_20220728T004800",53.853403784791,0.05
"121",2022-07-27 22:15:35,"78220000180051","SWOTCalVal_WM_GNSS_L2_Rec2_20220727T153200_20220728T004800",54.0239645265481,0.05
"122",2022-07-27 22:14:10,"78220000180061","SWOTCalVal_WM_GNSS_L2_Rec2_20220727T153200_20220728T004800",54.2620145444661,0.05
"123",2022-07-27 22:12:27,"78220000180071","SWOTCalVal_WM_GNSS_L2_Rec2_20220727T153200_20220728T004800",54.3967961907801,0.05
"124",2022-07-27 22:10:08,"78220000180081","SWOTCalVal_WM_GNSS_L2_Rec2_20220727T153200_20220728T004800",54.4033876411779,0.05
"125",2022-07-27 22:07:20,"78220000180091","SWOTCalVal_WM_GNSS_L2_Rec2_20220727T153200_20220728T004800",54.4401366293077,0.05
"126",2022-07-27 22:04:40,"78220000180101","SWOTCalVal_WM_GNSS_L2_Rec2_20220727T153200_20220728T004800",54.4599070313492,0.05
"127",2022-07-27 22:02:46,"78220000180111","SWOTCalVal_WM_GNSS_L2_Rec2_20220727T153200_20220728T004800",54.4942676580822,0.05
"128",2022-07-27 22:01:00,"78220000180121","SWOTCalVal_WM_GNSS_L2_Rec2_20220727T153200_20220728T004800",54.5365117037248,0.05
"129",2022-07-27 21:59:00,"78220000180131","SWOTCalVal_WM_GNSS_L2_Rec2_20220727T153200_20220728T004800",54.5842138215219,0.05
"130",2022-07-27 21:56:21,"78220000180141","SWOTCalVal_WM_GNSS_L2_Rec2_20220727T153200_20220728T004800",54.6005146886622,0.05
"131",2022-07-27 21:54:02,"78220000180151","SWOTCalVal_WM_GNSS_L2_Rec2_20220727T153200_20220728T004800",54.5917805035255,0.05
"132",2022-07-27 21:52:22,"78220000180161","SWOTCalVal_WM_GNSS_L2_Rec2_20220727T153200_20220728T004800",54.6200738227381,0.05
"133",2022-07-27 21:50:05,"78220000180171","SWOTCalVal_WM_GNSS_L2_Rec2_20220727T153200_20220728T004800",54.6833188565327,0.05
"134",2022-07-27 21:48:18,"78220000180181","SWOTCalVal_WM_GNSS_L2_Rec2_20220727T153200_20220728T004800",54.6898780677263,0.05
"135",2022-07-27 21:40:56,"78220000180211","SWOTCalVal_WM_GNSS_L2_Rec2_20220727T153200_20220728T004800",54.8330890362603,0.05
"136",2022-07-27 21:40:07,"78220000180221","SWOTCalVal_WM_GNSS_L2_Rec2_20220727T153200_20220728T004800",54.8565754286839,0.05
"137",2022-07-27 21:38:55,"78220000180231","SWOTCalVal_WM_GNSS_L2_Rec2_20220727T153200_20220728T004800",54.9332868064219,0.05
"138",2022-07-27 21:37:14,"78220000180241","SWOTCalVal_WM_GNSS_L2_Rec2_20220727T153200_20220728T004800",55.0127771268548,0.05
"139",2022-07-27 21:35:45,"78220000180251","SWOTCalVal_WM_GNSS_L2_Rec2_20220727T153200_20220728T004800",55.1741450313497,0.05
"140",2022-07-27 21:33:40,"78220000180261","SWOTCalVal_WM_GNSS_L2_Rec2_20220727T153200_20220728T004800",55.3326421110314,0.05
"141",2022-07-27 21:31:18,"78220000180271","SWOTCalVal_WM_GNSS_L2_Rec2_20220727T153200_20220728T004800",55.3601517248615,0.05
"142",2022-07-27 21:29:02,"78220000180281","SWOTCalVal_WM_GNSS_L2_Rec2_20220727T153200_20220728T004800",55.6652806217489,0.05
"143",2022-07-27 21:26:55,"78220000180291","SWOTCalVal_WM_GNSS_L2_Rec2_20220727T153200_20220728T004800",55.725783380088,0.05
"144",2022-07-27 21:24:37,"78220000180301","SWOTCalVal_WM_GNSS_L2_Rec2_20220727T153200_20220728T004800",55.7945320860898,0.05
"145",2022-07-27 21:22:28,"78220000180311","SWOTCalVal_WM_GNSS_L2_Rec2_20220727T153200_20220728T004800",55.8899693802333,0.05
"146",2022-07-27 21:21:15,"78220000180321","SWOTCalVal_WM_GNSS_L2_Rec2_20220727T153200_20220728T004800",55.9087172677782,0.05
"147",2022-07-27 21:15:57,"78220000180341","SWOTCalVal_WM_GNSS_L2_Rec2_20220727T153200_20220728T004800",56.0266580341546,0.05
"148",2022-07-27 21:15:05,"78220000180351","SWOTCalVal_WM_GNSS_L2_Rec2_20220727T153200_20220728T004800",56.0187135908932,0.05
"149",2022-07-27 21:13:38,"78220000180361","SWOTCalVal_WM_GNSS_L2_Rec2_20220727T153200_20220728T004800",56.0641675428656,0.05
"150",2022-07-27 21:11:44,"78220000180371","SWOTCalVal_WM_GNSS_L2_Rec2_20220727T153200_20220728T004800",56.1523092625656,0.05
"151",2022-07-27 21:09:37,"78220000180381","SWOTCalVal_WM_GNSS_L2_Rec2_20220727T153200_20220728T004800",56.154459248888,0.05
"152",2022-07-27 21:08:34,"78220000180391","SWOTCalVal_WM_GNSS_L2_Rec2_20220727T153200_20220728T004800",56.1019779229265,0.05
"153",2022-07-27 21:05:37,"78220000180401","SWOTCalVal_WM_GNSS_L2_Rec2_20220727T153200_20220728T004800",56.1678272341137,0.05
"154",2022-07-27 21:04:24,"78220000180411","SWOTCalVal_WM_GNSS_L2_Rec2_20220727T153200_20220728T004800",56.2130828773356,0.05
"155",2022-07-27 21:01:55,"78220000180421","SWOTCalVal_WM_GNSS_L2_Rec2_20220727T153200_20220728T004800",56.23702336549,0.05
"156",2022-07-27 20:59:11,"78220000180431","SWOTCalVal_WM_GNSS_L2_Rec2_20220727T153200_20220728T004800",56.498453342067,0.05
"157",2022-07-27 20:56:31,"78220000180441","SWOTCalVal_WM_GNSS_L2_Rec2_20220727T153200_20220728T004800",56.7810059615017,0.05
"158",2022-07-27 20:53:44,"78220000180451","SWOTCalVal_WM_GNSS_L2_Rec2_20220727T153200_20220728T004800",56.8195058035692,0.05
"159",2022-07-27 20:51:26,"78220000180461","SWOTCalVal_WM_GNSS_L2_Rec2_20220727T153200_20220728T004800",56.9348425794037,0.05
"160",2022-07-27 20:49:37,"78220000180471","SWOTCalVal_WM_GNSS_L2_Rec2_20220727T153200_20220728T004800",57.0723097554158,0.05
"161",2022-07-27 20:47:37,"78220000180481","SWOTCalVal_WM_GNSS_L2_Rec2_20220727T153200_20220728T004800",57.2189035842225,0.05
"162",2022-07-27 20:45:41,"78220000180491","SWOTCalVal_WM_GNSS_L2_Rec2_20220727T153200_20220728T004800",57.2404140741873,0.05
"163",2022-07-27 20:44:05,"78220000180501","SWOTCalVal_WM_GNSS_L2_Rec2_20220727T153200_20220728T004800",57.3058271181226,0.05
"164",2022-07-27 20:42:15,"78220000180511","SWOTCalVal_WM_GNSS_L2_Rec2_20220727T153200_20220728T004800",57.4287235293054,0.05
"165",2022-07-27 20:40:32,"78220000180521","SWOTCalVal_WM_GNSS_L2_Rec2_20220727T153200_20220728T004800",57.5095824876347,0.05
"166",2022-07-27 20:38:44,"78220000180531","SWOTCalVal_WM_GNSS_L2_Rec2_20220727T153200_20220728T004800",57.5757749337111,0.05
"167",2022-07-27 19:46:03,"78220000180541","SWOTCalVal_WM_GNSS_L2_Rec2_20220727T153200_20220728T004800",57.7208320652628,0.05
"168",2022-07-27 19:44:34,"78220000180551","SWOTCalVal_WM_GNSS_L2_Rec2_20220727T153200_20220728T004800",57.8611149509071,0.05
"169",2022-07-27 19:42:52,"78220000180561","SWOTCalVal_WM_GNSS_L2_Rec2_20220727T153200_20220728T004800",57.9719685593298,0.05
"170",2022-07-27 19:41:00,"78220000180571","SWOTCalVal_WM_GNSS_L2_Rec2_20220727T153200_20220728T004800",58.02136588197,0.05
"171",2022-07-27 19:39:03,"78220000180581","SWOTCalVal_WM_GNSS_L2_Rec2_20220727T153200_20220728T004800",58.0397537183091,0.05
"172",2022-07-27 19:37:18,"78220000180591","SWOTCalVal_WM_GNSS_L2_Rec2_20220727T153200_20220728T004800",58.0451260424046,0.05
"173",2022-07-27 19:35:40,"78220000180601","SWOTCalVal_WM_GNSS_L2_Rec2_20220727T153200_20220728T004800",58.077057333401,0.05
"174",2022-07-27 19:34:02,"78220000180611","SWOTCalVal_WM_GNSS_L2_Rec2_20220727T153200_20220728T004800",58.1735470239314,0.05
"175",2022-07-27 19:32:01,"78220000180621","SWOTCalVal_WM_GNSS_L2_Rec2_20220727T153200_20220728T004800",58.2524179732827,0.05
"176",2022-07-27 19:29:56,"78220000180631","SWOTCalVal_WM_GNSS_L2_Rec2_20220727T153200_20220728T004800",58.2884421307373,0.05
"177",2022-07-27 19:28:05,"78220000180641","SWOTCalVal_WM_GNSS_L2_Rec2_20220727T153200_20220728T004800",58.3227247286098,0.05
"178",2022-07-27 19:26:05,"78220000180651","SWOTCalVal_WM_GNSS_L2_Rec2_20220727T153200_20220728T004800",58.349179444209,0.05
"179",2022-07-27 19:04:27,"78220000180661","SWOTCalVal_WM_GNSS_L2_Rec2_20220727T153200_20220728T004800",58.3475970281568,0.05
"180",2022-07-27 18:01:32,"78220000180671","SWOTCalVal_WM_GNSS_L2_Rec2_20220727T153200_20220728T004800",58.296951866238,0.05
"181",2022-07-27 17:59:25,"78220000180681","SWOTCalVal_WM_GNSS_L2_Rec2_20220727T153200_20220728T004800",58.3169433681249,0.05
"182",2022-07-27 17:57:21,"78220000180691","SWOTCalVal_WM_GNSS_L2_Rec2_20220727T153200_20220728T004800",58.3353081798171,0.05
"183",2022-07-27 17:55:36,"78220000180701","SWOTCalVal_WM_GNSS_L2_Rec2_20220727T153200_20220728T004800",58.3303993705794,0.05
"184",2022-07-27 17:53:04,"78220000180711","SWOTCalVal_WM_GNSS_L2_Rec2_20220727T153200_20220728T004800",58.3502949861012,0.05
"185",2022-07-27 17:51:20,"78220000180721","SWOTCalVal_WM_GNSS_L2_Rec2_20220727T153200_20220728T004800",58.3880206855022,0.05
"186",2022-07-27 17:49:39,"78220000180731","SWOTCalVal_WM_GNSS_L2_Rec2_20220727T153200_20220728T004800",58.4559666124079,0.05
"187",2022-07-27 17:47:54,"78220000180741","SWOTCalVal_WM_GNSS_L2_Rec2_20220727T153200_20220728T004800",58.5676399127518,0.05
"188",2022-07-27 17:28:45,"78220000180841","SWOTCalVal_WM_GNSS_L2_Rec2_20220727T153200_20220728T004800",59.2812728900423,0.05
"189",2022-07-27 17:26:34,"78220000180851","SWOTCalVal_WM_GNSS_L2_Rec2_20220727T153200_20220728T004800",59.3060063747525,0.05
"190",2022-07-27 21:28:01,"78220000230031","SWOTCalVal_WM_GNSS_L2_Rec2_20220727T153200_20220728T004800",55.7029657227856,0.05
"191",2022-07-27 21:25:44,"78220000230041","SWOTCalVal_WM_GNSS_L2_Rec2_20220727T153200_20220728T004800",55.7471445534425,0.05
"192",2022-07-27 21:23:30,"78220000230051","SWOTCalVal_WM_GNSS_L2_Rec2_20220727T153200_20220728T004800",55.8538736303025,0.05
"193",2022-07-30 01:54:42,"78220000180071","SWOTCalVal_WM_GNSS_L2_Rec2_20220729T222100_20220730T023300",54.4201104589289,0.05
"194",2022-07-30 01:54:17,"78220000180081","SWOTCalVal_WM_GNSS_L2_Rec2_20220729T222100_20220730T023300",54.4552720185582,0.05
"195",2022-07-30 01:53:26,"78220000180091","SWOTCalVal_WM_GNSS_L2_Rec2_20220729T222100_20220730T023300",54.4751414691458,0.05
"196",2022-07-30 01:52:36,"78220000180101","SWOTCalVal_WM_GNSS_L2_Rec2_20220729T222100_20220730T023300",54.49689407679,0.05
"197",2022-07-30 01:51:54,"78220000180111","SWOTCalVal_WM_GNSS_L2_Rec2_20220729T222100_20220730T023300",54.57529575047,0.05
"198",2022-07-30 01:51:11,"78220000180121","SWOTCalVal_WM_GNSS_L2_Rec2_20220729T222100_20220730T023300",54.6296819531661,0.05
"199",2022-07-30 01:50:28,"78220000180131","SWOTCalVal_WM_GNSS_L2_Rec2_20220729T222100_20220730T023300",54.6613629762027,0.05
"200",2022-07-30 01:49:38,"78220000180141","SWOTCalVal_WM_GNSS_L2_Rec2_20220729T222100_20220730T023300",54.7005352295483,0.05
"201",2022-07-30 01:48:51,"78220000180151","SWOTCalVal_WM_GNSS_L2_Rec2_20220729T222100_20220730T023300",54.690733548359,0.05
"202",2022-07-30 01:48:08,"78220000180161","SWOTCalVal_WM_GNSS_L2_Rec2_20220729T222100_20220730T023300",54.7078773780292,0.05
"203",2022-07-30 01:47:10,"78220000180171","SWOTCalVal_WM_GNSS_L2_Rec2_20220729T222100_20220730T023300",54.7608300060597,0.05
"204",2022-07-30 01:46:19,"78220000180181","SWOTCalVal_WM_GNSS_L2_Rec2_20220729T222100_20220730T023300",54.7878604092086,0.05
"205",2022-07-30 01:37:38,"78220000180191","SWOTCalVal_WM_GNSS_L2_Rec2_20220729T222100_20220730T023300",54.6617824726391,0.05
"206",2022-07-30 01:31:30,"78220000180201","SWOTCalVal_WM_GNSS_L2_Rec2_20220729T222100_20220730T023300",54.52197383494,0.05
"207",2022-07-30 01:30:15,"78220000180211","SWOTCalVal_WM_GNSS_L2_Rec2_20220729T222100_20220730T023300",54.6400171479256,0.05
"208",2022-07-30 01:29:37,"78220000180221","SWOTCalVal_WM_GNSS_L2_Rec2_20220729T222100_20220730T023300",54.7764906040876,0.05
"209",2022-07-30 01:29:21,"78220000180231","SWOTCalVal_WM_GNSS_L2_Rec2_20220729T222100_20220730T023300",54.7955535237372,0.05
"210",2022-07-30 01:28:18,"78220000180241","SWOTCalVal_WM_GNSS_L2_Rec2_20220729T222100_20220730T023300",54.9455235696529,0.05
"211",2022-07-30 01:27:36,"78220000180251","SWOTCalVal_WM_GNSS_L2_Rec2_20220729T222100_20220730T023300",55.1144445024744,0.05
"212",2022-07-30 01:27:01,"78220000180261","SWOTCalVal_WM_GNSS_L2_Rec2_20220729T222100_20220730T023300",55.2611172744792,0.05
"213",2022-07-30 01:26:06,"78220000180271","SWOTCalVal_WM_GNSS_L2_Rec2_20220729T222100_20220730T023300",55.2533963482284,0.05
"214",2022-07-30 01:25:23,"78220000180281","SWOTCalVal_WM_GNSS_L2_Rec2_20220729T222100_20220730T023300",55.2829693478433,0.05
"215",2022-07-30 01:24:34,"78220000180291","SWOTCalVal_WM_GNSS_L2_Rec2_20220729T222100_20220730T023300",55.3540080898532,0.05
"216",2022-07-30 01:23:52,"78220000180301","SWOTCalVal_WM_GNSS_L2_Rec2_20220729T222100_20220730T023300",55.4054124160138,0.05
"217",2022-07-30 01:23:09,"78220000180311","SWOTCalVal_WM_GNSS_L2_Rec2_20220729T222100_20220730T023300",55.5165692053908,0.05
"218",2022-07-30 01:22:49,"78220000180321","SWOTCalVal_WM_GNSS_L2_Rec2_20220729T222100_20220730T023300",55.5266050875175,0.05
"219",2022-07-30 01:08:22,"78220000180341","SWOTCalVal_WM_GNSS_L2_Rec2_20220729T222100_20220730T023300",55.78547332345,0.05
"220",2022-07-30 01:07:23,"78220000180351","SWOTCalVal_WM_GNSS_L2_Rec2_20220729T222100_20220730T023300",55.7793638979017,0.05
"221",2022-07-30 01:02:35,"78220000180361","SWOTCalVal_WM_GNSS_L2_Rec2_20220729T222100_20220730T023300",55.8100926685055,0.05
"222",2022-07-30 01:01:52,"78220000180371","SWOTCalVal_WM_GNSS_L2_Rec2_20220729T222100_20220730T023300",55.9196498981189,0.05
"223",2022-07-30 01:01:08,"78220000180381","SWOTCalVal_WM_GNSS_L2_Rec2_20220729T222100_20220730T023300",55.9325522346808,0.05
"224",2022-07-30 01:00:27,"78220000180391","SWOTCalVal_WM_GNSS_L2_Rec2_20220729T222100_20220730T023300",55.9597789837008,0.05
"225",2022-07-30 00:59:56,"78220000180401","SWOTCalVal_WM_GNSS_L2_Rec2_20220729T222100_20220730T023300",55.9870721573255,0.05
"226",2022-07-30 00:54:14,"78220000180471","SWOTCalVal_WM_GNSS_L2_Rec2_20220729T222100_20220730T023300",56.8994845543685,0.05
"227",2022-07-30 00:53:04,"78220000180481","SWOTCalVal_WM_GNSS_L2_Rec2_20220729T222100_20220730T023300",57.0843567388411,0.05
"228",2022-07-30 00:52:22,"78220000180491","SWOTCalVal_WM_GNSS_L2_Rec2_20220729T222100_20220730T023300",57.1660260346113,0.05
"229",2022-07-30 00:51:37,"78220000180501","SWOTCalVal_WM_GNSS_L2_Rec2_20220729T222100_20220730T023300",57.1931239795631,0.05
"230",2022-07-30 00:44:02,"78220000180511","SWOTCalVal_WM_GNSS_L2_Rec2_20220729T222100_20220730T023300",57.3289978201892,0.05
"231",2022-07-30 00:37:16,"78220000180521","SWOTCalVal_WM_GNSS_L2_Rec2_20220729T222100_20220730T023300",57.4059916626955,0.05
"232",2022-07-30 00:36:33,"78220000180531","SWOTCalVal_WM_GNSS_L2_Rec2_20220729T222100_20220730T023300",57.4698391449036,0.05
"233",2022-07-30 00:35:51,"78220000180541","SWOTCalVal_WM_GNSS_L2_Rec2_20220729T222100_20220730T023300",57.6289768498761,0.05
"234",2022-07-30 00:35:08,"78220000180551","SWOTCalVal_WM_GNSS_L2_Rec2_20220729T222100_20220730T023300",57.7822325158456,0.05
"235",2022-07-30 00:34:24,"78220000180561","SWOTCalVal_WM_GNSS_L2_Rec2_20220729T222100_20220730T023300",57.8781955187736,0.05
"236",2022-07-30 00:33:39,"78220000180571","SWOTCalVal_WM_GNSS_L2_Rec2_20220729T222100_20220730T023300",57.9255262161783,0.05
"237",2022-07-30 00:32:53,"78220000180581","SWOTCalVal_WM_GNSS_L2_Rec2_20220729T222100_20220730T023300",57.9367910212078,0.05
"238",2022-07-30 00:32:11,"78220000180591","SWOTCalVal_WM_GNSS_L2_Rec2_20220729T222100_20220730T023300",57.9493460400533,0.05
"239",2022-07-30 00:31:28,"78220000180601","SWOTCalVal_WM_GNSS_L2_Rec2_20220729T222100_20220730T023300",57.9779816603616,0.05
"240",2022-07-30 00:30:45,"78220000180611","SWOTCalVal_WM_GNSS_L2_Rec2_20220729T222100_20220730T023300",58.0522051039691,0.05
"241",2022-07-30 00:29:59,"78220000180621","SWOTCalVal_WM_GNSS_L2_Rec2_20220729T222100_20220730T023300",58.1474338304126,0.05
"242",2022-07-30 00:29:09,"78220000180631","SWOTCalVal_WM_GNSS_L2_Rec2_20220729T222100_20220730T023300",58.1957705119542,0.05
"243",2022-07-30 00:28:24,"78220000180641","SWOTCalVal_WM_GNSS_L2_Rec2_20220729T222100_20220730T023300",58.206054559505,0.05
"244",2022-07-30 00:27:35,"78220000180651","SWOTCalVal_WM_GNSS_L2_Rec2_20220729T222100_20220730T023300",58.2450695162242,0.05
"245",2022-07-30 00:14:59,"78220000180661","SWOTCalVal_WM_GNSS_L2_Rec2_20220729T222100_20220730T023300",58.3005731238458,0.05
"246",2022-07-30 00:07:42,"78220000180671","SWOTCalVal_WM_GNSS_L2_Rec2_20220729T222100_20220730T023300",58.2966481446254,0.05
"247",2022-07-30 00:06:52,"78220000180681","SWOTCalVal_WM_GNSS_L2_Rec2_20220729T222100_20220730T023300",58.30787924456,0.05
"248",2022-07-30 00:06:05,"78220000180691","SWOTCalVal_WM_GNSS_L2_Rec2_20220729T222100_20220730T023300",58.3226684945068,0.05
"249",2022-07-30 00:05:30,"78220000180701","SWOTCalVal_WM_GNSS_L2_Rec2_20220729T222100_20220730T023300",58.331213608875,0.05
"250",2022-07-30 00:04:33,"78220000180711","SWOTCalVal_WM_GNSS_L2_Rec2_20220729T222100_20220730T023300",58.3691173449763,0.05
"251",2022-07-30 00:03:50,"78220000180721","SWOTCalVal_WM_GNSS_L2_Rec2_20220729T222100_20220730T023300",58.4126310841493,0.05
"252",2022-07-30 00:03:11,"78220000180731","SWOTCalVal_WM_GNSS_L2_Rec2_20220729T222100_20220730T023300",58.4837400238831,0.05
"253",2022-07-30 00:02:40,"78220000180741","SWOTCalVal_WM_GNSS_L2_Rec2_20220729T222100_20220730T023300",58.59701900557,0.05
"254",2022-07-29 23:47:40,"78220000180811","SWOTCalVal_WM_GNSS_L2_Rec2_20220729T222100_20220730T023300",58.9302541086138,0.05
"255",2022-07-29 23:42:50,"78220000180821","SWOTCalVal_WM_GNSS_L2_Rec2_20220729T222100_20220730T023300",58.9602462281413,0.05
"256",2022-07-29 23:05:40,"78220000180851","SWOTCalVal_WM_GNSS_L2_Rec2_20220729T222100_20220730T023300",59.3453704198592,0.05
"257",2022-07-29 23:07:38,"78220000180861","SWOTCalVal_WM_GNSS_L2_Rec2_20220729T222100_20220730T023300",59.433874403538,0.05
"258",2022-07-29 23:09:10,"78220000180871","SWOTCalVal_WM_GNSS_L2_Rec2_20220729T222100_20220730T023300",59.6399317546677,0.05
"259",2022-07-29 23:18:12,"78220000180881","SWOTCalVal_WM_GNSS_L2_Rec2_20220729T222100_20220730T023300",59.8936664140371,0.05
"260",2022-07-29 23:20:10,"78220000180891","SWOTCalVal_WM_GNSS_L2_Rec2_20220729T222100_20220730T023300",59.9116686682685,0.05
"261",2022-07-29 23:21:19,"78220000180901","SWOTCalVal_WM_GNSS_L2_Rec2_20220729T222100_20220730T023300",59.9389475368187,0.05
"262",2022-07-29 23:19:53,"78220000180911","SWOTCalVal_WM_GNSS_L2_Rec2_20220729T222100_20220730T023300",59.9854362499478,0.05
"263",2022-07-29 23:22:05,"78220000180921","SWOTCalVal_WM_GNSS_L2_Rec2_20220729T222100_20220730T023300",60.143946795802,0.05
"264",2022-07-29 23:21:44,"78220000180931","SWOTCalVal_WM_GNSS_L2_Rec2_20220729T222100_20220730T023300",60.3851024914956,0.05
"265",2022-07-29 23:23:55,"78220000180941","SWOTCalVal_WM_GNSS_L2_Rec2_20220729T222100_20220730T023300",60.6045623551982,0.05
"266",2022-07-29 23:25:45,"78220000180951","SWOTCalVal_WM_GNSS_L2_Rec2_20220729T222100_20220730T023300",60.6892217083199,0.05
"267",2022-07-29 23:25:14,"78220000190011","SWOTCalVal_WM_GNSS_L2_Rec2_20220729T222100_20220730T023300",60.6908863300991,0.05
"268",2022-07-30 01:25:01,"78220000230031","SWOTCalVal_WM_GNSS_L2_Rec2_20220729T222100_20220730T023300",55.3345748903094,0.05
"269",2022-07-30 01:24:14,"78220000230041","SWOTCalVal_WM_GNSS_L2_Rec2_20220729T222100_20220730T023300",55.3628560466933,0.05
"270",2022-07-30 01:23:28,"78220000230051","SWOTCalVal_WM_GNSS_L2_Rec2_20220729T222100_20220730T023300",55.4732006427603,0.05
"271",2022-07-31 19:44:22,"78220000170011","SWOTCalVal_WM_GNSS_L2_Rec2_20220731T162900_20220731T210100",50.0058030434533,0.05
"272",2022-07-31 19:49:05,"78220000170021","SWOTCalVal_WM_GNSS_L2_Rec2_20220731T162900_20220731T210100",50.0231294678149,0.05
"273",2022-07-31 19:52:18,"78220000170031","SWOTCalVal_WM_GNSS_L2_Rec2_20220731T162900_20220731T210100",50.1146562176039,0.05
"274",2022-07-31 19:51:14,"78220000170041","SWOTCalVal_WM_GNSS_L2_Rec2_20220731T162900_20220731T210100",50.3142617663961,0.05
"275",2022-07-31 19:51:09,"78220000170051","SWOTCalVal_WM_GNSS_L2_Rec2_20220731T162900_20220731T210100",50.3548919815435,0.05
"276",2022-07-31 19:51:15,"78220000170061","SWOTCalVal_WM_GNSS_L2_Rec2_20220731T162900_20220731T210100",50.3854349150035,0.05
"277",2022-07-31 19:51:18,"78220000170071","SWOTCalVal_WM_GNSS_L2_Rec2_20220731T162900_20220731T210100",50.3642631224844,0.05
"278",2022-07-31 19:51:48,"78220000170081","SWOTCalVal_WM_GNSS_L2_Rec2_20220731T162900_20220731T210100",50.3839294936386,0.05
"279",2022-07-31 19:55:36,"78220000170091","SWOTCalVal_WM_GNSS_L2_Rec2_20220731T162900_20220731T210100",50.3925391863851,0.05
"280",2022-07-31 19:56:28,"78220000170101","SWOTCalVal_WM_GNSS_L2_Rec2_20220731T162900_20220731T210100",50.4973165874244,0.05
"281",2022-07-31 20:07:16,"78220000170111","SWOTCalVal_WM_GNSS_L2_Rec2_20220731T162900_20220731T210100",50.6284394171485,0.05
"282",2022-07-31 20:12:18,"78220000170151","SWOTCalVal_WM_GNSS_L2_Rec2_20220731T162900_20220731T210100",50.9817984177156,0.05
"283",2022-07-31 19:24:32,"78220000170161","SWOTCalVal_WM_GNSS_L2_Rec2_20220731T162900_20220731T210100",51.0394521447904,0.05
"284",2022-07-31 19:41:09,"78220000170171","SWOTCalVal_WM_GNSS_L2_Rec2_20220731T162900_20220731T210100",51.0573865103921,0.05
"285",2022-07-31 19:50:23,"78220000170181","SWOTCalVal_WM_GNSS_L2_Rec2_20220731T162900_20220731T210100",51.1115771320558,0.05
"286",2022-07-31 19:55:20,"78220000170191","SWOTCalVal_WM_GNSS_L2_Rec2_20220731T162900_20220731T210100",51.2940962133679,0.05
"287",2022-07-31 20:03:12,"78220000170201","SWOTCalVal_WM_GNSS_L2_Rec2_20220731T162900_20220731T210100",51.4014514410184,0.05
"288",2022-07-31 19:51:24,"78220000170211","SWOTCalVal_WM_GNSS_L2_Rec2_20220731T162900_20220731T210100",51.4734999743032,0.05
"289",2022-07-31 19:49:25,"78220000170221","SWOTCalVal_WM_GNSS_L2_Rec2_20220731T162900_20220731T210100",51.5065084778555,0.05
"290",2022-07-31 19:50:31,"78220000170231","SWOTCalVal_WM_GNSS_L2_Rec2_20220731T162900_20220731T210100",51.5134341623188,0.05
"291",2022-07-31 19:53:35,"78220000170241","SWOTCalVal_WM_GNSS_L2_Rec2_20220731T162900_20220731T210100",51.6002869755817,0.05
"292",2022-07-31 19:48:14,"78220000170251","SWOTCalVal_WM_GNSS_L2_Rec2_20220731T162900_20220731T210100",51.633779080318,0.05
"293",2022-07-31 19:42:14,"78220000170261","SWOTCalVal_WM_GNSS_L2_Rec2_20220731T162900_20220731T210100",51.6229623574581,0.05
"294",2022-07-31 19:05:42,"78220000170271","SWOTCalVal_WM_GNSS_L2_Rec2_20220731T162900_20220731T210100",51.6264853067941,0.05
"295",2022-07-31 18:41:39,"78220000170281","SWOTCalVal_WM_GNSS_L2_Rec2_20220731T162900_20220731T210100",51.5269748019061,0.05
"296",2022-07-31 18:36:00,"78220000170291","SWOTCalVal_WM_GNSS_L2_Rec2_20220731T162900_20220731T210100",51.5290361495583,0.05
"297",2022-07-31 18:09:52,"78220000170401","SWOTCalVal_WM_GNSS_L2_Rec2_20220731T162900_20220731T210100",52.2004916918107,0.05
"298",2022-07-31 18:05:07,"78220000170411","SWOTCalVal_WM_GNSS_L2_Rec2_20220731T162900_20220731T210100",52.2313110589439,0.05
"299",2022-07-31 17:46:24,"78220000170571","SWOTCalVal_WM_GNSS_L2_Rec2_20220731T162900_20220731T210100",53.400106868045,0.05
"300",2022-07-26 23:45:17,"78220000170011","SWOTCalVal_WM_GNSS_L2_Rec3_20220726T155300_20220727T005100",49.9506650221109,0.05
"301",2022-07-26 23:45:41,"78220000170021","SWOTCalVal_WM_GNSS_L2_Rec3_20220726T155300_20220727T005100",49.961378321011,0.05
"302",2022-07-26 23:47:41,"78220000170031","SWOTCalVal_WM_GNSS_L2_Rec3_20220726T155300_20220727T005100",50.0356592743586,0.05
"303",2022-07-26 23:45:50,"78220000170041","SWOTCalVal_WM_GNSS_L2_Rec3_20220726T155300_20220727T005100",50.2505145953323,0.05
"304",2022-07-26 23:45:26,"78220000170051","SWOTCalVal_WM_GNSS_L2_Rec3_20220726T155300_20220727T005100",50.2729801413673,0.05
"305",2022-07-26 23:45:07,"78220000170061","SWOTCalVal_WM_GNSS_L2_Rec3_20220726T155300_20220727T005100",50.3104537003775,0.05
"306",2022-07-26 23:44:31,"78220000170071","SWOTCalVal_WM_GNSS_L2_Rec3_20220726T155300_20220727T005100",50.3150796782513,0.05
"307",2022-07-26 23:44:07,"78220000170081","SWOTCalVal_WM_GNSS_L2_Rec3_20220726T155300_20220727T005100",50.3125253845534,0.05
"308",2022-07-26 23:31:35,"78220000170091","SWOTCalVal_WM_GNSS_L2_Rec3_20220726T155300_20220727T005100",50.2722523233998,0.05
"309",2022-07-26 23:30:43,"78220000170101","SWOTCalVal_WM_GNSS_L2_Rec3_20220726T155300_20220727T005100",50.4281675268322,0.05
"310",2022-07-26 23:29:40,"78220000170111","SWOTCalVal_WM_GNSS_L2_Rec3_20220726T155300_20220727T005100",50.6080123106047,0.05
"311",2022-07-26 23:28:45,"78220000170121","SWOTCalVal_WM_GNSS_L2_Rec3_20220726T155300_20220727T005100",50.7907617221372,0.05
"312",2022-07-26 23:27:45,"78220000170131","SWOTCalVal_WM_GNSS_L2_Rec3_20220726T155300_20220727T005100",50.875633192436,0.05
"313",2022-07-26 23:26:39,"78220000170141","SWOTCalVal_WM_GNSS_L2_Rec3_20220726T155300_20220727T005100",50.8981185871424,0.05
"314",2022-07-26 23:25:32,"78220000170151","SWOTCalVal_WM_GNSS_L2_Rec3_20220726T155300_20220727T005100",50.9087735900664,0.05
"315",2022-07-26 23:19:05,"78220000170161","SWOTCalVal_WM_GNSS_L2_Rec3_20220726T155300_20220727T005100",50.9541152432121,0.05
"316",2022-07-26 23:12:44,"78220000170171","SWOTCalVal_WM_GNSS_L2_Rec3_20220726T155300_20220727T005100",50.9960727433308,0.05
"317",2022-07-26 23:11:43,"78220000170181","SWOTCalVal_WM_GNSS_L2_Rec3_20220726T155300_20220727T005100",51.051096161995,0.05
"318",2022-07-26 23:10:45,"78220000170191","SWOTCalVal_WM_GNSS_L2_Rec3_20220726T155300_20220727T005100",51.2464542749851,0.05
"319",2022-07-26 23:09:43,"78220000170201","SWOTCalVal_WM_GNSS_L2_Rec3_20220726T155300_20220727T005100",51.4167308843624,0.05
"320",2022-07-26 23:08:40,"78220000170211","SWOTCalVal_WM_GNSS_L2_Rec3_20220726T155300_20220727T005100",51.4594021306428,0.05
"321",2022-07-26 23:07:51,"78220000170221","SWOTCalVal_WM_GNSS_L2_Rec3_20220726T155300_20220727T005100",51.4833819806724,0.05
"322",2022-07-26 23:07:00,"78220000170231","SWOTCalVal_WM_GNSS_L2_Rec3_20220726T155300_20220727T005100",51.4977846947224,0.05
"323",2022-07-26 23:05:50,"78220000170241","SWOTCalVal_WM_GNSS_L2_Rec3_20220726T155300_20220727T005100",51.5676426012555,0.05
"324",2022-07-26 23:04:25,"78220000170251","SWOTCalVal_WM_GNSS_L2_Rec3_20220726T155300_20220727T005100",51.5888507081357,0.05
"325",2022-07-26 23:02:52,"78220000170261","SWOTCalVal_WM_GNSS_L2_Rec3_20220726T155300_20220727T005100",51.5657296273159,0.05
"326",2022-07-26 22:34:35,"78220000170271","SWOTCalVal_WM_GNSS_L2_Rec3_20220726T155300_20220727T005100",51.5956845733275,0.05
"327",2022-07-26 22:18:17,"78220000170281","SWOTCalVal_WM_GNSS_L2_Rec3_20220726T155300_20220727T005100",51.6214279210566,0.05
"328",2022-07-26 22:07:49,"78220000170291","SWOTCalVal_WM_GNSS_L2_Rec3_20220726T155300_20220727T005100",51.6448012150285,0.05
"329",2022-07-26 22:06:44,"78220000170301","SWOTCalVal_WM_GNSS_L2_Rec3_20220726T155300_20220727T005100",51.6888547206794,0.05
"330",2022-07-26 22:05:46,"78220000170311","SWOTCalVal_WM_GNSS_L2_Rec3_20220726T155300_20220727T005100",51.7124577744802,0.05
"331",2022-07-26 22:00:11,"78220000170351","SWOTCalVal_WM_GNSS_L2_Rec3_20220726T155300_20220727T005100",51.8744361793944,0.05
"332",2022-07-26 21:59:32,"78220000170361","SWOTCalVal_WM_GNSS_L2_Rec3_20220726T155300_20220727T005100",52.0031808285223,0.05
"333",2022-07-26 21:58:33,"78220000170371","SWOTCalVal_WM_GNSS_L2_Rec3_20220726T155300_20220727T005100",52.0652286448709,0.05
"334",2022-07-26 21:57:32,"78220000170381","SWOTCalVal_WM_GNSS_L2_Rec3_20220726T155300_20220727T005100",52.1409054199205,0.05
"335",2022-07-26 21:56:21,"78220000170391","SWOTCalVal_WM_GNSS_L2_Rec3_20220726T155300_20220727T005100",52.1618462570491,0.05
"336",2022-07-26 21:49:38,"78220000170401","SWOTCalVal_WM_GNSS_L2_Rec3_20220726T155300_20220727T005100",52.236249252728,0.05
"337",2022-07-26 21:42:59,"78220000170411","SWOTCalVal_WM_GNSS_L2_Rec3_20220726T155300_20220727T005100",52.3073025551304,0.05
"338",2022-07-26 21:42:02,"78220000170421","SWOTCalVal_WM_GNSS_L2_Rec3_20220726T155300_20220727T005100",52.5792258419315,0.05
"339",2022-07-26 21:41:03,"78220000170431","SWOTCalVal_WM_GNSS_L2_Rec3_20220726T155300_20220727T005100",52.7163647646507,0.05
"340",2022-07-26 21:39:59,"78220000170441","SWOTCalVal_WM_GNSS_L2_Rec3_20220726T155300_20220727T005100",52.7824833034162,0.05
"341",2022-07-26 21:38:51,"78220000170451","SWOTCalVal_WM_GNSS_L2_Rec3_20220726T155300_20220727T005100",52.8439513554514,0.05
"342",2022-07-26 21:37:47,"78220000170461","SWOTCalVal_WM_GNSS_L2_Rec3_20220726T155300_20220727T005100",52.8997865815654,0.05
"343",2022-07-26 21:36:50,"78220000170471","SWOTCalVal_WM_GNSS_L2_Rec3_20220726T155300_20220727T005100",52.9540272891414,0.05
"344",2022-07-26 21:35:50,"78220000170481","SWOTCalVal_WM_GNSS_L2_Rec3_20220726T155300_20220727T005100",53.1215067179578,0.05
"345",2022-07-26 21:34:45,"78220000170491","SWOTCalVal_WM_GNSS_L2_Rec3_20220726T155300_20220727T005100",53.3080385284518,0.05
"346",2022-07-26 21:33:21,"78220000170501","SWOTCalVal_WM_GNSS_L2_Rec3_20220726T155300_20220727T005100",53.3433411955685,0.05
"347",2022-07-26 21:31:40,"78220000170511","SWOTCalVal_WM_GNSS_L2_Rec3_20220726T155300_20220727T005100",53.3361651426039,0.05
"348",2022-07-26 21:30:15,"78220000170521","SWOTCalVal_WM_GNSS_L2_Rec3_20220726T155300_20220727T005100",53.3326358599143,0.05
"349",2022-07-26 21:29:05,"78220000170531","SWOTCalVal_WM_GNSS_L2_Rec3_20220726T155300_20220727T005100",53.4015356426651,0.05
"350",2022-07-26 21:27:58,"78220000170541","SWOTCalVal_WM_GNSS_L2_Rec3_20220726T155300_20220727T005100",53.4246961421918,0.05
"351",2022-07-26 21:26:47,"78220000170551","SWOTCalVal_WM_GNSS_L2_Rec3_20220726T155300_20220727T005100",53.4698906971099,0.05
"352",2022-07-26 21:25:32,"78220000170561","SWOTCalVal_WM_GNSS_L2_Rec3_20220726T155300_20220727T005100",53.4780171240094,0.05
"353",2022-07-26 21:14:58,"78220000170571","SWOTCalVal_WM_GNSS_L2_Rec3_20220726T155300_20220727T005100",53.4163050216882,0.05
"354",2022-07-26 21:04:05,"78220000180011","SWOTCalVal_WM_GNSS_L2_Rec3_20220726T155300_20220727T005100",53.4462846462945,0.05
"355",2022-07-26 21:02:42,"78220000180021","SWOTCalVal_WM_GNSS_L2_Rec3_20220726T155300_20220727T005100",53.4709933741728,0.05
"356",2022-07-26 21:01:32,"78220000180031","SWOTCalVal_WM_GNSS_L2_Rec3_20220726T155300_20220727T005100",53.5329371209069,0.05
"357",2022-07-26 20:59:00,"78220000180051","SWOTCalVal_WM_GNSS_L2_Rec3_20220726T155300_20220727T005100",54.0019879941927,0.05
"358",2022-07-26 20:57:50,"78220000180061","SWOTCalVal_WM_GNSS_L2_Rec3_20220726T155300_20220727T005100",54.2864401211857,0.05
"359",2022-07-26 20:55:56,"78220000180071","SWOTCalVal_WM_GNSS_L2_Rec3_20220726T155300_20220727T005100",54.3875574891278,0.05
"360",2022-07-26 20:53:07,"78220000180081","SWOTCalVal_WM_GNSS_L2_Rec3_20220726T155300_20220727T005100",54.4184268646059,0.05
"361",2022-07-26 20:50:14,"78220000180091","SWOTCalVal_WM_GNSS_L2_Rec3_20220726T155300_20220727T005100",54.4055966669451,0.05
"362",2022-07-26 20:48:15,"78220000180101","SWOTCalVal_WM_GNSS_L2_Rec3_20220726T155300_20220727T005100",54.4346295887963,0.05
"363",2022-07-26 20:46:54,"78220000180111","SWOTCalVal_WM_GNSS_L2_Rec3_20220726T155300_20220727T005100",54.4475337957674,0.05
"364",2022-07-26 20:45:42,"78220000180121","SWOTCalVal_WM_GNSS_L2_Rec3_20220726T155300_20220727T005100",54.4813241944808,0.05
"365",2022-07-26 20:44:16,"78220000180131","SWOTCalVal_WM_GNSS_L2_Rec3_20220726T155300_20220727T005100",54.4905128963788,0.05
"366",2022-07-26 20:42:29,"78220000180141","SWOTCalVal_WM_GNSS_L2_Rec3_20220726T155300_20220727T005100",54.5134126958311,0.05
"367",2022-07-26 20:41:05,"78220000180151","SWOTCalVal_WM_GNSS_L2_Rec3_20220726T155300_20220727T005100",54.5007476905039,0.05
"368",2022-07-26 20:39:56,"78220000180161","SWOTCalVal_WM_GNSS_L2_Rec3_20220726T155300_20220727T005100",54.5160584923042,0.05
"369",2022-07-26 20:38:31,"78220000180171","SWOTCalVal_WM_GNSS_L2_Rec3_20220726T155300_20220727T005100",54.561185842774,0.05
"370",2022-07-26 20:37:13,"78220000180181","SWOTCalVal_WM_GNSS_L2_Rec3_20220726T155300_20220727T005100",54.5837525210851,0.05
"371",2022-07-26 20:29:26,"78220000180191","SWOTCalVal_WM_GNSS_L2_Rec3_20220726T155300_20220727T005100",54.67970977528,0.05
"372",2022-07-26 20:21:35,"78220000180201","SWOTCalVal_WM_GNSS_L2_Rec3_20220726T155300_20220727T005100",54.6950813048695,0.05
"373",2022-07-26 20:20:27,"78220000180211","SWOTCalVal_WM_GNSS_L2_Rec3_20220726T155300_20220727T005100",54.7273863020167,0.05
"374",2022-07-26 20:19:30,"78220000180221","SWOTCalVal_WM_GNSS_L2_Rec3_20220726T155300_20220727T005100",54.7852227369293,0.05
"375",2022-07-26 20:19:09,"78220000180231","SWOTCalVal_WM_GNSS_L2_Rec3_20220726T155300_20220727T005100",54.838234045189,0.05
"376",2022-07-26 20:17:36,"78220000180241","SWOTCalVal_WM_GNSS_L2_Rec3_20220726T155300_20220727T005100",54.9804694518436,0.05
"377",2022-07-26 20:16:34,"78220000180251","SWOTCalVal_WM_GNSS_L2_Rec3_20220726T155300_20220727T005100",55.1628619697052,0.05
"378",2022-07-26 20:15:26,"78220000180261","SWOTCalVal_WM_GNSS_L2_Rec3_20220726T155300_20220727T005100",55.2951328084166,0.05
"379",2022-07-26 20:14:00,"78220000180271","SWOTCalVal_WM_GNSS_L2_Rec3_20220726T155300_20220727T005100",55.3037789809156,0.05
"380",2022-07-26 20:12:44,"78220000180281","SWOTCalVal_WM_GNSS_L2_Rec3_20220726T155300_20220727T005100",55.3485573577045,0.05
"381",2022-07-26 20:11:24,"78220000180291","SWOTCalVal_WM_GNSS_L2_Rec3_20220726T155300_20220727T005100",55.424046410659,0.05
"382",2022-07-26 20:10:14,"78220000180301","SWOTCalVal_WM_GNSS_L2_Rec3_20220726T155300_20220727T005100",55.488471932746,0.05
"383",2022-07-26 20:09:03,"78220000180311","SWOTCalVal_WM_GNSS_L2_Rec3_20220726T155300_20220727T005100",55.5730364000405,0.05
"384",2022-07-26 20:07:48,"78220000180321","SWOTCalVal_WM_GNSS_L2_Rec3_20220726T155300_20220727T005100",55.615119202352,0.05
"385",2022-07-26 20:06:23,"78220000180331","SWOTCalVal_WM_GNSS_L2_Rec3_20220726T155300_20220727T005100",55.6840603889564,0.05
"386",2022-07-26 20:02:32,"78220000180341","SWOTCalVal_WM_GNSS_L2_Rec3_20220726T155300_20220727T005100",55.7556803860354,0.05
"387",2022-07-26 19:57:55,"78220000180351","SWOTCalVal_WM_GNSS_L2_Rec3_20220726T155300_20220727T005100",55.7555207192725,0.05
"388",2022-07-26 19:51:47,"78220000180361","SWOTCalVal_WM_GNSS_L2_Rec3_20220726T155300_20220727T005100",55.7851315511222,0.05
"389",2022-07-26 19:50:40,"78220000180371","SWOTCalVal_WM_GNSS_L2_Rec3_20220726T155300_20220727T005100",55.8817362070866,0.05
"390",2022-07-26 19:49:26,"78220000180381","SWOTCalVal_WM_GNSS_L2_Rec3_20220726T155300_20220727T005100",55.9186985636882,0.05
"391",2022-07-26 19:48:25,"78220000180391","SWOTCalVal_WM_GNSS_L2_Rec3_20220726T155300_20220727T005100",55.9526282715534,0.05
"392",2022-07-26 19:47:23,"78220000180401","SWOTCalVal_WM_GNSS_L2_Rec3_20220726T155300_20220727T005100",55.9764070268468,0.05
"393",2022-07-26 19:44:59,"78220000180421","SWOTCalVal_WM_GNSS_L2_Rec3_20220726T155300_20220727T005100",56.154039538353,0.05
"394",2022-07-26 19:44:17,"78220000180431","SWOTCalVal_WM_GNSS_L2_Rec3_20220726T155300_20220727T005100",56.3744711314624,0.05
"395",2022-07-26 19:43:23,"78220000180441","SWOTCalVal_WM_GNSS_L2_Rec3_20220726T155300_20220727T005100",56.6480667548883,0.05
"396",2022-07-26 19:42:22,"78220000180451","SWOTCalVal_WM_GNSS_L2_Rec3_20220726T155300_20220727T005100",56.7015639719027,0.05
"397",2022-07-26 19:41:17,"78220000180461","SWOTCalVal_WM_GNSS_L2_Rec3_20220726T155300_20220727T005100",56.8003433753754,0.05
"398",2022-07-26 19:40:18,"78220000180471","SWOTCalVal_WM_GNSS_L2_Rec3_20220726T155300_20220727T005100",56.9052651443991,0.05
"399",2022-07-26 19:39:17,"78220000180481","SWOTCalVal_WM_GNSS_L2_Rec3_20220726T155300_20220727T005100",57.0615489371496,0.05
"400",2022-07-26 19:38:13,"78220000180491","SWOTCalVal_WM_GNSS_L2_Rec3_20220726T155300_20220727T005100",57.1236267360725,0.05
"401",2022-07-26 19:37:10,"78220000180501","SWOTCalVal_WM_GNSS_L2_Rec3_20220726T155300_20220727T005100",57.1795359036009,0.05
"402",2022-07-26 19:30:45,"78220000180511","SWOTCalVal_WM_GNSS_L2_Rec3_20220726T155300_20220727T005100",57.2844439874739,0.05
"403",2022-07-26 19:24:20,"78220000180521","SWOTCalVal_WM_GNSS_L2_Rec3_20220726T155300_20220727T005100",57.3875497357183,0.05
"404",2022-07-26 19:23:17,"78220000180531","SWOTCalVal_WM_GNSS_L2_Rec3_20220726T155300_20220727T005100",57.4554667375764,0.05
"405",2022-07-26 19:22:18,"78220000180541","SWOTCalVal_WM_GNSS_L2_Rec3_20220726T155300_20220727T005100",57.5720573142802,0.05
"406",2022-07-26 19:21:17,"78220000180551","SWOTCalVal_WM_GNSS_L2_Rec3_20220726T155300_20220727T005100",57.7404438527897,0.05
"407",2022-07-26 19:20:13,"78220000180561","SWOTCalVal_WM_GNSS_L2_Rec3_20220726T155300_20220727T005100",57.8486106563918,0.05
"408",2022-07-26 19:19:03,"78220000180571","SWOTCalVal_WM_GNSS_L2_Rec3_20220726T155300_20220727T005100",57.8912420223432,0.05
"409",2022-07-26 19:17:52,"78220000180581","SWOTCalVal_WM_GNSS_L2_Rec3_20220726T155300_20220727T005100",57.9090630768134,0.05
"410",2022-07-26 19:16:48,"78220000180591","SWOTCalVal_WM_GNSS_L2_Rec3_20220726T155300_20220727T005100",57.9421936067853,0.05
"411",2022-07-26 19:15:47,"78220000180601","SWOTCalVal_WM_GNSS_L2_Rec3_20220726T155300_20220727T005100",57.9514481194279,0.05
"412",2022-07-26 19:14:45,"78220000180611","SWOTCalVal_WM_GNSS_L2_Rec3_20220726T155300_20220727T005100",58.0353742944275,0.05
"413",2022-07-26 19:13:35,"78220000180621","SWOTCalVal_WM_GNSS_L2_Rec3_20220726T155300_20220727T005100",58.1101999007907,0.05
"414",2022-07-26 19:12:22,"78220000180631","SWOTCalVal_WM_GNSS_L2_Rec3_20220726T155300_20220727T005100",58.1699716634577,0.05
"415",2022-07-26 19:11:15,"78220000180641","SWOTCalVal_WM_GNSS_L2_Rec3_20220726T155300_20220727T005100",58.2099672609624,0.05
"416",2022-07-26 19:10:00,"78220000180651","SWOTCalVal_WM_GNSS_L2_Rec3_20220726T155300_20220727T005100",58.2339858933222,0.05
"417",2022-07-26 19:02:49,"78220000180661","SWOTCalVal_WM_GNSS_L2_Rec3_20220726T155300_20220727T005100",58.2682917628759,0.05
"418",2022-07-26 18:55:34,"78220000180671","SWOTCalVal_WM_GNSS_L2_Rec3_20220726T155300_20220727T005100",58.2884060190332,0.05
"419",2022-07-26 18:53:56,"78220000180681","SWOTCalVal_WM_GNSS_L2_Rec3_20220726T155300_20220727T005100",58.2956342947995,0.05
"420",2022-07-26 18:52:22,"78220000180691","SWOTCalVal_WM_GNSS_L2_Rec3_20220726T155300_20220727T005100",58.2977119265662,0.05
"421",2022-07-26 18:51:25,"78220000180701","SWOTCalVal_WM_GNSS_L2_Rec3_20220726T155300_20220727T005100",58.3080884370641,0.05
"422",2022-07-26 18:49:46,"78220000180711","SWOTCalVal_WM_GNSS_L2_Rec3_20220726T155300_20220727T005100",58.3483580211224,0.05
"423",2022-07-26 18:48:32,"78220000180721","SWOTCalVal_WM_GNSS_L2_Rec3_20220726T155300_20220727T005100",58.4035340771301,0.05
"424",2022-07-26 18:47:20,"78220000180731","SWOTCalVal_WM_GNSS_L2_Rec3_20220726T155300_20220727T005100",58.4685476463912,0.05
"425",2022-07-26 18:46:06,"78220000180741","SWOTCalVal_WM_GNSS_L2_Rec3_20220726T155300_20220727T005100",58.567684973461,0.05
"426",2022-07-26 18:38:46,"78220000180751","SWOTCalVal_WM_GNSS_L2_Rec3_20220726T155300_20220727T005100",58.572117520781,0.05
"427",2022-07-26 18:16:09,"78220000180811","SWOTCalVal_WM_GNSS_L2_Rec3_20220726T155300_20220727T005100",58.8536102802224,0.05
"428",2022-07-26 18:08:29,"78220000180821","SWOTCalVal_WM_GNSS_L2_Rec3_20220726T155300_20220727T005100",58.9050973854244,0.05
"429",2022-07-26 18:02:31,"78220000180851","SWOTCalVal_WM_GNSS_L2_Rec3_20220726T155300_20220727T005100",59.3911294159097,0.05
"430",2022-07-26 17:59:49,"78220000180861","SWOTCalVal_WM_GNSS_L2_Rec3_20220726T155300_20220727T005100",59.5111533111419,0.05
"431",2022-07-26 17:59:01,"78220000180871","SWOTCalVal_WM_GNSS_L2_Rec3_20220726T155300_20220727T005100",59.6924352032621,0.05
"432",2022-07-26 17:57:59,"78220000180881","SWOTCalVal_WM_GNSS_L2_Rec3_20220726T155300_20220727T005100",59.8400954363404,0.05
"433",2022-07-26 17:56:57,"78220000180891","SWOTCalVal_WM_GNSS_L2_Rec3_20220726T155300_20220727T005100",59.8677885402161,0.05
"434",2022-07-26 17:55:53,"78220000180901","SWOTCalVal_WM_GNSS_L2_Rec3_20220726T155300_20220727T005100",59.9422970455785,0.05
"435",2022-07-26 17:54:42,"78220000180911","SWOTCalVal_WM_GNSS_L2_Rec3_20220726T155300_20220727T005100",59.9917496613145,0.05
"436",2022-07-26 17:53:34,"78220000180921","SWOTCalVal_WM_GNSS_L2_Rec3_20220726T155300_20220727T005100",60.1371556164014,0.05
"437",2022-07-26 17:52:36,"78220000180931","SWOTCalVal_WM_GNSS_L2_Rec3_20220726T155300_20220727T005100",60.4098572447781,0.05
"438",2022-07-26 17:51:30,"78220000180941","SWOTCalVal_WM_GNSS_L2_Rec3_20220726T155300_20220727T005100",60.6100498506736,0.05
"439",2022-07-26 17:44:32,"78220000180951","SWOTCalVal_WM_GNSS_L2_Rec3_20220726T155300_20220727T005100",60.6810522129771,0.05
"440",2022-07-26 17:43:57,"78220000190011","SWOTCalVal_WM_GNSS_L2_Rec3_20220726T155300_20220727T005100",60.6791444560699,0.05
"441",2022-07-26 20:12:07,"78220000230031","SWOTCalVal_WM_GNSS_L2_Rec3_20220726T155300_20220727T005100",55.3920959746257,0.05
"442",2022-07-26 20:10:51,"78220000230041","SWOTCalVal_WM_GNSS_L2_Rec3_20220726T155300_20220727T005100",55.4513316190588,0.05
"443",2022-07-26 20:09:36,"78220000230051","SWOTCalVal_WM_GNSS_L2_Rec3_20220726T155300_20220727T005100",55.5294148509954,0.05
