"","reach_id","pt_time_UTC","slope","slope_precision"
"1","78220000171","2022-07-25 18:45:00",0.00029627772313105,NA
"2","78220000171","2022-07-25 19:00:00",0.00029627772313105,NA
"3","78220000171","2022-07-25 19:15:00",0.00029582772313105,NA
"4","78220000171","2022-07-25 19:30:00",0.00029687772313105,NA
"5","78220000171","2022-07-25 19:45:00",0.00029702772313105,NA
"6","78220000171","2022-07-25 20:00:00",0.000238486497782785,0.000108532531020184
"7","78220000171","2022-07-25 20:15:00",0.000238336497782785,0.000108669820666214
"8","78220000171","2022-07-25 20:30:00",0.000238036497782785,0.000108719869969041
"9","78220000171","2022-07-25 20:45:00",0.000238186497782786,0.000108557590203892
"10","78220000171","2022-07-25 21:00:00",0.00023833649778279,0.00010866982066622
"11","78220000171","2022-07-25 21:15:00",0.000238186497782785,0.000108831519601796
"12","78220000171","2022-07-25 21:30:00",0.000238486497782786,0.000108532531020184
"13","78220000171","2022-07-25 21:45:00",0.000238336497782785,0.000108669820666214
"14","78220000171","2022-07-25 22:00:00",0.000238336497782785,0.000108395482634967
"15","78220000171","2022-07-25 22:15:00",0.000238636497782785,0.000108395482634966
"16","78220000171","2022-07-25 22:30:00",0.000238636497782785,0.000108694434194471
"17","78220000171","2022-07-25 22:45:00",0.000238636497782785,0.000108669820666214
"18","78220000171","2022-07-25 23:00:00",0.000238486497782785,0.000108532531020184
"19","78220000171","2022-07-25 23:15:00",0.000238636497782785,0.000108370801207882
"20","78220000171","2022-07-25 23:30:00",0.000361303874988808,0.00012391198924054
"21","78220000171","2022-07-25 23:45:00",0.000361220541655476,0.000123831246058542
"22","78220000171","2022-07-26 00:00:00",0.000361753874988808,0.000124148692925686
"23","78220000171","2022-07-26 00:15:00",0.000361703874988809,0.000124149737891817
"24","78220000171","2022-07-26 00:30:00",0.00036158720832214,0.000124197885358018
"25","78220000171","2022-07-26 00:45:00",0.000361437208322143,0.000124077778402998
"26","78220000171","2022-07-26 01:00:00",0.000361687208322142,0.00012410898126907
"27","78220000171","2022-07-26 01:15:00",0.000361737208322143,0.000124077778402998
"28","78220000171","2022-07-26 01:30:00",0.000361437208322141,0.000124077778402998
"29","78220000171","2022-07-26 01:45:00",0.000361953874988809,0.000124237536400692
"30","78220000171","2022-07-26 02:00:00",0.000361637208322141,0.000124166825638656
"31","78220000171","2022-07-26 02:15:00",0.000361620541655476,0.00012422618326285
"32","78220000171","2022-07-26 02:30:00",0.000361320541655476,0.000124126031659574
"33","78220000171","2022-07-26 02:45:00",0.000361403874988808,0.000124206454392235
"34","78220000171","2022-07-26 03:00:00",0.000361887208322142,0.000124555061073373
"35","78220000171","2022-07-26 03:15:00",0.000361053874988809,0.000123910554893831
"36","78220000171","2022-07-26 03:30:00",0.000361320541655476,0.000124069278395055
"37","78220000171","2022-07-26 03:45:00",0.000361170541655474,0.000124189393570667
"38","78220000171","2022-07-26 04:00:00",0.000361437208322141,0.000124348104272465
"39","78220000171","2022-07-26 04:15:00",0.000361337208322143,0.000124196873003924
"40","78220000171","2022-07-26 04:30:00",0.000361653874988808,0.000124538395960515
"41","78220000171","2022-07-26 04:45:00",0.00036155387498881,0.000124387146828822
"42","78220000171","2022-07-26 05:00:00",0.000361720541655475,0.000124307627209793
"43","78220000171","2022-07-26 05:15:00",0.000361870541655476,0.000124458412697902
"44","78220000171","2022-07-26 05:30:00",0.000361920541655476,0.000124426919728242
"45","78220000171","2022-07-26 05:45:00",0.000361853874988809,0.000124387146828823
"46","78220000171","2022-07-26 06:00:00",0.000361720541655476,0.000124547643295602
"47","78220000171","2022-07-26 06:15:00",0.000361570541655475,0.000124427512297356
"48","78220000171","2022-07-26 06:30:00",0.000361720541655475,0.000124307627209793
"49","78220000171","2022-07-26 06:45:00",0.000362037208322141,0.000124435298870585
"50","78220000171","2022-07-26 07:00:00",0.000361720541655475,0.000124547643295603
"51","78220000171","2022-07-26 07:15:00",0.000361637208322141,0.000124467229448901
"52","78220000171","2022-07-26 07:30:00",0.000361837208322144,0.000124586433359393
"53","78220000171","2022-07-26 07:45:00",0.000361937208322141,0.000124467229448901
"54","78220000171","2022-07-26 08:00:00",0.000362187208322142,0.000124825579036206
"55","78220000171","2022-07-26 08:15:00",0.000361887208322144,0.000124498647964177
"56","78220000171","2022-07-26 08:30:00",0.000361903874988808,0.000124626185453638
"57","78220000171","2022-07-26 08:45:00",0.000361853874988809,0.000124627009769853
"58","78220000171","2022-07-26 09:00:00",0.000361987208322142,0.000124706411267403
"59","78220000171","2022-07-26 09:15:00",0.000362087208322143,0.00012458732215063
"60","78220000171","2022-07-26 09:30:00",0.00036205387498881,0.000124506491665071
"61","78220000171","2022-07-26 09:45:00",0.000362203874988808,0.000124626185453638
"62","78220000171","2022-07-26 10:00:00",0.000362270541655475,0.000124665946262673
"63","78220000171","2022-07-26 10:15:00",0.000362037208322141,0.000124705715778164
"64","78220000171","2022-07-26 10:30:00",0.000362203874988808,0.000124626185453638
"65","78220000171","2022-07-26 10:45:00",0.000361653874988809,0.000124507973213146
"66","78220000171","2022-07-26 11:00:00",0.000361603874988809,0.000124299285049869
"67","78220000171","2022-07-26 11:15:00",0.000361953874988808,0.000124538395960515
"68","78220000171","2022-07-26 11:30:00",0.00036150387498881,0.000124387803902414
"69","78220000171","2022-07-26 11:45:00",0.000361703874988808,0.000124691127607666
"70","78220000171","2022-07-26 12:00:00",0.000361803874988808,0.000124331459677678
"71","78220000171","2022-07-26 12:15:00",0.000361803874988809,0.000124658420102285
"72","78220000171","2022-07-26 12:30:00",0.000361753874988808,0.000124419178175588
"73","78220000171","2022-07-26 12:45:00",0.000361453874988808,0.000124419178175588
"74","78220000171","2022-07-26 13:00:00",0.000361403874988808,0.00012418003097672
"75","78220000171","2022-07-26 13:15:00",0.000361520541655477,0.000124458908699745
"76","78220000171","2022-07-26 13:30:00",0.000361520541655474,0.000124458908699746
"77","78220000171","2022-07-26 13:45:00",0.000361420541655477,0.000124259736150595
"78","78220000171","2022-07-26 14:00:00",0.000361603874988808,0.000124299285049869
"79","78220000171","2022-07-26 14:15:00",0.000361353874988809,0.000124267880506933
"80","78220000171","2022-07-26 14:30:00",0.00036170387498881,0.000124506955348667
"81","78220000171","2022-07-26 14:45:00",0.000361137208322144,0.000124348104272464
"82","78220000171","2022-07-26 15:00:00",0.000361603874988809,0.000124299285049869
"83","78220000171","2022-07-26 15:15:00",0.000361437208322143,0.000124378831442204
"84","78220000171","2022-07-26 15:30:00",0.000361487208322141,0.000124347382653216
"85","78220000171","2022-07-26 15:45:00",0.000361420541655475,0.000124307627209793
"86","78220000171","2022-07-26 16:00:00",0.000361620541655475,0.000124339743381601
"87","78220000171","2022-07-26 16:15:00",0.000361470541655476,0.000124219773587873
"88","78220000171","2022-07-26 16:30:00",0.000361770541655475,0.000124219773587873
"89","78220000171","2022-07-26 16:45:00",0.000361770541655476,0.000124219773587873
"90","78220000171","2022-07-26 17:00:00",0.000361820541655475,0.000124131978627249
"91","78220000171","2022-07-26 17:15:00",0.000361837208322142,0.000124259524948387
"92","78220000171","2022-07-26 17:30:00",0.000361853874988809,0.000124387146828823
"93","78220000171","2022-07-26 17:45:00",0.000362270541655476,0.000124339053883934
"94","78220000171","2022-07-26 18:00:00",0.000361987208322141,0.000124139840125638
"95","78220000171","2022-07-26 18:15:00",0.000362203874988808,0.000124299285049869
"96","78220000171","2022-07-26 18:30:00",0.000362187208322142,0.00012422814255303
"97","78220000171","2022-07-26 18:45:00",0.000362337208322144,0.000124348104272464
"98","78220000171","2022-07-26 19:00:00",0.00036250387498881,0.000124299285049868
"99","78220000171","2022-07-26 19:15:00",0.000362587208322142,0.000124379456400077
"100","78220000171","2022-07-26 19:30:00",0.000362537208322141,0.000124467229448901
"101","78220000171","2022-07-26 19:45:00",0.000362620541655476,0.000124307627209792
"102","78220000171","2022-07-26 20:00:00",0.000362620541655475,0.000124307627209793
"103","78220000171","2022-07-26 20:15:00",0.000362470541655475,0.000124427512297356
"104","78220000171","2022-07-26 20:30:00",0.00036265387498881,0.000124148692925685
"105","78220000171","2022-07-26 20:45:00",0.000362264603321096,0.000124213192140159
"106","78220000171","2022-07-26 21:00:00",0.000362047936654429,0.000124207200768698
"107","78220000171","2022-07-26 21:15:00",0.000361997936654429,0.000124054402479486
"108","78220000171","2022-07-26 21:30:00",0.000362127026212496,0.00012431689718176
"109","78220000171","2022-07-26 21:45:00",0.000362121087878118,0.000123921030336123
"110","78220000171","2022-07-26 22:00:00",0.000361670039998542,0.000124544140769775
"111","78220000171","2022-07-26 22:15:00",0.000361913555441522,0.000124744029704524
"112","78220000171","2022-07-26 22:30:00",0.000361903373331876,0.000124504410717748
"113","78220000171","2022-07-26 22:45:00",0.000362021087878117,0.000123983284475544
"114","78220000171","2022-07-26 23:00:00",0.000361470039998542,0.000124424976850943
"115","78220000171","2022-07-26 23:15:00",0.000360986706665208,0.000124194928368658
"116","78220000171","2022-07-26 23:30:00",0.00036089348144677,0.000125035073339961
"117","78220000171","2022-07-26 23:45:00",0.000360810148113436,0.00012495372226519
"118","78220000171","2022-07-27 00:00:00",0.00036106137092575,0.000124886521583227
"119","78220000171","2022-07-27 00:15:00",0.000361387929477522,0.000124487532681154
"120","78220000171","2022-07-27 00:30:00",0.00036071137092575,0.000124888339889007
"121","78220000171","2022-07-27 00:45:00",0.00036104348144677,0.000125241288828542
"122","78220000171","2022-07-27 01:00:00",0.000360578037592416,0.000124895206376877
"123","78220000171","2022-07-27 01:15:00",0.00036066137092575,0.000124976126387454
"124","78220000171","2022-07-27 01:30:00",0.000360744704259083,0.000124816042580431
"125","78220000171","2022-07-27 01:45:00",0.000360894704259084,0.000125022739322673
"126","78220000171","2022-07-27 02:00:00",0.00036061137092575,0.000125063971204316
"127","78220000171","2022-07-27 02:15:00",0.000360478037592416,0.000124984892965422
"128","78220000171","2022-07-27 02:30:00",0.000360478037592417,0.000124744141601845
"129","78220000171","2022-07-27 02:45:00",0.000360178037592416,0.000124984892965422
"130","78220000171","2022-07-27 03:00:00",0.000359828037592418,0.000124745729510295
"131","78220000171","2022-07-27 03:15:00",0.000360061370925751,0.000124976126387455
"132","78220000171","2022-07-27 03:30:00",0.000360394704259084,0.000124933568163603
"133","78220000171","2022-07-27 03:45:00",0.000360278037592417,0.000125165332355202
"134","78220000171","2022-07-27 04:00:00",0.000360478037592417,0.000125284175215037
"135","78220000171","2022-07-27 04:15:00",0.00036056137092575,0.000125124304372115
"136","78220000171","2022-07-27 04:30:00",0.00036021137092575,0.000125212212947406
"137","78220000171","2022-07-27 04:45:00",0.000360644704259084,0.000125291552102829
"138","78220000171","2022-07-27 05:00:00",0.00036066137092575,0.000125275669052482
"139","78220000171","2022-07-27 05:15:00",0.000360644704259084,0.000125204937877184
"140","78220000171","2022-07-27 05:30:00",0.000360778037592416,0.000125284175215037
"141","78220000171","2022-07-27 05:45:00",0.000360628037592417,0.000125163965487331
"142","78220000171","2022-07-27 06:00:00",0.000360594704259084,0.000125292757952766
"143","78220000171","2022-07-27 06:15:00",0.000360544704259084,0.000125083707967732
"144","78220000171","2022-07-27 06:30:00",0.000360544704259084,0.000125323807014284
"145","78220000171","2022-07-27 06:45:00",0.000360644704259084,0.000125531970565003
"146","78220000171","2022-07-27 07:00:00",0.000360844704259084,0.000125323807014284
"147","78220000171","2022-07-27 07:15:00",0.000360628037592416,0.000125163965487331
"148","78220000171","2022-07-27 07:30:00",0.000360228037592417,0.000125253148264501
"149","78220000171","2022-07-27 07:45:00",0.000360328037592416,0.00012513437183462
"150","78220000171","2022-07-27 08:00:00",0.000360144704259083,0.000125086147646753
"151","78220000171","2022-07-27 08:15:00",0.000359794704259084,0.000124846921846648
"152","78220000171","2022-07-27 08:30:00",0.00036001137092575,0.00012500699810793
"153","78220000171","2022-07-27 08:45:00",0.00036016137092575,0.000125213547343173
"154","78220000171","2022-07-27 09:00:00",0.000360294704259083,0.000125206791492729
"155","78220000171","2022-07-27 09:15:00",0.000360461370925751,0.000125243313914674
"156","78220000171","2022-07-27 09:30:00",0.00036031137092575,0.000125093269744869
"157","78220000171","2022-07-27 09:45:00",0.000360244704259083,0.000125323807014284
"158","78220000171","2022-07-27 10:00:00",0.000360494704259083,0.000125325467370474
"159","78220000171","2022-07-27 10:15:00",0.000360511370925749,0.000125396130559701
"160","78220000171","2022-07-27 10:30:00",0.000360644704259083,0.000125475353422474
"161","78220000171","2022-07-27 10:45:00",0.000360678037592417,0.000125673563420083
"162","78220000171","2022-07-27 11:00:00",0.000360544704259084,0.000125323807014284
"163","78220000171","2022-07-27 11:15:00",0.000360311370925751,0.000125363447556009
"164","78220000171","2022-07-27 11:30:00",0.000360194704259084,0.00012508465200028
"165","78220000171","2022-07-27 11:45:00",0.00036011137092575,0.000124917535527646
"166","78220000171","2022-07-27 12:00:00",0.000359711370925751,0.00012500699810793
"167","78220000171","2022-07-27 12:15:00",0.000359978037592417,0.000125165332355202
"168","78220000171","2022-07-27 12:30:00",0.000359711370925751,0.00012500699810793
"169","78220000171","2022-07-27 12:45:00",0.00035996137092575,0.000125124304372115
"170","78220000171","2022-07-27 13:00:00",0.00036001137092575,0.000125036453956535
"171","78220000171","2022-07-27 13:15:00",0.000359761370925749,0.000125005373520028
"172","78220000171","2022-07-27 13:30:00",0.00035981137092575,0.000124974405378616
"173","78220000171","2022-07-27 13:45:00",0.00035996137092575,0.000125124304372115
"174","78220000171","2022-07-27 14:00:00",0.00036011137092575,0.000125331234761773
"175","78220000171","2022-07-27 14:15:00",0.000359844704259083,0.00012517255646751
"176","78220000171","2022-07-27 14:30:00",0.000359944704259083,0.000125083707967731
"177","78220000171","2022-07-27 14:45:00",0.000360361370925749,0.000125362401923598
"178","78220000171","2022-07-27 15:00:00",0.00035986137092575,0.00012497323646551
"179","78220000171","2022-07-27 15:15:00",0.000360161370925751,0.000125243313914674
"180","78220000171","2022-07-27 15:30:00",0.000360294704259083,0.000125322697215944
"181","78220000171","2022-07-27 15:45:00",0.000359944704259084,0.000125083707967731
"182","78220000171","2022-07-27 16:00:00",0.000359878037592416,0.000125014018060562
"183","78220000171","2022-07-27 16:15:00",0.000360044704259084,0.000124964610443248
"184","78220000171","2022-07-27 16:30:00",0.000359828037592416,0.000125045008380142
"185","78220000171","2022-07-27 16:45:00",0.000360078037592416,0.000125076110948225
"186","78220000171","2022-07-27 17:00:00",0.000360078037592417,0.000125046568476964
"187","78220000171","2022-07-27 17:15:00",0.00035981137092575,0.000125158672443812
"188","78220000171","2022-07-27 17:30:00",0.000360078037592417,0.000124805936085858
"189","78220000171","2022-07-27 17:45:00",0.00036031137092575,0.00012500699810793
"190","78220000171","2022-07-27 18:00:00",0.00036006137092575,0.000124735358103532
"191","78220000171","2022-07-27 18:15:00",0.000359911370925749,0.000124528593900804
"192","78220000171","2022-07-27 18:30:00",0.00036011137092575,0.000124647402037248
"193","78220000171","2022-07-27 18:45:00",0.00036026137092575,0.000124767748787231
"194","78220000171","2022-07-27 19:00:00",0.000360378037592417,0.000124776473905134
"195","78220000171","2022-07-27 19:15:00",0.000360044704259084,0.000124578763093843
"196","78220000171","2022-07-27 19:30:00",0.000360228037592417,0.000124329139674884
"197","78220000171","2022-07-27 19:45:00",0.000360444704259083,0.000124489008833457
"198","78220000171","2022-07-27 20:00:00",0.000360228037592417,0.000124569970610471
"199","78220000171","2022-07-27 20:15:00",0.000360178037592416,0.000124330757012781
"200","78220000171","2022-07-27 20:30:00",0.000360600642593464,0.000124464028905519
"201","78220000171","2022-07-27 20:45:00",0.00036026137092575,0.000124497796324948
"202","78220000171","2022-07-27 21:00:00",0.000359928037592417,0.000124300071320286
"203","78220000171","2022-07-27 21:15:00",0.000360138219702063,0.000124332123107194
"204","78220000171","2022-07-27 21:30:00",0.000360128037592416,0.000124418679730787
"205","78220000171","2022-07-27 21:45:00",0.000360679085471992,0.000123921217506093
"206","78220000171","2022-07-27 22:00:00",0.000360494704259084,0.000124458233601452
"207","78220000171","2022-07-27 22:15:00",0.000360544704259083,0.000124697363042351
"208","78220000171","2022-07-27 22:30:00",0.000360644704259083,0.000124848804806683
"209","78220000171","2022-07-27 22:45:00",0.00036046137092575,0.0001246165375281
"210","78220000171","2022-07-27 23:00:00",0.000360594704259084,0.000124609508558276
"211","78220000171","2022-07-27 23:15:00",0.000361437929477522,0.000124129751284395
"212","78220000171","2022-07-27 23:30:00",0.000360678037592416,0.000124776473905134
"213","78220000171","2022-07-27 23:45:00",0.00036109348144677,0.000124883387954024
"214","78220000171","2022-07-28 00:00:00",0.000360978037592417,0.000124776473905134
"215","78220000171","2022-07-28 00:15:00",0.00036066137092575,0.000124649055358272
"216","78220000171","2022-07-28 00:30:00",0.000360828037592417,0.000124897056582599
"217","78220000171","2022-07-28 00:45:00",0.00036071137092575,0.000124945367091661
"218","78220000171","2022-07-28 01:00:00",0.000360461370925749,0.000124616537528099
"219","78220000171","2022-07-28 01:15:00",0.000360394704259083,0.000124903967959472
"220","78220000171","2022-07-28 01:30:00",0.000360394704259083,0.000124903967959472
"221","78220000171","2022-07-28 01:45:00",0.000360478037592416,0.000125071131877363
"222","78220000171","2022-07-28 02:00:00",0.00036016137092575,0.000124914720303601
"223","78220000171","2022-07-28 02:15:00",0.00036051137092575,0.000124912806314855
"224","78220000171","2022-07-28 02:30:00",0.000360378037592416,0.000124833696403001
"225","78220000171","2022-07-28 02:45:00",0.000360361370925749,0.000125033257512755
"226","78220000171","2022-07-28 03:00:00",0.00035996137092575,0.000124796262815851
"227","78220000171","2022-07-28 03:15:00",0.000360011370925749,0.000124736914056307
"228","78220000171","2022-07-28 03:30:00",0.000359794704259084,0.000124576948296696
"229","78220000171","2022-07-28 03:45:00",0.000359978037592417,0.000124625361496997
"230","78220000171","2022-07-28 04:00:00",0.000360194704259083,0.000124785275879396
"231","78220000171","2022-07-28 04:15:00",0.00036001137092575,0.00012500699810793
"232","78220000171","2022-07-28 04:30:00",0.00035981137092575,0.000124704539420477
"233","78220000171","2022-07-28 04:45:00",0.000359494704259083,0.000124576948296696
"234","78220000171","2022-07-28 05:00:00",0.00035951137092575,0.000124618287552697
"235","78220000171","2022-07-28 05:15:00",0.000359578037592417,0.000124657820871675
"236","78220000171","2022-07-28 05:30:00",0.000359778037592417,0.000124776473905134
"237","78220000171","2022-07-28 05:45:00",0.000359894704259083,0.00012472817548116
"238","78220000171","2022-07-28 06:00:00",0.000359944704259083,0.00012505363951876
"239","78220000171","2022-07-28 06:15:00",0.000359678037592416,0.000124895206376877
"240","78220000171","2022-07-28 06:30:00",0.000359878037592416,0.000124687022366176
"241","78220000171","2022-07-28 06:45:00",0.000359894704259084,0.000124814615804263
"242","78220000171","2022-07-28 07:00:00",0.00036011137092575,0.000124974405378616
"243","78220000171","2022-07-28 07:15:00",0.000360078037592417,0.000124805936085858
"244","78220000171","2022-07-28 07:30:00",0.000359944704259083,0.00012505363951876
"245","78220000171","2022-07-28 07:45:00",0.000360094704259084,0.000124942644758356
"246","78220000171","2022-07-28 08:00:00",0.000360144704259083,0.000124902638262555
"247","78220000171","2022-07-28 08:15:00",0.000360194704259083,0.000124814615804262
"248","78220000171","2022-07-28 08:30:00",0.000360244704259083,0.00012505363951876
"249","78220000171","2022-07-28 08:45:00",0.000360294704259083,0.000125022739322673
"250","78220000171","2022-07-28 09:00:00",0.000360511370925749,0.000125212212947407
"251","78220000171","2022-07-28 09:15:00",0.000360194704259084,0.000125141589743254
"252","78220000171","2022-07-28 09:30:00",0.000359994704259083,0.000125022739322673
"253","78220000171","2022-07-28 09:45:00",0.000360044704259084,0.000125021602855949
"254","78220000171","2022-07-28 10:00:00",0.000360394704259084,0.000125260518996182
"255","78220000171","2022-07-28 10:15:00",0.000360061370925749,0.000125062347356507
"256","78220000171","2022-07-28 10:30:00",0.000360044704259083,0.000124991951495294
"257","78220000171","2022-07-28 10:45:00",0.000359761370925751,0.000124792599454672
"258","78220000171","2022-07-28 11:00:00",0.000359961370925751,0.000124911444689341
"259","78220000171","2022-07-28 11:15:00",0.000359744704259083,0.000124991951495294
"260","78220000171","2022-07-28 11:30:00",0.000359711370925751,0.000124823372361899
"261","78220000171","2022-07-28 11:45:00",0.000359794704259083,0.000124903967959473
"262","78220000171","2022-07-28 12:00:00",0.000359644704259084,0.000124783752585113
"263","78220000171","2022-07-28 12:15:00",0.000359911370925751,0.00012488525575937
"264","78220000171","2022-07-28 12:30:00",0.000359761370925749,0.000125332376399656
"265","78220000171","2022-07-28 12:45:00",0.00035996137092575,0.000125124304372115
"266","78220000171","2022-07-28 13:00:00",0.000359761370925749,0.000125005373520028
"267","78220000171","2022-07-28 13:15:00",0.00035981137092575,0.000125004300893239
"268","78220000171","2022-07-28 13:30:00",0.000359928037592417,0.000125021920356773
"269","78220000171","2022-07-28 13:45:00",0.000360044704259084,0.000125261820944242
"270","78220000171","2022-07-28 14:00:00",0.000359911370925751,0.000124942284369709
"271","78220000171","2022-07-28 14:15:00",0.00035981137092575,0.000124974405378616
"272","78220000171","2022-07-28 14:30:00",0.00035996137092575,0.000125181224079506
"273","78220000171","2022-07-28 14:45:00",0.00036001137092575,0.000125420258732655
"274","78220000171","2022-07-28 15:00:00",0.000360094704259083,0.000125260518996183
"275","78220000171","2022-07-28 15:15:00",0.000359378037592417,0.000124981939236952
"276","78220000171","2022-07-28 15:30:00",0.000359794704259084,0.000124990718741543
"277","78220000171","2022-07-28 15:45:00",0.000359894704259083,0.000124901860986425
"278","78220000171","2022-07-28 16:00:00",0.000359478037592417,0.000124863000923834
"279","78220000171","2022-07-28 16:15:00",0.000359828037592416,0.000125101964166146
"280","78220000171","2022-07-28 16:30:00",0.000359778037592417,0.000124863000923834
"281","78220000171","2022-07-28 16:45:00",0.000359928037592417,0.000124983140072986
"282","78220000171","2022-07-28 17:00:00",0.00036001137092575,0.000124823372361899
"283","78220000171","2022-07-28 17:15:00",0.000359878037592416,0.000124744141601845
"284","78220000171","2022-07-28 17:30:00",0.00035996137092575,0.000124911444689341
"285","78220000171","2022-07-28 17:45:00",0.00035981137092575,0.000124704539420477
"286","78220000171","2022-07-28 18:00:00",0.00036001137092575,0.000124823372361899
"287","78220000171","2022-07-28 18:15:00",0.00036001137092575,0.000124823372361899
"288","78220000171","2022-07-28 18:30:00",0.000359894704259083,0.000124544861277775
"289","78220000171","2022-07-28 18:45:00",0.00036001137092575,0.000124553757230089
"290","78220000171","2022-07-28 19:00:00",0.000360244704259083,0.000124514148037712
"291","78220000171","2022-07-28 19:15:00",0.000359928037592417,0.000124443969750136
"292","78220000171","2022-07-28 19:30:00",0.000360094704259083,0.000124364840355665
"293","78220000171","2022-07-28 19:45:00",0.000360128037592418,0.000124476066709188
"294","78220000171","2022-07-28 20:00:00",0.000360328037592416,0.000124594700204761
"295","78220000171","2022-07-28 20:15:00",0.00036016137092575,0.00012434683581751
"296","78220000171","2022-07-28 20:30:00",0.00036026137092575,0.000124469152996634
"297","78220000171","2022-07-28 20:45:00",0.000360528037592417,0.000124386423253243
"298","78220000171","2022-07-28 21:00:00",0.000360561370925751,0.000124497796324948
"299","78220000171","2022-07-28 21:15:00",0.000360444704259083,0.000124276678383795
"300","78220000171","2022-07-28 21:30:00",0.00036061137092575,0.000124467111642494
"301","78220000171","2022-07-28 21:45:00",0.000360511370925749,0.000124499740790263
"302","78220000171","2022-07-28 22:00:00",0.000360744704259083,0.000124546218881885
"303","78220000171","2022-07-28 22:15:00",0.000361061370925749,0.000124673833433203
"304","78220000171","2022-07-28 22:30:00",0.000361078037592416,0.000124744141601845
"305","78220000171","2022-07-28 22:45:00",0.000361111370925749,0.000124585785771689
"306","78220000171","2022-07-28 23:00:00",0.00036116137092575,0.000124824831082888
"307","78220000171","2022-07-28 23:15:00",0.000361228037592416,0.000124864395112376
"308","78220000171","2022-07-28 23:30:00",0.000361328037592417,0.000124832205742598
"309","78220000171","2022-07-28 23:45:00",0.000361494704259083,0.000124695742439915
"310","78220000171","2022-07-29 00:00:00",0.000361428037592417,0.000124983140072986
"311","78220000171","2022-07-29 00:15:00",0.00036161137092575,0.000125031537290303
"312","78220000171","2022-07-29 00:30:00",0.000361678037592417,0.000125071131877363
"313","78220000171","2022-07-29 00:45:00",0.000361744704259083,0.000125110735248123
"314","78220000171","2022-07-29 01:00:00",0.000361778037592416,0.000124952374500689
"315","78220000171","2022-07-29 01:15:00",0.000361678037592417,0.000125071131877363
"316","78220000171","2022-07-29 01:30:00",0.000361328037592418,0.000125072787592501
"317","78220000171","2022-07-29 01:45:00",0.000361628037592416,0.000125159181667449
"318","78220000171","2022-07-29 02:00:00",0.000361694704259083,0.000125198789135147
"319","78220000171","2022-07-29 02:15:00",0.000361428037592417,0.000125040411947264
"320","78220000171","2022-07-29 02:30:00",0.000361428037592416,0.000125040411947264
"321","78220000171","2022-07-29 02:45:00",0.000360994704259083,0.00012496127611968
"322","78220000171","2022-07-29 03:00:00",0.00036101137092575,0.000125031537290304
"323","78220000171","2022-07-29 03:15:00",0.000360794704259084,0.000125112326496634
"324","78220000171","2022-07-29 03:30:00",0.000360778037592417,0.000125071131877363
"325","78220000171","2022-07-29 03:45:00",0.000360361370925749,0.000125062347356507
"326","78220000171","2022-07-29 04:00:00",0.00036061137092575,0.000125150347394247
"327","78220000171","2022-07-29 04:15:00",0.000360644704259083,0.000125261820944242
"328","78220000171","2022-07-29 04:30:00",0.000360494704259083,0.000125141589743254
"329","78220000171","2022-07-29 04:45:00",0.00036036137092575,0.000125062347356507
"330","78220000171","2022-07-29 05:00:00",0.000360011370925749,0.000125150347394247
"331","78220000171","2022-07-29 05:15:00",0.000359894704259084,0.000124871820823609
"332","78220000171","2022-07-29 05:30:00",0.000359994704259083,0.000125022739322673
"333","78220000171","2022-07-29 05:45:00",0.000360061370925749,0.000124792599454672
"334","78220000171","2022-07-29 06:00:00",0.00035976137092575,0.000124792599454672
"335","78220000171","2022-07-29 06:15:00",0.000360361370925751,0.000125149371895453
"336","78220000171","2022-07-29 06:30:00",0.00036031137092575,0.000125150347394247
"337","78220000171","2022-07-29 06:45:00",0.000360644704259083,0.000125348539464064
"338","78220000171","2022-07-29 07:00:00",0.00036026137092575,0.000125238405369446
"339","78220000171","2022-07-29 07:15:00",0.000360428037592416,0.000125189057020709
"340","78220000171","2022-07-29 07:30:00",0.000360278037592416,0.000125308883565901
"341","78220000171","2022-07-29 07:45:00",0.00036061137092575,0.00012547733109213
"342","78220000171","2022-07-29 08:00:00",0.000360328037592416,0.000125278030362029
"343","78220000171","2022-07-29 08:15:00",0.000360278037592417,0.000125308883565901
"344","78220000171","2022-07-29 08:30:00",0.00036056137092575,0.000125268453417252
"345","78220000171","2022-07-29 08:45:00",0.000360528037592417,0.000125396957806454
"346","78220000171","2022-07-29 09:00:00",0.00036026137092575,0.000125238405369446
"347","78220000171","2022-07-29 09:15:00",0.000360428037592416,0.000125428954405795
"348","78220000171","2022-07-29 09:30:00",0.000360478037592417,0.000125427877428651
"349","78220000171","2022-07-29 09:45:00",0.000360428037592418,0.000125515963776874
"350","78220000171","2022-07-29 10:00:00",0.000360378037592417,0.000125277215503519
"351","78220000171","2022-07-29 10:15:00",0.000360294704259083,0.000125436617749184
"352","78220000171","2022-07-29 10:30:00",0.000360594704259084,0.000125379526857127
"353","78220000171","2022-07-29 10:45:00",0.000360444704259083,0.000125316913341961
"354","78220000171","2022-07-29 11:00:00",0.000360894704259083,0.000125379526857127
"355","78220000171","2022-07-29 11:15:00",0.000360544704259084,0.000125467559478528
"356","78220000171","2022-07-29 11:30:00",0.000360544704259083,0.000125467559478528
"357","78220000171","2022-07-29 11:45:00",0.000360378037592417,0.000125277215503519
"358","78220000171","2022-07-29 12:00:00",0.00036021137092575,0.000125269236401539
"359","78220000171","2022-07-29 12:15:00",0.000360428037592416,0.000125189057020709
"360","78220000171","2022-07-29 12:30:00",0.000359978037592417,0.000124981939236953
"361","78220000171","2022-07-29 12:45:00",0.000360061370925749,0.000125062347356507
"362","78220000171","2022-07-29 13:00:00",0.000359828037592418,0.000125101964166146
"363","78220000171","2022-07-29 13:15:00",0.000360094704259083,0.000125260518996182
"364","78220000171","2022-07-29 13:30:00",0.000360078037592417,0.000125220051936091
"365","78220000171","2022-07-29 13:45:00",0.000360094704259084,0.00012529089696088
"366","78220000171","2022-07-29 14:00:00",0.000360228037592417,0.000125427350562716
"367","78220000171","2022-07-29 14:15:00",0.000360344704259084,0.00012537896788474
"368","78220000171","2022-07-29 14:30:00",0.00035991137092575,0.000125299492539648
"369","78220000171","2022-07-29 14:45:00",0.000360528037592417,0.000125370399025226
"370","78220000171","2022-07-29 15:00:00",0.000359928037592416,0.000125100500015304
"371","78220000171","2022-07-29 15:15:00",0.000360144704259083,0.000125259767891046
"372","78220000171","2022-07-29 15:30:00",0.000359911370925751,0.000125299492539648
"373","78220000171","2022-07-29 15:45:00",0.000359978037592417,0.000125339225873632
"374","78220000171","2022-07-29 16:00:00",0.000359778037592417,0.000125163149886216
"375","78220000171","2022-07-29 16:15:00",0.000359594704259083,0.000124844813910848
"376","78220000171","2022-07-29 16:30:00",0.00036001137092575,0.000125123424575622
"377","78220000171","2022-07-29 16:45:00",0.00035981137092575,0.000125004300893239
"378","78220000171","2022-07-29 17:00:00",0.000360378037592417,0.000125163149886216
"379","78220000171","2022-07-29 17:15:00",0.00035986137092575,0.00012497323646551
"380","78220000171","2022-07-29 17:30:00",0.000360294704259084,0.000125052599292512
"381","78220000171","2022-07-29 17:45:00",0.000360094704259084,0.000124933568163603
"382","78220000171","2022-07-29 18:00:00",0.000360244704259084,0.000124813741836752
"383","78220000171","2022-07-29 18:15:00",0.000360194704259083,0.000124901860986425
"384","78220000171","2022-07-29 18:30:00",0.000360194704259084,0.000124871820823609
"385","78220000171","2022-07-29 18:45:00",0.000360278037592416,0.000124712282024522
"386","78220000171","2022-07-29 19:00:00",0.00036016137092575,0.00012476084042053
"387","78220000171","2022-07-29 19:15:00",0.00036041137092575,0.00012476193918624
"388","78220000171","2022-07-29 19:30:00",0.00036031137092575,0.000124880717507689
"389","78220000171","2022-07-29 19:45:00",0.000360811370925751,0.000124999574963114
"390","78220000171","2022-07-29 20:00:00",0.000360744704259083,0.000124959947032577
"391","78220000171","2022-07-29 20:15:00",0.000360678037592417,0.000124920327877985
"392","78220000171","2022-07-29 20:30:00",0.000361044704259083,0.000125047450681296
"393","78220000171","2022-07-29 20:45:00",0.000361144704259084,0.00012519784596323
"394","78220000171","2022-07-29 21:00:00",0.00036141137092575,0.000125269236401539
"395","78220000171","2022-07-29 21:15:00",0.00036121137092575,0.000125237526374515
"396","78220000171","2022-07-29 21:30:00",0.000361344704259083,0.000125229597979271
"397","78220000171","2022-07-29 21:45:00",0.000361411370925749,0.000125029752391293
"398","78220000171","2022-07-29 22:00:00",0.00036146137092575,0.000125268453417252
"399","78220000171","2022-07-29 22:15:00",0.00036176137092575,0.000125268453417252
"400","78220000171","2022-07-29 22:30:00",0.00036156137092575,0.000125149371895452
"401","78220000171","2022-07-29 22:45:00",0.000360994704259083,0.000124990718741543
"402","78220000171","2022-07-29 23:00:00",0.000361478037592417,0.000124981939236953
"403","78220000171","2022-07-29 23:15:00",0.000361344704259083,0.000125229597979271
"404","78220000171","2022-07-29 23:30:00",0.000361644704259084,0.000125229597979271
"405","78220000171","2022-07-29 23:45:00",0.00036151137092575,0.000124910635445121
"406","78220000171","2022-07-30 00:00:00",0.00036181137092575,0.000125237526374514
"407","78220000171","2022-07-30 00:15:00",0.00036176137092575,0.000125268453417252
"408","78220000171","2022-07-30 00:30:00",0.000361878037592417,0.000125277215503519
"409","78220000171","2022-07-30 00:45:00",0.00036191137092575,0.000125148947733299
"410","78220000171","2022-07-30 01:00:00",0.000361511370925749,0.000125207686546548
"411","78220000171","2022-07-30 01:15:00",0.00036116137092575,0.000125181224079507
"412","78220000171","2022-07-30 01:30:00",0.000236960805409001,0.000110181661869942
"413","78220000171","2022-07-30 01:45:00",0.000236960805408999,0.000110181661869942
"414","78220000171","2022-07-30 02:00:00",0.000236960805408999,0.000109882796724642
"415","78220000171","2022-07-30 02:15:00",0.000237260805409001,0.000110208101350212
"416","78220000171","2022-07-30 02:30:00",0.000237110805409,0.000110344197427944
"417","78220000171","2022-07-30 02:45:00",0.000237410805409,0.000110617107680565
"418","78220000171","2022-07-30 03:00:00",0.000236810805408999,0.000110072245822553
"419","78220000171","2022-07-30 03:15:00",0.000236810805409,0.000110318198477044
"420","78220000171","2022-07-30 03:30:00",0.000236660805408999,0.000110181661869942
"421","78220000171","2022-07-30 03:45:00",0.000236660805408999,0.000110181661869942
"422","78220000171","2022-07-30 04:00:00",0.000236660805409001,0.000110181661869942
"423","78220000171","2022-07-30 04:15:00",0.000236660805408999,0.000110181661869942
"424","78220000171","2022-07-30 04:30:00",0.000236510805409,0.000110318198477044
"425","78220000171","2022-07-30 04:45:00",0.000236360805408999,0.000110181661869942
"426","78220000171","2022-07-30 05:00:00",0.000236510805409,0.000110344197427944
"427","78220000171","2022-07-30 05:15:00",0.000236360805408999,0.000110181661869942
"428","78220000171","2022-07-30 05:30:00",0.000236210805409,0.000110344197427944
"429","78220000171","2022-07-30 05:45:00",0.000236360805409001,0.000110181661869942
"430","78220000171","2022-07-30 06:00:00",0.000235910805409,0.000110318198477044
"431","78220000171","2022-07-30 06:15:00",0.000236060805408999,0.000110181661869942
"432","78220000171","2022-07-30 06:30:00",0.000236060805408999,0.000110156033069577
"433","78220000171","2022-07-30 06:45:00",0.000236060805409001,0.000110156033069577
"434","78220000171","2022-07-30 07:00:00",0.000235910805409,0.000110019295211465
"435","78220000171","2022-07-30 07:15:00",0.000235910805409,0.000110318198477044
"436","78220000171","2022-07-30 07:30:00",0.000235760805409001,0.000109857098201402
"437","78220000171","2022-07-30 07:45:00",0.000236060805409,0.000110156033069577
"438","78220000171","2022-07-30 08:00:00",0.000236110805409,0.000110019295211465
"439","78220000171","2022-07-30 08:15:00",0.000235910805408999,0.000110019295211465
"440","78220000171","2022-07-30 08:30:00",0.000235910805409,0.000110318198477045
"441","78220000171","2022-07-30 08:45:00",0.000235760805408999,0.000110181661869942
"442","78220000171","2022-07-30 09:00:00",0.000235910805409,0.000110019295211465
"443","78220000171","2022-07-30 09:15:00",0.000236060805408999,0.000110181661869942
"444","78220000171","2022-07-30 09:30:00",0.000235760805409001,0.000109857098201402
"445","78220000171","2022-07-30 09:45:00",0.000235610805409,0.000110019295211465
"446","78220000171","2022-07-30 10:00:00",0.000235610805409,0.000110019295211465
"447","78220000171","2022-07-30 10:15:00",0.000235610805409,0.000109994037693099
"448","78220000171","2022-07-30 10:30:00",0.000235460805409,0.000109857098201403
"449","78220000171","2022-07-30 10:45:00",0.000235610805409,0.0001099940376931
"450","78220000171","2022-07-30 11:00:00",0.000235310805409,0.00010969507159229
"451","78220000171","2022-07-30 11:15:00",0.000235310805409,0.00010969507159229
"452","78220000171","2022-07-30 11:30:00",0.000235460805409001,0.000109234224680957
"453","78220000171","2022-07-30 11:45:00",0.000235310805409,0.000109371532605372
"454","78220000171","2022-07-30 12:00:00",0.000235310805409,0.000109371532605372
"455","78220000171","2022-07-30 12:15:00",0.000235160805409001,0.000109533216140324
"456","78220000171","2022-07-30 12:30:00",0.000235310805409,0.000109720397932355
"457","78220000171","2022-07-30 12:45:00",0.000235160805408999,0.000109857098201402
"458","78220000171","2022-07-30 13:00:00",0.000235010805409,0.000109720397932354
"459","78220000171","2022-07-30 13:15:00",0.000235010805409,0.000110045364780276
"460","78220000171","2022-07-30 13:30:00",0.000235010805409,0.000110045364780275
"461","78220000171","2022-07-30 13:45:00",0.000234860805408999,0.000110208101350212
"462","78220000171","2022-07-30 14:00:00",0.000234860805409001,0.000110208101350212
"463","78220000171","2022-07-30 14:15:00",0.000235010805409,0.000110045364780276
"464","78220000171","2022-07-30 14:30:00",0.000235160805409001,0.000109909308099112
"465","78220000171","2022-07-30 14:45:00",0.000235310805409,0.000109746538502273
"466","78220000171","2022-07-30 15:00:00",0.000235610805409,0.000109746538502273
"467","78220000171","2022-07-30 15:15:00",0.000235310805409,0.000109746538502272
"468","78220000171","2022-07-30 15:30:00",0.000235460805408999,0.000109882796724642
"469","78220000171","2022-07-30 15:45:00",0.000235160805409001,0.000109882796724642
"470","78220000171","2022-07-30 16:00:00",0.000235460805408999,0.000109882796724642
"471","78220000171","2022-07-30 16:15:00",0.000235160805408999,0.000109909308099112
"472","78220000171","2022-07-30 16:30:00",0.000235310805409,0.000110045364780276
"473","78220000171","2022-07-30 16:45:00",0.000235460805409001,0.000109909308099112
"474","78220000171","2022-07-30 17:00:00",0.000235460805408999,0.000109909308099112
"475","78220000171","2022-07-30 17:15:00",0.000235310805409,0.000109746538502272
"476","78220000171","2022-07-30 17:30:00",0.000235460805409,0.000109610521440382
"477","78220000171","2022-07-30 17:45:00",0.000235760805409,0.000109909308099113
"478","78220000171","2022-07-30 18:00:00",0.000235160805408999,0.000109610521440381
"479","78220000171","2022-07-30 18:15:00",0.000235460805408999,0.000109610521440381
"480","78220000171","2022-07-30 18:30:00",0.000235310805409,0.000109746538502272
"481","78220000171","2022-07-30 18:45:00",0.000235460805409,0.00010958393778121
"482","78220000171","2022-07-30 19:00:00",0.000235560805409,0.000109965210654533
"483","78220000171","2022-07-30 19:15:00",0.000235760805408999,0.000109610521440381
"484","78220000171","2022-07-30 19:30:00",0.000235460805409001,0.000109583937781209
"485","78220000171","2022-07-30 19:45:00",0.000235760805408999,0.000109558169156113
"486","78220000171","2022-07-30 20:00:00",0.000235760805408999,0.000109583937781209
"487","78220000171","2022-07-30 20:15:00",0.000235910805409,0.000109720397932354
"488","78220000171","2022-07-30 20:30:00",0.000235910805409,0.00010969507159229
"489","78220000171","2022-07-30 20:45:00",0.000235910805409,0.000109695071592291
"490","78220000171","2022-07-30 21:00:00",0.000236060805409001,0.000109558169156113
"491","78220000171","2022-07-30 21:15:00",0.000235910805409,0.000109746538502273
"492","78220000171","2022-07-30 21:30:00",0.000236360805409001,0.000109558169156113
"493","78220000171","2022-07-30 21:45:00",0.000236510805409,0.000109720397932354
"494","78220000171","2022-07-30 22:00:00",0.000236360805408999,0.000109882796724643
"495","78220000171","2022-07-30 22:15:00",0.000236510805409,0.000109746538502273
"496","78220000171","2022-07-30 22:30:00",0.000236210805409,0.000109746538502272
"497","78220000171","2022-07-30 22:45:00",0.000236210805409,0.000110045364780276
"498","78220000171","2022-07-30 23:00:00",0.000236360805408999,0.000109882796724643
"499","78220000171","2022-07-30 23:15:00",0.000236810805409,0.000110045364780276
"500","78220000171","2022-07-30 23:30:00",0.000236660805408999,0.000110208101350213
"501","78220000171","2022-07-30 23:45:00",0.000236660805408999,0.000110208101350213
"502","78220000171","2022-07-31 00:00:00",0.000236660805409,0.000110208101350213
"503","78220000171","2022-07-31 00:15:00",0.000236510805409,0.000110072245822553
"504","78220000171","2022-07-31 00:30:00",0.000236660805408999,0.000109909308099112
"505","78220000171","2022-07-31 00:45:00",0.000236810805408999,0.000110371005689056
"506","78220000171","2022-07-31 01:00:00",0.000236810805408999,0.000110371005689056
"507","78220000171","2022-07-31 01:15:00",0.000236810805408999,0.000110371005689056
"508","78220000171","2022-07-31 01:30:00",0.000237110805409,0.000110371005689056
"509","78220000171","2022-07-31 01:45:00",0.000236660805409,0.00011050690114021
"510","78220000171","2022-07-31 02:00:00",0.000236660805408999,0.000110506901140209
"511","78220000171","2022-07-31 02:15:00",0.000236660805409001,0.000110235350927074
"512","78220000171","2022-07-31 02:30:00",0.000236510805409,0.000110371005689056
"513","78220000171","2022-07-31 02:45:00",0.000236360805408999,0.000110506901140209
"514","78220000171","2022-07-31 03:00:00",0.000236360805409,0.000110534077055036
"515","78220000171","2022-07-31 03:15:00",0.000236360805409001,0.000110534077055035
"516","78220000171","2022-07-31 03:30:00",0.000235910805409,0.000110371005689056
"517","78220000171","2022-07-31 03:45:00",0.000235760805409,0.000110235350927075
"518","78220000171","2022-07-31 04:00:00",0.000235610805409,0.000110371005689056
"519","78220000171","2022-07-31 04:15:00",0.000235610805409,0.000110371005689056
"520","78220000171","2022-07-31 04:30:00",0.000235460805408999,0.000110534077055035
"521","78220000171","2022-07-31 04:45:00",0.000235460805408999,0.000110208101350212
"522","78220000171","2022-07-31 05:00:00",0.000235310805409,0.000110045364780275
"523","78220000171","2022-07-31 05:15:00",0.000235460805408999,0.000109882796724642
"524","78220000171","2022-07-31 05:30:00",0.000235610805409,0.000109720397932355
"525","78220000171","2022-07-31 05:45:00",0.000235460805408999,0.000109882796724642
"526","78220000171","2022-07-31 06:00:00",0.000235460805409001,0.000109857098201402
"527","78220000171","2022-07-31 06:15:00",0.000235460805409001,0.000109857098201402
"528","78220000171","2022-07-31 06:30:00",0.000235610805409,0.000109720397932354
"529","78220000171","2022-07-31 06:45:00",0.000235610805409,0.000110019295211465
"530","78220000171","2022-07-31 07:00:00",0.000235910805409,0.000110019295211465
"531","78220000171","2022-07-31 07:15:00",0.000235760805409001,0.000110181661869942
"532","78220000171","2022-07-31 07:30:00",0.000235910805409,0.000110019295211465
"533","78220000171","2022-07-31 07:45:00",0.000236060805409,0.000110181661869942
"534","78220000171","2022-07-31 08:00:00",0.000235910805409,0.000110318198477044
"535","78220000171","2022-07-31 08:15:00",0.000236060805409,0.000110181661869942
"536","78220000171","2022-07-31 08:30:00",0.000235910805408999,0.000110318198477045
"537","78220000171","2022-07-31 08:45:00",0.000236360805409,0.000109857098201403
"538","78220000171","2022-07-31 09:00:00",0.000236210805409,0.00010969507159229
"539","78220000171","2022-07-31 09:15:00",0.000236210805409,0.000109695071592291
"540","78220000171","2022-07-31 09:30:00",0.000236360805409001,0.000109832213099965
"541","78220000171","2022-07-31 09:45:00",0.000236510805409,0.000109994037693099
"542","78220000171","2022-07-31 10:00:00",0.000236510805409,0.000109994037693099
"543","78220000171","2022-07-31 10:15:00",0.000236060805408999,0.000109857098201402
"544","78220000171","2022-07-31 10:30:00",0.000236510805409,0.000110019295211465
"545","78220000171","2022-07-31 10:45:00",0.000236360805408999,0.000110156033069577
"546","78220000171","2022-07-31 11:00:00",0.000236210805409001,0.000109695071592291
"547","78220000171","2022-07-31 11:15:00",0.000236060805409,0.000109832213099965
"548","78220000171","2022-07-31 11:30:00",0.000236060805408999,0.000109533216140324
"549","78220000171","2022-07-31 11:45:00",0.000235760805409001,0.000109533216140324
"550","78220000171","2022-07-31 12:00:00",0.000235910805409001,0.000109371532605373
"551","78220000171","2022-07-31 12:15:00",0.000235610805409,0.000109670560046173
"552","78220000171","2022-07-31 12:30:00",0.000235610805409,0.000109371532605372
"553","78220000171","2022-07-31 12:45:00",0.000235760805409001,0.000109533216140324
"554","78220000171","2022-07-31 13:00:00",0.000235760805408999,0.000109533216140324
"555","78220000171","2022-07-31 13:15:00",0.000235610805409,0.000109695071592291
"556","78220000171","2022-07-31 13:30:00",0.000235760805409,0.000109857098201403
"557","78220000171","2022-07-31 13:45:00",0.000235660805409,0.000109857098201402
"558","78220000171","2022-07-31 14:00:00",0.000235460805409001,0.000109558169156113
"559","78220000171","2022-07-31 14:15:00",0.000235610805409,0.00010969507159229
"560","78220000171","2022-07-31 14:30:00",0.000235760805408999,0.000109558169156113
"561","78220000171","2022-07-31 14:45:00",0.000235760805408999,0.000109558169156113
"562","78220000171","2022-07-31 15:00:00",0.000235610805409,0.00010969507159229
"563","78220000171","2022-07-31 15:15:00",0.000235460805409001,0.000109558169156113
"564","78220000171","2022-07-31 15:30:00",0.000235460805408999,0.000109558169156113
"565","78220000171","2022-07-31 15:45:00",0.000235610805409,0.00010969507159229
"566","78220000171","2022-07-31 16:00:00",0.000235310805409,0.000109421506688772
"567","78220000171","2022-07-31 16:15:00",0.000235410805409,0.000109529775198821
"568","78220000171","2022-07-31 16:30:00",0.000235610805409,0.000109720397932354
"569","78220000171","2022-07-31 16:45:00",0.000235610805409,0.000109421506688773
"570","78220000171","2022-07-31 17:00:00",0.000235310805409,0.000109421506688773
"571","78220000171","2022-07-31 17:15:00",0.000235310805409,0.000109421506688773
"572","78220000171","2022-07-31 17:30:00",0.000235460805408999,0.000109558169156113
"573","78220000171","2022-07-31 17:45:00",0.000235460805409001,0.000109583937781209
"574","78220000171","2022-07-31 18:00:00",0.000207260805409,8.31513874388806e-05
"575","78220000171","2022-07-31 18:15:00",0.000207260805409,8.31513874388806e-05
"576","78220000171","2022-07-31 18:30:00",0.000174260805409,0.000114867335716776
"577","78220000171","2022-07-31 18:45:00",0.000173960805409,0.000114569695898511
"578","78220000171","2022-07-31 19:00:00",0.000173960805409001,0.000114867335716776
"579","78220000171","2022-07-31 19:15:00",0.000174260805409,0.000115164987783023
"580","78220000171","2022-07-31 19:30:00",0.000199310805409,9.72590985324558e-05
"581","78220000171","2022-07-31 19:45:00",0.000134996982750945,NA
"582","78220000181","2022-07-25 18:45:00",0.00072737485267107,NA
"583","78220000181","2022-07-25 19:00:00",0.00072747485267107,NA
"584","78220000181","2022-07-25 19:15:00",0.000635638550875336,NA
"585","78220000181","2022-07-25 19:30:00",0.000634738550875335,NA
"586","78220000181","2022-07-25 19:45:00",0.000634488550875334,NA
"587","78220000181","2022-07-25 20:00:00",0.0006932797762236,0.000154019358476742
"588","78220000181","2022-07-25 20:15:00",0.0006933797762236,0.000154019358476742
"589","78220000181","2022-07-25 20:30:00",0.0006932797762236,0.000154247827394765
"590","78220000181","2022-07-25 20:45:00",0.0006928797762236,0.00015431227851948
"591","78220000181","2022-07-25 21:00:00",0.000693829776223595,0.000153840521334631
"592","78220000181","2022-07-25 21:15:00",0.0006931797762236,0.000153954784724992
"593","78220000181","2022-07-25 21:30:00",0.0006927297762236,0.000153840521334627
"594","78220000181","2022-07-25 21:45:00",0.000693229776223599,0.000153840521334627
"595","78220000181","2022-07-25 22:00:00",0.0006931297762236,0.000153840521334627
"596","78220000181","2022-07-25 22:15:00",0.0006930797762236,0.000154019358476742
"597","78220000181","2022-07-25 22:30:00",0.0006927797762236,0.000154312278519481
"598","78220000181","2022-07-25 22:45:00",0.000692379776223599,0.000154019358476742
"599","78220000181","2022-07-25 23:00:00",0.0006924797762236,0.000154019358476743
"600","78220000181","2022-07-25 23:15:00",0.0006927297762236,0.000153905435415317
"601","78220000181","2022-07-25 23:30:00",0.000569912399017578,0.000165127265887582
"602","78220000181","2022-07-25 23:45:00",0.000569945732350909,0.000165156985914466
"603","78220000181","2022-07-26 00:00:00",0.000569762399017577,0.000165228610325267
"604","78220000181","2022-07-26 00:15:00",0.000569812399017577,0.000165305747875163
"605","78220000181","2022-07-26 00:30:00",0.000569529065684245,0.000165341911170047
"606","78220000181","2022-07-26 00:45:00",0.000569679065684242,0.00016517533353466
"607","78220000181","2022-07-26 01:00:00",0.000569729065684243,0.000165198774046629
"608","78220000181","2022-07-26 01:15:00",0.000569829065684243,0.000165341911170047
"609","78220000181","2022-07-26 01:30:00",0.000569979065684244,0.00016517533353466
"610","78220000181","2022-07-26 01:45:00",0.000569862399017577,0.000165371697436029
"611","78220000181","2022-07-26 02:00:00",0.000570079065684244,0.00016565209631422
"612","78220000181","2022-07-26 02:15:00",0.000570095732350909,0.000165619877687048
"613","78220000181","2022-07-26 02:30:00",0.00057014573235091,0.000165711519797655
"614","78220000181","2022-07-26 02:45:00",0.000570262399017577,0.000165515023353555
"615","78220000181","2022-07-26 03:00:00",0.000570879065684242,0.000165776786318319
"616","78220000181","2022-07-26 03:15:00",0.000570612399017575,0.000165550178713864
"617","78220000181","2022-07-26 03:30:00",0.000570745732350908,0.000165669013094074
"618","78220000181","2022-07-26 03:45:00",0.00057104573235091,0.000165669013094076
"619","78220000181","2022-07-26 04:00:00",0.000570879065684244,0.000165788019652419
"620","78220000181","2022-07-26 04:15:00",0.000571129065684242,0.000165764590072934
"621","78220000181","2022-07-26 04:30:00",0.000570912399017577,0.000166097427052951
"622","78220000181","2022-07-26 04:45:00",0.000570712399017575,0.00016590719801838
"623","78220000181","2022-07-26 05:00:00",0.000570795732350911,0.000165680974947477
"624","78220000181","2022-07-26 05:15:00",0.000570795732350909,0.000165960635541614
"625","78220000181","2022-07-26 05:30:00",0.00057074573235091,0.000165937019411442
"626","78220000181","2022-07-26 05:45:00",0.000570712399017577,0.00016590719801838
"627","78220000181","2022-07-26 06:00:00",0.000571095732350909,0.000165680974947476
"628","78220000181","2022-07-26 06:15:00",0.000571095732350909,0.000165680974947477
"629","78220000181","2022-07-26 06:30:00",0.00057094573235091,0.000165847587382584
"630","78220000181","2022-07-26 06:45:00",0.000571179065684244,0.000165776786318318
"631","78220000181","2022-07-26 07:00:00",0.000570795732350909,0.000165680974947477
"632","78220000181","2022-07-26 07:15:00",0.000571279065684244,0.000165877387340169
"633","78220000181","2022-07-26 07:30:00",0.000570929065684242,0.000165800358926789
"634","78220000181","2022-07-26 07:45:00",0.000570979065684244,0.000165877387340168
"635","78220000181","2022-07-26 08:00:00",0.000570729065684243,0.000165890009315757
"636","78220000181","2022-07-26 08:15:00",0.000571029065684241,0.000165900963737475
"637","78220000181","2022-07-26 08:30:00",0.000570962399017577,0.000166163260999287
"638","78220000181","2022-07-26 08:45:00",0.000571162399017577,0.000166073854460561
"639","78220000181","2022-07-26 09:00:00",0.000570929065684243,0.000166133448114482
"640","78220000181","2022-07-26 09:15:00",0.000570679065684242,0.000165877387340168
"641","78220000181","2022-07-26 09:30:00",0.000570512399017575,0.000165996694319012
"642","78220000181","2022-07-26 09:45:00",0.000570512399017576,0.000165996694319012
"643","78220000181","2022-07-26 10:00:00",0.00057069573235091,0.00016619308458164
"644","78220000181","2022-07-26 10:15:00",0.000570429065684243,0.000166222918855784
"645","78220000181","2022-07-26 10:30:00",0.000570662399017577,0.00016583023169423
"646","78220000181","2022-07-26 10:45:00",0.000570912399017576,0.000165817798151407
"647","78220000181","2022-07-26 11:00:00",0.000570812399017576,0.000166008057343856
"648","78220000181","2022-07-26 11:15:00",0.000570762399017577,0.000165930794286452
"649","78220000181","2022-07-26 11:30:00",0.000570762399017575,0.000165984544355364
"650","78220000181","2022-07-26 11:45:00",0.000570712399017576,0.00016619845974732
"651","78220000181","2022-07-26 12:00:00",0.000570612399017576,0.000166109216637284
"652","78220000181","2022-07-26 12:15:00",0.000570612399017575,0.000166097427052951
"653","78220000181","2022-07-26 12:30:00",0.000570512399017577,0.000166008057343857
"654","78220000181","2022-07-26 12:45:00",0.000570662399017576,0.000165841334781181
"655","78220000181","2022-07-26 13:00:00",0.000570712399017577,0.000165918784146195
"656","78220000181","2022-07-26 13:15:00",0.000570395732350909,0.000165871143900458
"657","78220000181","2022-07-26 13:30:00",0.000570545732350909,0.000166037836531088
"658","78220000181","2022-07-26 13:45:00",0.000570295732350908,0.000166115417016218
"659","78220000181","2022-07-26 14:00:00",0.000570362399017576,0.000166174883433564
"660","78220000181","2022-07-26 14:15:00",0.000570312399017575,0.000166151394053542
"661","78220000181","2022-07-26 14:30:00",0.000570112399017575,0.000166240614521436
"662","78220000181","2022-07-26 14:45:00",0.000570429065684242,0.000165954795776887
"663","78220000181","2022-07-26 15:00:00",0.000570362399017576,0.00016584133478118
"664","78220000181","2022-07-26 15:15:00",0.000570129065684241,0.000166234392744636
"665","78220000181","2022-07-26 15:30:00",0.000570529065684244,0.000166044073702971
"666","78220000181","2022-07-26 15:45:00",0.000570495732350909,0.000166014303665983
"667","78220000181","2022-07-26 16:00:00",0.00057044573235091,0.000165948531145638
"668","78220000181","2022-07-26 16:15:00",0.00057014573235091,0.000165948531145638
"669","78220000181","2022-07-26 16:30:00",0.00057029573235091,0.000165781748718963
"670","78220000181","2022-07-26 16:45:00",0.00057029573235091,0.000165781748718963
"671","78220000181","2022-07-26 17:00:00",0.000570095732350909,0.000165549229520809
"672","78220000181","2022-07-26 17:15:00",0.000570329065684243,0.000165811536385421
"673","78220000181","2022-07-26 17:30:00",0.000570112399017577,0.000165574197241464
"674","78220000181","2022-07-26 17:45:00",0.00057024573235091,0.000165371690550755
"675","78220000181","2022-07-26 18:00:00",0.000569850462237874,0.00016494765071589
"676","78220000181","2022-07-26 18:15:00",0.000569733795571212,0.000164811530486169
"677","78220000181","2022-07-26 18:30:00",0.000569481505885033,0.000164945012935261
"678","78220000181","2022-07-26 18:45:00",0.000569810109331401,0.000165309346339748
"679","78220000181","2022-07-26 19:00:00",0.00056911483921837,0.000165164793908293
"680","78220000181","2022-07-26 19:15:00",0.000569250462237878,0.000164947650715896
"681","78220000181","2022-07-26 19:30:00",0.000569431505885034,0.000164868785614262
"682","78220000181","2022-07-26 19:45:00",0.000569248172551698,0.000165004884996069
"683","78220000181","2022-07-26 20:00:00",0.000569248172551706,0.000165004884996076
"684","78220000181","2022-07-26 20:15:00",0.000569098172551705,0.000164838803319324
"685","78220000181","2022-07-26 20:30:00",0.00056941483921837,0.00016488518382558
"686","78220000181","2022-07-26 20:45:00",0.000569204110886085,0.000164933753342629
"687","78220000181","2022-07-26 21:00:00",0.00056962077755275,0.000164748066285693
"688","78220000181","2022-07-26 21:15:00",0.000569370777552751,0.000164814200433645
"689","78220000181","2022-07-26 21:30:00",0.000569491687994684,0.000164921487929741
"690","78220000181","2022-07-26 21:45:00",0.000569247626329063,0.000164713835635036
"691","78220000181","2022-07-26 22:00:00",0.000569848674208638,0.00016501723515227
"692","78220000181","2022-07-26 22:15:00",0.000569705158765658,0.00016524369640922
"693","78220000181","2022-07-26 22:30:00",0.000569665340875305,0.00016515318397843
"694","78220000181","2022-07-26 22:45:00",0.000569197626329063,0.000164594349011628
"695","78220000181","2022-07-26 23:00:00",0.000569748674208638,0.000164927316602119
"696","78220000181","2022-07-26 23:15:00",0.000570032007541972,0.000164933909180841
"697","78220000181","2022-07-26 23:30:00",0.000569715340875305,0.000165229516235176
"698","78220000181","2022-07-26 23:45:00",0.000569598674208638,0.000165093309235707
"699","78220000181","2022-07-27 00:00:00",0.000569815340875305,0.000165319222025251
"700","78220000181","2022-07-27 00:15:00",0.000569948674208638,0.000165159751395362
"701","78220000181","2022-07-27 00:30:00",0.000570165340875305,0.000165063387952898
"702","78220000181","2022-07-27 00:45:00",0.000569865340875305,0.000165385621798315
"703","78220000181","2022-07-27 01:00:00",0.000570248674208639,0.000165159751395363
"704","78220000181","2022-07-27 01:15:00",0.000570065340875305,0.000165295879446196
"705","78220000181","2022-07-27 01:30:00",0.000570182007541972,0.000165099895186203
"706","78220000181","2022-07-27 01:45:00",0.000570032007541971,0.000165256213961231
"707","78220000181","2022-07-27 02:00:00",0.000570115340875304,0.000165694612085351
"708","78220000181","2022-07-27 02:15:00",0.000570648674208638,0.000165302507738559
"709","78220000181","2022-07-27 02:30:00",0.000570648674208633,0.000165634933061528
"710","78220000181","2022-07-27 02:45:00",0.000570798674208639,0.00016546866790265
"711","78220000181","2022-07-27 03:00:00",0.000570848674208638,0.000165545494999335
"712","78220000181","2022-07-27 03:15:00",0.000570965340875305,0.000165628318072526
"713","78220000181","2022-07-27 03:30:00",0.000571282007541971,0.000165611520274364
"714","78220000181","2022-07-27 03:45:00",0.000571448674208638,0.000165771131395997
"715","78220000181","2022-07-27 04:00:00",0.000571248674208633,0.000165860881886089
"716","78220000181","2022-07-27 04:15:00",0.000571365340875305,0.000165664885945404
"717","78220000181","2022-07-27 04:30:00",0.000571265340875305,0.000165897293994525
"718","78220000181","2022-07-27 04:45:00",0.000571482007541967,0.000165791241985311
"719","78220000181","2022-07-27 05:00:00",0.000571565340875305,0.000165854456790489
"720","78220000181","2022-07-27 05:15:00",0.000571782007541972,0.000165801037540633
"721","78220000181","2022-07-27 05:30:00",0.000571548674208638,0.000165860881886095
"722","78220000181","2022-07-27 05:45:00",0.000571548674208638,0.000165860881886094
"723","78220000181","2022-07-27 06:00:00",0.000571682007541972,0.000165701333076442
"724","78220000181","2022-07-27 06:15:00",0.000571282007541971,0.000165890820075357
"725","78220000181","2022-07-27 06:30:00",0.000571432007541971,0.000166056933544178
"726","78220000181","2022-07-27 06:45:00",0.000571332007541967,0.000165957183971811
"727","78220000181","2022-07-27 07:00:00",0.000571282007541971,0.000166223151729586
"728","78220000181","2022-07-27 07:15:00",0.000571248674208633,0.000165860881886089
"729","78220000181","2022-07-27 07:30:00",0.000571798674208638,0.000165837446708787
"730","78220000181","2022-07-27 07:45:00",0.000571548674208639,0.000165914012633012
"731","78220000181","2022-07-27 08:00:00",0.000571682007541972,0.000166044042047491
"732","78220000181","2022-07-27 08:15:00",0.000572032007541966,0.000165788144241142
"733","78220000181","2022-07-27 08:30:00",0.0005722153408753,0.000165651613806431
"734","78220000181","2022-07-27 08:45:00",0.0005719153408753,0.000165973735909635
"735","78220000181","2022-07-27 09:00:00",0.000571682007541972,0.000165711351191843
"736","78220000181","2022-07-27 09:15:00",0.000571315340875304,0.0001659207689346
"737","78220000181","2022-07-27 09:30:00",0.000571465340875305,0.000166140037331838
"738","78220000181","2022-07-27 09:45:00",0.000571432007541966,0.000166056933544173
"739","78220000181","2022-07-27 10:00:00",0.000571182007541972,0.000166133548794917
"740","78220000181","2022-07-27 10:15:00",0.0005711153408753,0.000166353220034149
"741","78220000181","2022-07-27 10:30:00",0.000570882007541972,0.00016608045215268
"742","78220000181","2022-07-27 10:45:00",0.000570898674208633,0.000166396297453594
"743","78220000181","2022-07-27 11:00:00",0.000571132007541971,0.000166056933544178
"744","78220000181","2022-07-27 11:15:00",0.000571165340875305,0.000166086852449766
"745","78220000181","2022-07-27 11:30:00",0.000571182007541967,0.000166133548794911
"746","78220000181","2022-07-27 11:45:00",0.000571665340875305,0.000166007760515774
"747","78220000181","2022-07-27 12:00:00",0.000571765340875305,0.000165817966907987
"748","78220000181","2022-07-27 12:15:00",0.000571598674208634,0.000165937364680558
"749","78220000181","2022-07-27 12:30:00",0.000571915340875305,0.000165651613806437
"750","78220000181","2022-07-27 12:45:00",0.0005713653408753,0.00016599712774908
"751","78220000181","2022-07-27 13:00:00",0.000571315340875305,0.000165598543800127
"752","78220000181","2022-07-27 13:15:00",0.0005715653408753,0.000165575077531547
"753","78220000181","2022-07-27 13:30:00",0.0005713653408753,0.000165717880396945
"754","78220000181","2022-07-27 13:45:00",0.000571215340875305,0.000165830954372593
"755","78220000181","2022-07-27 14:00:00",0.0005709153408753,0.000166153162122331
"756","78220000181","2022-07-27 14:15:00",0.000571232007541971,0.000165867365012323
"757","78220000181","2022-07-27 14:30:00",0.000570982007541966,0.000165890820075351
"758","78220000181","2022-07-27 14:45:00",0.0005709653408753,0.000165844791014822
"759","78220000181","2022-07-27 15:00:00",0.0005711653408753,0.000165807539089693
"760","78220000181","2022-07-27 15:15:00",0.000570715340875304,0.0001659207689346
"761","78220000181","2022-07-27 15:30:00",0.000570932007541972,0.000165814780186137
"762","78220000181","2022-07-27 15:45:00",0.000570982007541971,0.000165890820075357
"763","78220000181","2022-07-27 16:00:00",0.000571398674208638,0.000165747755927994
"764","78220000181","2022-07-27 16:15:00",0.000570882007541972,0.000165801037540633
"765","78220000181","2022-07-27 16:30:00",0.000571148674208638,0.000165771131395997
"766","78220000181","2022-07-27 16:45:00",0.000570898674208638,0.0001657945940417
"767","78220000181","2022-07-27 17:00:00",0.000570748674208638,0.000165681477143901
"768","78220000181","2022-07-27 17:15:00",0.000570765340875305,0.00016567499680344
"769","78220000181","2022-07-27 17:30:00",0.000570598674208633,0.000165847800291124
"770","78220000181","2022-07-27 17:45:00",0.00057104394432167,0.000166016177940405
"771","78220000181","2022-07-27 18:00:00",0.000570365340875305,0.000165628318072526
"772","78220000181","2022-07-27 18:15:00",0.000570384297228145,0.000165618140398504
"773","78220000181","2022-07-27 18:30:00",0.000570315340875305,0.000165562088114861
"774","78220000181","2022-07-27 18:45:00",0.000570165340875305,0.000165728531079517
"775","78220000181","2022-07-27 19:00:00",0.000570148674208638,0.000165735099832652
"776","78220000181","2022-07-27 19:15:00",0.000570432007541972,0.000165419714960192
"777","78220000181","2022-07-27 19:30:00",0.000570448674208638,0.000165413093379614
"778","78220000181","2022-07-27 19:45:00",0.000569882007541972,0.000165776100485857
"779","78220000181","2022-07-27 20:00:00",0.000569998674208638,0.000165579686115882
"780","78220000181","2022-07-27 20:15:00",0.000569748674208639,0.000165657294772465
"781","78220000181","2022-07-27 20:30:00",0.000569676069207592,0.000165590656954228
"782","78220000181","2022-07-27 20:45:00",0.000570015340875305,0.000165616039286378
"783","78220000181","2022-07-27 21:00:00",0.000570148674208638,0.000165467455740901
"784","78220000181","2022-07-27 21:15:00",0.000570138492098992,0.000165491534573468
"785","78220000181","2022-07-27 21:30:00",0.000570248674208639,0.000165223445852725
"786","78220000181","2022-07-27 21:45:00",0.000569697626329064,0.000164849165426121
"787","78220000181","2022-07-27 22:00:00",0.000569982007541972,0.000165253233265464
"788","78220000181","2022-07-27 22:15:00",0.000570082007541971,0.000165010191366386
"789","78220000181","2022-07-27 22:30:00",0.000570132007541972,0.000165033477403569
"790","78220000181","2022-07-27 22:45:00",0.000569815340875305,0.000165040081899355
"791","78220000181","2022-07-27 23:00:00",0.000569882007541971,0.000164777666979991
"792","78220000181","2022-07-27 23:15:00",0.000569898674208638,0.000165146523434044
"793","78220000181","2022-07-27 23:30:00",0.000569848674208639,0.000165069983174573
"794","78220000181","2022-07-27 23:45:00",0.000569965340875305,0.000164874035677315
"795","78220000181","2022-07-28 00:00:00",0.000569998674208638,0.000165236104826019
"796","78220000181","2022-07-28 00:15:00",0.000570065340875305,0.000164973688528701
"797","78220000181","2022-07-28 00:30:00",0.000569998674208638,0.000165236104826019
"798","78220000181","2022-07-28 00:45:00",0.000570165340875305,0.000165438814507266
"799","78220000181","2022-07-28 01:00:00",0.000570265340875305,0.000165206233617764
"800","78220000181","2022-07-28 01:15:00",0.000570382007541971,0.000165332401875427
"801","78220000181","2022-07-28 01:30:00",0.000570232007541972,0.000165498532025873
"802","78220000181","2022-07-28 01:45:00",0.000570348674208638,0.000165292827836358
"803","78220000181","2022-07-28 02:00:00",0.000570565340875305,0.000165581988541169
"804","78220000181","2022-07-28 02:15:00",0.000570515340875306,0.000165505202553124
"805","78220000181","2022-07-28 02:30:00",0.000570898674208638,0.000165611791974955
"806","78220000181","2022-07-28 02:45:00",0.000570515340875306,0.000165505202553124
"807","78220000181","2022-07-28 03:00:00",0.000570765340875305,0.000165492642717203
"808","78220000181","2022-07-28 03:15:00",0.000571015340875305,0.000165372490514561
"809","78220000181","2022-07-28 03:30:00",0.000571132007541971,0.000165509051816616
"810","78220000181","2022-07-28 03:45:00",0.000571148674208638,0.000165545494999335
"811","78220000181","2022-07-28 04:00:00",0.000571332007541972,0.000165741726649138
"812","78220000181","2022-07-28 04:15:00",0.000571165340875305,0.000165817966907987
"813","78220000181","2022-07-28 04:30:00",0.0005715153408753,0.000165938013499112
"814","78220000181","2022-07-28 04:45:00",0.000571432007541971,0.000165842148499342
"815","78220000181","2022-07-28 05:00:00",0.000571665340875305,0.000165782699524795
"816","78220000181","2022-07-28 05:15:00",0.000571548674208638,0.000165979152806784
"817","78220000181","2022-07-28 05:30:00",0.000571198674208638,0.000165901640466152
"818","78220000181","2022-07-28 05:45:00",0.000571232007541972,0.000166365671358261
"819","78220000181","2022-07-28 06:00:00",0.000571282007541971,0.000166276635817758
"820","78220000181","2022-07-28 06:15:00",0.000571448674208639,0.000166157513937546
"821","78220000181","2022-07-28 06:30:00",0.000571398674208639,0.000166091470916856
"822","78220000181","2022-07-28 06:45:00",0.000571182007541972,0.000166187278343281
"823","78220000181","2022-07-28 07:00:00",0.000571365340875305,0.000166050558171
"824","78220000181","2022-07-28 07:15:00",0.000571198674208639,0.000166180759557323
"825","78220000181","2022-07-28 07:30:00",0.000571432007541971,0.000166110200246854
"826","78220000181","2022-07-28 07:45:00",0.000571532007541966,0.000165920584087941
"827","78220000181","2022-07-28 08:00:00",0.000571382007541966,0.000166086938730609
"828","78220000181","2022-07-28 08:15:00",0.000571482007541967,0.000166187278343275
"829","78220000181","2022-07-28 08:30:00",0.000571432007541971,0.000166110200246854
"830","78220000181","2022-07-28 08:45:00",0.000571232007541972,0.000165920584087947
"831","78220000181","2022-07-28 09:00:00",0.0005711153408753,0.000166063400987471
"832","78220000181","2022-07-28 09:15:00",0.000571332007541967,0.000166010157399503
"833","78220000181","2022-07-28 09:30:00",0.000571532007541973,0.000165920584087947
"834","78220000181","2022-07-28 09:45:00",0.000571332007541972,0.000166010157399509
"835","78220000181","2022-07-28 10:00:00",0.000571132007541966,0.000166099826897958
"836","78220000181","2022-07-28 10:15:00",0.0005714153408753,0.000166116755914266
"837","78220000181","2022-07-28 10:30:00",0.000571482007541972,0.000165897386401783
"838","78220000181","2022-07-28 10:45:00",0.000571565340875305,0.000166004201906501
"839","78220000181","2022-07-28 11:00:00",0.000571365340875305,0.000166093561543904
"840","78220000181","2022-07-28 11:15:00",0.000571782007541972,0.000166230246347003
"841","78220000181","2022-07-28 11:30:00",0.000571915340875305,0.000165694612085351
"842","78220000181","2022-07-28 11:45:00",0.000571732007541971,0.000165831107119146
"843","78220000181","2022-07-28 12:00:00",0.000571732007541971,0.000165831107119146
"844","78220000181","2022-07-28 12:15:00",0.000571415340875305,0.000166073866932891
"845","78220000181","2022-07-28 12:30:00",0.000571265340875305,0.000166229612705885
"846","78220000181","2022-07-28 12:45:00",0.000571815340875305,0.000165830954372593
"847","78220000181","2022-07-28 13:00:00",0.0005718653408753,0.000165575077531547
"848","78220000181","2022-07-28 13:15:00",0.000571365340875305,0.000165664885945404
"849","78220000181","2022-07-28 13:30:00",0.000571448674208638,0.000165814098682069
"850","78220000181","2022-07-28 13:45:00",0.000571032007541972,0.000166010157399508
"851","78220000181","2022-07-28 14:00:00",0.000571265340875305,0.000165950431161417
"852","78220000181","2022-07-28 14:15:00",0.000571065340875305,0.000166050558170999
"853","78220000181","2022-07-28 14:30:00",0.000571065340875305,0.000166040036552587
"854","78220000181","2022-07-28 14:45:00",0.000570715340875305,0.000166295883493638
"855","78220000181","2022-07-28 15:00:00",0.000570832007541971,0.000166099826897964
"856","78220000181","2022-07-28 15:15:00",0.000570848674208639,0.000166146583796928
"857","78220000181","2022-07-28 15:30:00",0.000570982007541972,0.000165986899936912
"858","78220000181","2022-07-28 15:45:00",0.000570732007541972,0.000166010157399508
"859","78220000181","2022-07-28 16:00:00",0.000571198674208639,0.000165890747719227
"860","78220000181","2022-07-28 16:15:00",0.000570848674208639,0.000166146583796928
"861","78220000181","2022-07-28 16:30:00",0.000571048674208638,0.00016572446767458
"862","78220000181","2022-07-28 16:45:00",0.000570898674208638,0.000165890747719227
"863","78220000181","2022-07-28 17:00:00",0.000570865340875305,0.000165860922061033
"864","78220000181","2022-07-28 17:15:00",0.000571098674208638,0.000165801302899344
"865","78220000181","2022-07-28 17:30:00",0.000571065340875305,0.00016542879802215
"866","78220000181","2022-07-28 17:45:00",0.000571215340875305,0.000165605109638534
"867","78220000181","2022-07-28 18:00:00",0.000571015340875305,0.00016536230673425
"868","78220000181","2022-07-28 18:15:00",0.000570915340875305,0.00016536230673425
"869","78220000181","2022-07-28 18:30:00",0.000571182007541972,0.000165242751653964
"870","78220000181","2022-07-28 18:45:00",0.000571315340875305,0.0001650833484964
"871","78220000181","2022-07-28 19:00:00",0.000571282007541971,0.000165053465798841
"872","78220000181","2022-07-28 19:15:00",0.000571498674208638,0.000165000530659222
"873","78220000181","2022-07-28 19:30:00",0.000571732007541971,0.000164940859180926
"874","78220000181","2022-07-28 19:45:00",0.000571448674208638,0.000164934042548055
"875","78220000181","2022-07-28 20:00:00",0.000571248674208639,0.000165023593849388
"876","78220000181","2022-07-28 20:15:00",0.000571615340875305,0.000164761124345695
"877","78220000181","2022-07-28 20:30:00",0.000571215340875305,0.000165004157358462
"878","78220000181","2022-07-28 20:45:00",0.000571498674208638,0.000164957133220685
"879","78220000181","2022-07-28 21:00:00",0.000571365340875305,0.000165116684470235
"880","78220000181","2022-07-28 21:15:00",0.000571532007541972,0.000164708182273801
"881","78220000181","2022-07-28 21:30:00",0.000571465340875305,0.000164927284245145
"882","78220000181","2022-07-28 21:45:00",0.000571565340875305,0.000164694673165456
"883","78220000181","2022-07-28 22:00:00",0.000571232007541973,0.000164654899289349
"884","78220000181","2022-07-28 22:15:00",0.000571165340875305,0.000164917345837127
"885","78220000181","2022-07-28 22:30:00",0.000571098674208638,0.000164804660389784
"886","78220000181","2022-07-28 22:45:00",0.000570965340875306,0.000165016863454021
"887","78220000181","2022-07-28 23:00:00",0.000570765340875305,0.000165106539422056
"888","78220000181","2022-07-28 23:15:00",0.000570798674208633,0.00016513645288619
"889","78220000181","2022-07-28 23:30:00",0.000570698674208638,0.000165037104329889
"890","78220000181","2022-07-28 23:45:00",0.000570482007541972,0.000165099895186203
"891","78220000181","2022-07-29 00:00:00",0.000570598674208633,0.000165226257621351
"892","78220000181","2022-07-29 00:15:00",0.000570315340875305,0.000165262870065335
"893","78220000181","2022-07-29 00:30:00",0.000570498674208638,0.000165127035767371
"894","78220000181","2022-07-29 00:45:00",0.000570382007541972,0.000164991378543664
"895","78220000181","2022-07-29 01:00:00",0.000570398674208638,0.000165037104329889
"896","78220000181","2022-07-29 01:15:00",0.000570498674208638,0.000165127035767371
"897","78220000181","2022-07-29 01:30:00",0.000570698674208633,0.000165037104329883
"898","78220000181","2022-07-29 01:45:00",0.000570398674208639,0.000165359461963085
"899","78220000181","2022-07-29 02:00:00",0.000570432007541972,0.000165389442546863
"900","78220000181","2022-07-29 02:15:00",0.000570598674208638,0.000165269584391674
"901","78220000181","2022-07-29 02:30:00",0.000570598674208639,0.000165269584391675
"902","78220000181","2022-07-29 02:45:00",0.000570532007541971,0.000165541787534619
"903","78220000181","2022-07-29 03:00:00",0.0005706153408753,0.000165594831464852
"904","78220000181","2022-07-29 03:15:00",0.000570732007541972,0.000165398881001289
"905","78220000181","2022-07-29 03:30:00",0.000570948674208638,0.000165624729191575
"906","78220000181","2022-07-29 03:45:00",0.0005712653408753,0.000165618095681045
"907","78220000181","2022-07-29 04:00:00",0.000571165340875305,0.000165518613306109
"908","78220000181","2022-07-29 04:15:00",0.000571332007541967,0.000165677941724796
"909","78220000181","2022-07-29 04:30:00",0.000571482007541972,0.000165843997078544
"910","78220000181","2022-07-29 04:45:00",0.000572015340875305,0.000165452085584305
"911","78220000181","2022-07-29 05:00:00",0.0005716153408753,0.000165684556744425
"912","78220000181","2022-07-29 05:15:00",0.000572082007541972,0.000165564944445676
"913","78220000181","2022-07-29 05:30:00",0.000571832007541973,0.000165588188704518
"914","78220000181","2022-07-29 05:45:00",0.000572165340875305,0.00016533907910512
"915","78220000181","2022-07-29 06:00:00",0.0005723153408753,0.000165505202553118
"916","78220000181","2022-07-29 06:15:00",0.000572015340875305,0.000165774378235367
"917","78220000181","2022-07-29 06:30:00",0.000572065340875305,0.000165518613306109
"918","78220000181","2022-07-29 06:45:00",0.000571932007541972,0.000166000211533881
"919","78220000181","2022-07-29 07:00:00",0.000571965340875305,0.000165751081656137
"920","78220000181","2022-07-29 07:15:00",0.000571898674208639,0.000165638516651198
"921","78220000181","2022-07-29 07:30:00",0.000571898674208638,0.000165638516651198
"922","78220000181","2022-07-29 07:45:00",0.0005717653408753,0.000165840939474852
"923","78220000181","2022-07-29 08:00:00",0.000572148674208638,0.000165615176808365
"924","78220000181","2022-07-29 08:15:00",0.000571898674208633,0.000165638516651193
"925","78220000181","2022-07-29 08:30:00",0.0005716653408753,0.000165698532347826
"926","78220000181","2022-07-29 08:45:00",0.000571648674208633,0.000165705156603494
"927","78220000181","2022-07-29 09:00:00",0.0005719653408753,0.000165751081656132
"928","78220000181","2022-07-29 09:15:00",0.000571448674208639,0.000165804340085628
"929","78220000181","2022-07-29 09:30:00",0.000571548674208638,0.000165894289615268
"930","78220000181","2022-07-29 09:45:00",0.000571598674208638,0.000165960899170665
"931","78220000181","2022-07-29 10:00:00",0.000571498674208638,0.000165870913417065
"932","78220000181","2022-07-29 10:15:00",0.000571532007541972,0.00016590089801762
"933","78220000181","2022-07-29 10:30:00",0.000571382007541966,0.000166023611689526
"934","78220000181","2022-07-29 10:45:00",0.000571382007541966,0.000166066730430488
"935","78220000181","2022-07-29 11:00:00",0.000571082007541972,0.000166023611689531
"936","78220000181","2022-07-29 11:15:00",0.000571132007541966,0.00016609010315192
"937","78220000181","2022-07-29 11:30:00",0.000570982007541971,0.000166256017508656
"938","78220000181","2022-07-29 11:45:00",0.000570898674208638,0.000166202743369218
"939","78220000181","2022-07-29 12:00:00",0.000571115340875305,0.000166106401035496
"940","78220000181","2022-07-29 12:15:00",0.000570998674208639,0.000166302441863295
"941","78220000181","2022-07-29 12:30:00",0.000570998674208634,0.000165980288933856
"942","78220000181","2022-07-29 12:45:00",0.0005714153408753,0.000166116755914266
"943","78220000181","2022-07-29 13:00:00",0.000570998674208638,0.000165980288933862
"944","78220000181","2022-07-29 13:15:00",0.000570682007541971,0.000166266002202359
"945","78220000181","2022-07-29 13:30:00",0.000570898674208638,0.00016615965992387
"946","78220000181","2022-07-29 13:45:00",0.000570532007541971,0.000166379118380949
"947","78220000181","2022-07-29 14:00:00",0.000570598674208633,0.00016648189823864
"948","78220000181","2022-07-29 14:15:00",0.000570582007541972,0.000166445449802038
"949","78220000181","2022-07-29 14:30:00",0.0005708153408753,0.000166053584776147
"950","78220000181","2022-07-29 14:45:00",0.000570498674208638,0.000166438995201559
"951","78220000181","2022-07-29 15:00:00",0.000570598674208639,0.000166159659923871
"952","78220000181","2022-07-29 15:15:00",0.000570782007541972,0.000166023611689532
"953","78220000181","2022-07-29 15:30:00",0.000570515340875305,0.000166385591331262
"954","78220000181","2022-07-29 15:45:00",0.000570548674208634,0.000166083568509703
"955","78220000181","2022-07-29 16:00:00",0.000570598674208633,0.000166116782019688
"956","78220000181","2022-07-29 16:15:00",0.000571032007541972,0.000165967240871118
"957","78220000181","2022-07-29 16:30:00",0.0005707153408753,0.000166253040722538
"958","78220000181","2022-07-29 16:45:00",0.0005706153408753,0.000165830954372587
"959","78220000181","2022-07-29 17:00:00",0.000570448674208638,0.000165950728458049
"960","78220000181","2022-07-29 17:15:00",0.0005707153408753,0.000165973735909635
"961","78220000181","2022-07-29 17:30:00",0.000570632007541971,0.000165867365012323
"962","78220000181","2022-07-29 17:45:00",0.000570532007541971,0.000165777642160839
"963","78220000181","2022-07-29 18:00:00",0.000570682007541966,0.000165611520274358
"964","78220000181","2022-07-29 18:15:00",0.000570582007541972,0.000165843997078545
"965","78220000181","2022-07-29 18:30:00",0.000570432007541972,0.000165731113017807
"966","78220000181","2022-07-29 18:45:00",0.000570548674208639,0.000165535068139831
"967","78220000181","2022-07-29 19:00:00",0.000570565340875305,0.000165571654575086
"968","78220000181","2022-07-29 19:15:00",0.000570615340875305,0.00016531593894778
"969","78220000181","2022-07-29 19:30:00",0.0005705653408753,0.000165239646613901
"970","78220000181","2022-07-29 19:45:00",0.000570065340875305,0.000165329492072083
"971","78220000181","2022-07-29 20:00:00",0.000570332007541966,0.000165299532879668
"972","78220000181","2022-07-29 20:15:00",0.000570298674208633,0.00016493805970531
"973","78220000181","2022-07-29 20:30:00",0.000569882007541967,0.000165125002488716
"974","78220000181","2022-07-29 20:45:00",0.000569932007541972,0.000165479448396731
"975","78220000181","2022-07-29 21:00:00",0.000569915340875306,0.000165111600161943
"976","78220000181","2022-07-29 21:15:00",0.0005699653408753,0.000165178428478468
"977","78220000181","2022-07-29 21:30:00",0.000569882007541972,0.000165081528734933
"978","78220000181","2022-07-29 21:45:00",0.0005699153408753,0.000165111600161937
"979","78220000181","2022-07-29 22:00:00",0.000570015340875305,0.000165201878451068
"980","78220000181","2022-07-29 22:15:00",0.0005695653408753,0.000165367323364021
"981","78220000181","2022-07-29 22:30:00",0.000570365340875305,0.00016527713544486
"982","78220000181","2022-07-29 22:45:00",0.000569932007541972,0.000165157034323579
"983","78220000181","2022-07-29 23:00:00",0.000570248674208634,0.00016515039010084
"984","78220000181","2022-07-29 23:15:00",0.000479105352839762,NA
"985","78220000181","2022-07-29 23:30:00",0.000478805352839761,NA
