"","reach_id","pt_time_UTC","reach_PT_slope_m_m","reach_PT_slope_precision_m"
"1","78220000171","2022-07-25 18:45:00",0.000259295804594136,NA
"2","78220000171","2022-07-25 19:00:00",0.000259295804594136,NA
"3","78220000171","2022-07-25 19:15:00",0.000258901974403886,NA
"4","78220000171","2022-07-25 19:30:00",0.000259820911514469,NA
"5","78220000171","2022-07-25 19:45:00",0.000259952188244552,NA
"6","78220000171","2022-07-25 20:00:00",0.000208718183986017,9.49853051998408e-05
"7","78220000171","2022-07-25 20:15:00",0.000208586907255935,9.51054581052077e-05
"8","78220000171","2022-07-25 20:30:00",0.000208324353795769,9.51492601639953e-05
"9","78220000171","2022-07-25 20:45:00",0.000208455630525852,9.50072364511458e-05
"10","78220000171","2022-07-25 21:00:00",0.000208586907255939,9.51054581052127e-05
"11","78220000171","2022-07-25 21:15:00",0.000208455630525851,9.52469734886817e-05
"12","78220000171","2022-07-25 21:30:00",0.000208718183986019,9.49853051998405e-05
"13","78220000171","2022-07-25 21:45:00",0.000208586907255935,9.51054581052077e-05
"14","78220000171","2022-07-25 22:00:00",0.000208586907255935,9.48653634406772e-05
"15","78220000171","2022-07-25 22:15:00",0.000208849460716101,9.48653634406769e-05
"16","78220000171","2022-07-25 22:30:00",0.0002088494607161,9.51269993285772e-05
"17","78220000171","2022-07-25 22:45:00",0.000208849460716101,9.51054581052077e-05
"18","78220000171","2022-07-25 23:00:00",0.000208718183986017,9.49853051998408e-05
"19","78220000171","2022-07-25 23:15:00",0.000208849460716101,9.48437627937339e-05
"20","78220000171","2022-07-25 23:30:00",0.000316205275165974,0.000108445071770631
"21","78220000171","2022-07-25 23:45:00",0.000316132343649263,0.000108374407097902
"22","78220000171","2022-07-26 00:00:00",0.000316599105356224,0.000108652229675861
"23","78220000171","2022-07-26 00:15:00",0.000316555346446197,0.000108653144207439
"24","78220000171","2022-07-26 00:30:00",0.000316453242322798,0.000108695281820271
"25","78220000171","2022-07-26 00:45:00",0.000316321965592716,0.000108590166831502
"26","78220000171","2022-07-26 01:00:00",0.000316540760142854,0.000108617474899683
"27","78220000171","2022-07-26 01:15:00",0.000316584519052883,0.000108590166831502
"28","78220000171","2022-07-26 01:30:00",0.000316321965592715,0.000108590166831502
"29","78220000171","2022-07-26 01:45:00",0.000316774140996336,0.000108729983548448
"30","78220000171","2022-07-26 02:00:00",0.000316497001232826,0.00010866809903097
"31","78220000171","2022-07-26 02:15:00",0.000316482414929484,0.000108720047529701
"32","78220000171","2022-07-26 02:30:00",0.000316219861469318,0.000108632397029763
"33","78220000171","2022-07-26 02:45:00",0.00031629279298603,0.000108702781252217
"34","78220000171","2022-07-26 03:00:00",0.000316715795782965,0.000109007874220117
"35","78220000171","2022-07-26 03:15:00",0.000315986480615837,0.000108443816461659
"36","78220000171","2022-07-26 03:30:00",0.000316219861469319,0.000108582727809846
"37","78220000171","2022-07-26 03:45:00",0.000316088584739234,0.000108687849993097
"38","78220000171","2022-07-26 04:00:00",0.000316321965592715,0.000108826750139505
"39","78220000171","2022-07-26 04:15:00",0.000316234447772661,0.000108694395830036
"40","78220000171","2022-07-26 04:30:00",0.000316511587536169,0.000108993289276633
"41","78220000171","2022-07-26 04:45:00",0.000316424069716115,0.000108860919333723
"42","78220000171","2022-07-26 05:00:00",0.00031656993274954,0.000108791325496633
"43","78220000171","2022-07-26 05:15:00",0.000316701209479623,0.000108923289668785
"44","78220000171","2022-07-26 05:30:00",0.000316744968389651,0.000108895727708268
"45","78220000171","2022-07-26 05:45:00",0.00031668662317628,0.000108860919333724
"46","78220000171","2022-07-26 06:00:00",0.00031656993274954,0.000109001382342715
"47","78220000171","2022-07-26 06:15:00",0.000316438656019456,0.000108896246311839
"48","78220000171","2022-07-26 06:30:00",0.00031656993274954,0.000108791325496633
"49","78220000171","2022-07-26 06:45:00",0.000316847072513048,0.000108903060950986
"50","78220000171","2022-07-26 07:00:00",0.00031656993274954,0.000109001382342715
"51","78220000171","2022-07-26 07:15:00",0.000316497001232826,0.000108931005897059
"52","78220000171","2022-07-26 07:30:00",0.000316672036872939,0.000109035330560943
"53","78220000171","2022-07-26 07:45:00",0.000316759554692992,0.000108931005897059
"54","78220000171","2022-07-26 08:00:00",0.000316978349243131,0.000109244625644046
"55","78220000171","2022-07-26 08:15:00",0.000316715795782967,0.000108958502696722
"56","78220000171","2022-07-26 08:30:00",0.000316730382086307,0.000109070120727252
"57","78220000171","2022-07-26 08:45:00",0.00031668662317628,0.000109070842150834
"58","78220000171","2022-07-26 09:00:00",0.000316803313603021,0.000109140332610581
"59","78220000171","2022-07-26 09:15:00",0.000316890831423077,0.000109036108411659
"60","78220000171","2022-07-26 09:30:00",0.000316861658816392,0.000108965367332757
"61","78220000171","2022-07-26 09:45:00",0.000316992935546473,0.000109070120727252
"62","78220000171","2022-07-26 10:00:00",0.000317051280759844,0.000109104918520556
"63","78220000171","2022-07-26 10:15:00",0.000316847072513048,0.00010913972393356
"64","78220000171","2022-07-26 10:30:00",0.000316992935546473,0.000109070120727252
"65","78220000171","2022-07-26 10:45:00",0.000316511587536169,0.000108966663951335
"66","78220000171","2022-07-26 11:00:00",0.000316467828626142,0.000108784024620122
"67","78220000171","2022-07-26 11:15:00",0.000316774140996335,0.000108993289276633
"68","78220000171","2022-07-26 11:30:00",0.000316380310806087,0.000108861494390207
"69","78220000171","2022-07-26 11:45:00",0.000316555346446197,0.000109126956684755
"70","78220000171","2022-07-26 12:00:00",0.000316642864266252,0.000108812183152991
"71","78220000171","2022-07-26 12:15:00",0.000316642864266253,0.00010909833178905
"72","78220000171","2022-07-26 12:30:00",0.000316599105356224,0.000108888952470147
"73","78220000171","2022-07-26 12:45:00",0.000316336551896058,0.000108888952470147
"74","78220000171","2022-07-26 13:00:00",0.00031629279298603,0.000108679656054975
"75","78220000171","2022-07-26 13:15:00",0.00031639489710943,0.000108923723758786
"76","78220000171","2022-07-26 13:30:00",0.000316394897109428,0.000108923723758787
"77","78220000171","2022-07-26 13:45:00",0.000316307379289375,0.000108749412285621
"78","78220000171","2022-07-26 14:00:00",0.000316467828626141,0.000108784024620122
"79","78220000171","2022-07-26 14:15:00",0.000316249034076004,0.000108756540048746
"80","78220000171","2022-07-26 14:30:00",0.000316555346446198,0.000108965773138532
"81","78220000171","2022-07-26 14:45:00",0.000316059412132551,0.000108826750139505
"82","78220000171","2022-07-26 15:00:00",0.000316467828626142,0.000108784024620122
"83","78220000171","2022-07-26 15:15:00",0.000316321965592717,0.000108853641888625
"84","78220000171","2022-07-26 15:30:00",0.000316365724502743,0.00010882611859407
"85","78220000171","2022-07-26 15:45:00",0.000316307379289373,0.000108791325496632
"86","78220000171","2022-07-26 16:00:00",0.000316482414929484,0.000108819432870084
"87","78220000171","2022-07-26 16:15:00",0.000316351138199401,0.000108714437921888
"88","78220000171","2022-07-26 16:30:00",0.000316613691659567,0.000108714437921888
"89","78220000171","2022-07-26 16:45:00",0.000316613691659568,0.000108714437921888
"90","78220000171","2022-07-26 17:00:00",0.000316657450569595,0.000108637601686232
"91","78220000171","2022-07-26 17:15:00",0.000316672036872937,0.000108749227446053
"92","78220000171","2022-07-26 17:30:00",0.00031668662317628,0.000108860919333724
"93","78220000171","2022-07-26 17:45:00",0.000317051280759845,0.000108818829436756
"94","78220000171","2022-07-26 18:00:00",0.00031680331360302,0.000108644481898245
"95","78220000171","2022-07-26 18:15:00",0.000316992935546474,0.000108784024620122
"96","78220000171","2022-07-26 18:30:00",0.000316978349243131,0.000108721762257755
"97","78220000171","2022-07-26 18:45:00",0.000317109625973217,0.000108826750139505
"98","78220000171","2022-07-26 19:00:00",0.000317255489006641,0.000108784024620121
"99","78220000171","2022-07-26 19:15:00",0.000317328420523353,0.000108854188838133
"100","78220000171","2022-07-26 19:30:00",0.000317284661613324,0.000108931005897059
"101","78220000171","2022-07-26 19:45:00",0.000317357593130039,0.000108791325496632
"102","78220000171","2022-07-26 20:00:00",0.000317357593130038,0.000108791325496633
"103","78220000171","2022-07-26 20:15:00",0.000317226316399955,0.00010889624631184
"104","78220000171","2022-07-26 20:30:00",0.000317386765736725,0.00010865222967586
"105","78220000171","2022-07-26 20:45:00",0.000317046083659048,0.000108708677982321
"106","78220000171","2022-07-26 21:00:00",0.000316856461715595,0.000108703434464626
"107","78220000171","2022-07-26 21:15:00",0.000316812702805567,0.000108569708732827
"108","78220000171","2022-07-26 21:30:00",0.000316925679172706,0.000108799438374018
"109","78220000171","2022-07-26 21:45:00",0.000316920482071911,0.000108452984340394
"110","78220000171","2022-07-26 22:00:00",0.0003165257348003,0.000108998317008465
"111","78220000171","2022-07-26 22:15:00",0.000316738854207494,0.000109173255446689
"112","78220000171","2022-07-26 22:30:00",0.000316729943047096,0.000108963546133023
"113","78220000171","2022-07-26 22:45:00",0.000316832964251854,0.000108507467806109
"114","78220000171","2022-07-26 23:00:00",0.000316350699160189,0.000108894027344409
"115","78220000171","2022-07-26 23:15:00",0.000315927696363254,0.000108692693927644
"116","78220000171","2022-07-26 23:30:00",0.000315846107684335,0.000109427970491833
"117","78220000171","2022-07-26 23:45:00",0.000315773176167622,0.000109356773804602
"118","78220000171","2022-07-27 00:00:00",0.000315993040896441,0.000109297961232685
"119","78220000171","2022-07-27 00:15:00",0.000316278837822156,0.000108948774843328
"120","78220000171","2022-07-27 00:30:00",0.000315686728526247,0.000109299552574266
"121","78220000171","2022-07-27 00:45:00",0.000315977384414418,0.000109608445792056
"122","78220000171","2022-07-27 01:00:00",0.000315570038099506,0.000109305561974764
"123","78220000171","2022-07-27 01:15:00",0.000315642969616218,0.00010937638140401
"124","78220000171","2022-07-27 01:30:00",0.000315715901132932,0.000109236279545841
"125","78220000171","2022-07-27 01:45:00",0.000315847177863016,0.000109417176028777
"126","78220000171","2022-07-27 02:00:00",0.000315599210706191,0.000109453261272759
"127","78220000171","2022-07-27 02:15:00",0.00031548252027945,0.000109384053721941
"128","78220000171","2022-07-27 02:30:00",0.000315482520279451,0.000109173353376785
"129","78220000171","2022-07-27 02:45:00",0.000315219966819284,0.000109384053721941
"130","78220000171","2022-07-27 03:00:00",0.000314913654449091,0.000109174743079644
"131","78220000171","2022-07-27 03:15:00",0.000315117862695887,0.00010937638140401
"132","78220000171","2022-07-27 03:30:00",0.000315409588762738,0.000109339135374241
"133","78220000171","2022-07-27 03:45:00",0.00031530748463934,0.000109541970342397
"134","78220000171","2022-07-27 04:00:00",0.000315482520279451,0.000109645979022617
"135","78220000171","2022-07-27 04:15:00",0.000315555451796164,0.000109506063545987
"136","78220000171","2022-07-27 04:30:00",0.00031524913942597,0.000109582999214724
"137","78220000171","2022-07-27 04:45:00",0.000315628383312877,0.000109652435114001
"138","78220000171","2022-07-27 05:00:00",0.000315642969616218,0.000109638534614578
"139","78220000171","2022-07-27 05:15:00",0.000315628383312877,0.000109576632231857
"140","78220000171","2022-07-27 05:30:00",0.000315745073739617,0.000109645979022617
"141","78220000171","2022-07-27 05:45:00",0.000315613797009534,0.000109540774089434
"142","78220000171","2022-07-27 06:00:00",0.000315584624402849,0.000109653490447578
"143","78220000171","2022-07-27 06:15:00",0.000315540865492821,0.00010947053445785
"144","78220000171","2022-07-27 06:30:00",0.000315540865492821,0.000109680663909366
"145","78220000171","2022-07-27 06:45:00",0.000315628383312877,0.000109862844111105
"146","78220000171","2022-07-27 07:00:00",0.000315803418952988,0.000109680663909366
"147","78220000171","2022-07-27 07:15:00",0.000315613797009534,0.000109540774089434
"148","78220000171","2022-07-27 07:30:00",0.000315263725729312,0.000109618824911878
"149","78220000171","2022-07-27 07:45:00",0.000315351243549367,0.000109514874369707
"150","78220000171","2022-07-27 08:00:00",0.000315190794212599,0.000109472669611746
"151","78220000171","2022-07-27 08:15:00",0.000314884481842406,0.000109263304406484
"152","78220000171","2022-07-27 08:30:00",0.000315074103785859,0.000109403399660784
"153","78220000171","2022-07-27 08:45:00",0.000315205380515942,0.00010958416704881
"154","78220000171","2022-07-27 09:00:00",0.000315322070942682,0.000109578254475775
"155","78220000171","2022-07-27 09:15:00",0.000315467933976109,0.000109610218103293
"156","78220000171","2022-07-27 09:30:00",0.000315336657246025,0.000109478902716759
"157","78220000171","2022-07-27 09:45:00",0.000315278312032654,0.000109680663909366
"158","78220000171","2022-07-27 10:00:00",0.000315497106582793,0.000109682117016909
"159","78220000171","2022-07-27 10:15:00",0.000315511692886135,0.000109743959899702
"160","78220000171","2022-07-27 10:30:00",0.000315628383312876,0.000109813294022187
"161","78220000171","2022-07-27 10:45:00",0.000315657555919561,0.000109986763091226
"162","78220000171","2022-07-27 11:00:00",0.000315540865492821,0.000109680663909366
"163","78220000171","2022-07-27 11:15:00",0.000315336657246025,0.000109715356447342
"164","78220000171","2022-07-27 11:30:00",0.000315234553122627,0.000109471360654556
"165","78220000171","2022-07-27 11:45:00",0.000315161621605914,0.000109325103960754
"166","78220000171","2022-07-27 12:00:00",0.000314811550325693,0.000109403399660784
"167","78220000171","2022-07-27 12:15:00",0.000315044931179174,0.000109541970342397
"168","78220000171","2022-07-27 12:30:00",0.000314811550325693,0.000109403399660784
"169","78220000171","2022-07-27 12:45:00",0.000315030344875831,0.000109506063545987
"170","78220000171","2022-07-27 13:00:00",0.000315074103785859,0.000109429178777362
"171","78220000171","2022-07-27 13:15:00",0.00031485530923572,0.000109401977856867
"172","78220000171","2022-07-27 13:30:00",0.000314899068145748,0.000109374875214592
"173","78220000171","2022-07-27 13:45:00",0.000315030344875831,0.000109506063545987
"174","78220000171","2022-07-27 14:00:00",0.000315161621605914,0.000109687164512048
"175","78220000171","2022-07-27 14:15:00",0.000314928240752433,0.000109548292728008
"176","78220000171","2022-07-27 14:30:00",0.000315015758572488,0.00010947053445785
"177","78220000171","2022-07-27 14:45:00",0.000315380416156052,0.000109714441332651
"178","78220000171","2022-07-27 15:00:00",0.000314942827055775,0.000109373852207323
"179","78220000171","2022-07-27 15:15:00",0.000315205380515942,0.000109610218103293
"180","78220000171","2022-07-27 15:30:00",0.000315322070942682,0.000109679692638052
"181","78220000171","2022-07-27 15:45:00",0.000315015758572489,0.00010947053445785
"182","78220000171","2022-07-27 16:00:00",0.000314957413359117,0.000109409543370297
"183","78220000171","2022-07-27 16:15:00",0.000315103276392544,0.000109366302900682
"184","78220000171","2022-07-27 16:30:00",0.00031491365444909,0.000109436665422421
"185","78220000171","2022-07-27 16:45:00",0.000315132448999228,0.000109463885711989
"186","78220000171","2022-07-27 17:00:00",0.000315132448999229,0.00010943803078515
"187","78220000171","2022-07-27 17:15:00",0.000314899068145748,0.000109536141733132
"188","78220000171","2022-07-27 17:30:00",0.00031513244899923,0.000109227434562107
"189","78220000171","2022-07-27 17:45:00",0.000315336657246025,0.000109403399660784
"190","78220000171","2022-07-27 18:00:00",0.000315117862695887,0.000109165666250536
"191","78220000171","2022-07-27 18:15:00",0.000314986585965803,0.000108984710727653
"192","78220000171","2022-07-27 18:30:00",0.000315161621605914,0.000109088689018718
"193","78220000171","2022-07-27 18:45:00",0.000315292898335998,0.000109194013870811
"194","78220000171","2022-07-27 19:00:00",0.000315395002459395,0.000109201649903797
"195","78220000171","2022-07-27 19:15:00",0.000315103276392544,0.000109028617711741
"196","78220000171","2022-07-27 19:30:00",0.000315263725729312,0.000108810152737121
"197","78220000171","2022-07-27 19:45:00",0.000315453347672766,0.000108950066739645
"198","78220000171","2022-07-27 20:00:00",0.000315263725729312,0.000109020922721965
"199","78220000171","2022-07-27 20:15:00",0.000315219966819284,0.000108811568195991
"200","78220000171","2022-07-27 20:30:00",0.000315589821503646,0.000108928204851261
"201","78220000171","2022-07-27 20:45:00",0.000315292898335997,0.000108957757360635
"202","78220000171","2022-07-27 21:00:00",0.000315001172269146,0.00010878471274685
"203","78220000171","2022-07-27 21:15:00",0.000315185119069655,0.000108812763772041
"204","78220000171","2022-07-27 21:30:00",0.000315176207909256,0.000108888516242123
"205","78220000171","2022-07-27 21:45:00",0.000315658473000922,0.000108453148147471
"206","78220000171","2022-07-27 22:00:00",0.000315497106582794,0.000108923132927476
"207","78220000171","2022-07-27 22:15:00",0.000315540865492821,0.000109132413801262
"208","78220000171","2022-07-27 22:30:00",0.000315628383312876,0.000109264952332059
"209","78220000171","2022-07-27 22:45:00",0.000315467933976108,0.000109061677073141
"210","78220000171","2022-07-27 23:00:00",0.000315584624402849,0.000109055525471978
"211","78220000171","2022-07-27 23:15:00",0.000316322596732184,0.000108635652364321
"212","78220000171","2022-07-27 23:30:00",0.000315657555919561,0.000109201649903797
"213","78220000171","2022-07-27 23:45:00",0.000316021143324445,0.000109295218748718
"214","78220000171","2022-07-28 00:00:00",0.000315920109379728,0.000109201649903797
"215","78220000171","2022-07-28 00:15:00",0.000315642969616218,0.000109090135969237
"216","78220000171","2022-07-28 00:30:00",0.000315788832649645,0.000109307181234479
"217","78220000171","2022-07-28 00:45:00",0.000315686728526246,0.000109349461538867
"218","78220000171","2022-07-28 01:00:00",0.000315467933976107,0.000109061677073141
"219","78220000171","2022-07-28 01:15:00",0.000315409588762738,0.000109313229920854
"220","78220000171","2022-07-28 01:30:00",0.000315409588762738,0.000109313229920854
"221","78220000171","2022-07-28 01:45:00",0.00031548252027945,0.000109459528137711
"222","78220000171","2022-07-28 02:00:00",0.000315205380515942,0.00010932264013804
"223","78220000171","2022-07-28 02:15:00",0.000315511692886136,0.000109320965056814
"224","78220000171","2022-07-28 02:30:00",0.000315395002459395,0.000109251729786511
"225","78220000171","2022-07-28 02:45:00",0.000315380416156052,0.000109426381319446
"226","78220000171","2022-07-28 03:00:00",0.000315030344875831,0.000109218968727069
"227","78220000171","2022-07-28 03:15:00",0.000315074103785858,0.000109167027986487
"228","78220000171","2022-07-28 03:30:00",0.000314884481842406,0.000109027029440839
"229","78220000171","2022-07-28 03:45:00",0.000315044931179174,0.000109069399618362
"230","78220000171","2022-07-28 04:00:00",0.000315234553122627,0.000109209353199793
"231","78220000171","2022-07-28 04:15:00",0.000315074103785859,0.000109403399660784
"232","78220000171","2022-07-28 04:30:00",0.000314899068145748,0.000109138694410957
"233","78220000171","2022-07-28 04:45:00",0.000314621928382239,0.000109027029440839
"234","78220000171","2022-07-28 05:00:00",0.000314636514685582,0.000109063208656519
"235","78220000171","2022-07-28 05:15:00",0.000314694859898952,0.000109097807355484
"236","78220000171","2022-07-28 05:30:00",0.000314869895539063,0.000109201649903797
"237","78220000171","2022-07-28 05:45:00",0.00031497199966246,0.000109159380176014
"238","78220000171","2022-07-28 06:00:00",0.000315015758572488,0.000109444219206786
"239","78220000171","2022-07-28 06:15:00",0.000314782377719007,0.000109305561974764
"240","78220000171","2022-07-28 06:30:00",0.000314957413359118,0.000109123363866895
"241","78220000171","2022-07-28 06:45:00",0.000314971999662461,0.000109235030862442
"242","78220000171","2022-07-28 07:00:00",0.000315161621605914,0.000109374875214592
"243","78220000171","2022-07-28 07:15:00",0.000315132448999229,0.000109227434562107
"244","78220000171","2022-07-28 07:30:00",0.000315015758572488,0.000109444219206785
"245","78220000171","2022-07-28 07:45:00",0.000315147035302572,0.000109347079012104
"246","78220000171","2022-07-28 08:00:00",0.000315190794212599,0.000109312066199098
"247","78220000171","2022-07-28 08:15:00",0.000315234553122627,0.000109235030862442
"248","78220000171","2022-07-28 08:30:00",0.000315278312032654,0.000109444219206786
"249","78220000171","2022-07-28 08:45:00",0.000315322070942682,0.000109417176028777
"250","78220000171","2022-07-28 09:00:00",0.000315511692886135,0.000109582999214724
"251","78220000171","2022-07-28 09:15:00",0.000315234553122627,0.000109521191325997
"252","78220000171","2022-07-28 09:30:00",0.000315059517482516,0.000109417176028777
"253","78220000171","2022-07-28 09:45:00",0.000315103276392544,0.000109416181417875
"254","78220000171","2022-07-28 10:00:00",0.000315409588762738,0.000109625275615568
"255","78220000171","2022-07-28 10:15:00",0.000315117862695886,0.000109451840116556
"256","78220000171","2022-07-28 10:30:00",0.000315103276392543,0.000109390231193413
"257","78220000171","2022-07-28 10:45:00",0.000314855309235721,0.000109215762633225
"258","78220000171","2022-07-28 11:00:00",0.000315030344875832,0.000109319773391846
"259","78220000171","2022-07-28 11:15:00",0.000314840722932377,0.000109390231193413
"260","78220000171","2022-07-28 11:30:00",0.000314811550325693,0.000109242694410797
"261","78220000171","2022-07-28 11:45:00",0.000314884481842405,0.000109313229920854
"262","78220000171","2022-07-28 12:00:00",0.000314753205112323,0.000109208020045843
"263","78220000171","2022-07-28 12:15:00",0.000314986585965804,0.00010929685341124
"264","78220000171","2022-07-28 12:30:00",0.00031485530923572,0.000109688163648636
"265","78220000171","2022-07-28 12:45:00",0.000315030344875831,0.000109506063545987
"266","78220000171","2022-07-28 13:00:00",0.00031485530923572,0.000109401977856867
"267","78220000171","2022-07-28 13:15:00",0.000314899068145748,0.000109401039117284
"268","78220000171","2022-07-28 13:30:00",0.000315001172269146,0.000109416459287675
"269","78220000171","2022-07-28 13:45:00",0.000315103276392544,0.000109626415052128
"270","78220000171","2022-07-28 14:00:00",0.000314986585965804,0.000109346763607817
"271","78220000171","2022-07-28 14:15:00",0.000314899068145748,0.000109374875214592
"272","78220000171","2022-07-28 14:30:00",0.000315030344875831,0.000109555878433078
"273","78220000171","2022-07-28 14:45:00",0.000315074103785859,0.00010976507635069
"274","78220000171","2022-07-28 15:00:00",0.000315147035302571,0.000109625275615568
"275","78220000171","2022-07-28 15:15:00",0.000314519824258841,0.000109381468683174
"276","78220000171","2022-07-28 15:30:00",0.000314884481842406,0.000109389152314203
"277","78220000171","2022-07-28 15:45:00",0.00031497199966246,0.000109311385943974
"278","78220000171","2022-07-28 16:00:00",0.000314607342078896,0.000109277376464322
"279","78220000171","2022-07-28 16:15:00",0.00031491365444909,0.000109486511884727
"280","78220000171","2022-07-28 16:30:00",0.000314869895539063,0.000109277376464322
"281","78220000171","2022-07-28 16:45:00",0.000315001172269146,0.000109382519628693
"282","78220000171","2022-07-28 17:00:00",0.000315074103785859,0.000109242694410797
"283","78220000171","2022-07-28 17:15:00",0.000314957413359118,0.000109173353376785
"284","78220000171","2022-07-28 17:30:00",0.000315030344875831,0.000109319773391846
"285","78220000171","2022-07-28 17:45:00",0.000314899068145748,0.000109138694410957
"286","78220000171","2022-07-28 18:00:00",0.000315074103785859,0.000109242694410797
"287","78220000171","2022-07-28 18:15:00",0.000315074103785859,0.000109242694410797
"288","78220000171","2022-07-28 18:30:00",0.00031497199966246,0.000108998947581359
"289","78220000171","2022-07-28 18:45:00",0.000315074103785859,0.000109006733124897
"290","78220000171","2022-07-28 19:00:00",0.000315278312032654,0.000108972068023187
"291","78220000171","2022-07-28 19:15:00",0.000315001172269146,0.000108910649515749
"292","78220000171","2022-07-28 19:30:00",0.000315147035302571,0.000108841397194685
"293","78220000171","2022-07-28 19:45:00",0.000315176207909257,0.000108938740074615
"294","78220000171","2022-07-28 20:00:00",0.000315351243549367,0.000109042565523796
"295","78220000171","2022-07-28 20:15:00",0.000315205380515942,0.000108825640015381
"296","78220000171","2022-07-28 20:30:00",0.000315292898335998,0.000108932689344103
"297","78220000171","2022-07-28 20:45:00",0.000315526279189478,0.00010886028607615
"298","78220000171","2022-07-28 21:00:00",0.000315555451796164,0.000108957757360635
"299","78220000171","2022-07-28 21:15:00",0.000315453347672765,0.000108764239758786
"300","78220000171","2022-07-28 21:30:00",0.000315599210706191,0.00010893090279546
"301","78220000171","2022-07-28 21:45:00",0.000315511692886135,0.00010895945911429
"302","78220000171","2022-07-28 22:00:00",0.000315715901132932,0.000109000135726882
"303","78220000171","2022-07-28 22:15:00",0.00031599304089644,0.000109111821200269
"304","78220000171","2022-07-28 22:30:00",0.000316007627199783,0.000109173353376785
"305","78220000171","2022-07-28 22:45:00",0.000316036799806468,0.000109034763806301
"306","78220000171","2022-07-28 23:00:00",0.000316080558716496,0.000109243971051608
"307","78220000171","2022-07-28 23:15:00",0.000316138903929866,0.000109278596627742
"308","78220000171","2022-07-28 23:30:00",0.000316226421749922,0.000109250425193022
"309","78220000171","2022-07-28 23:45:00",0.000316372284783348,0.000109130995485338
"310","78220000171","2022-07-29 00:00:00",0.000316313939569977,0.000109382519628693
"311","78220000171","2022-07-29 00:15:00",0.000316474388906746,0.000109424875818257
"312","78220000171","2022-07-29 00:30:00",0.000316532734120116,0.000109459528137711
"313","78220000171","2022-07-29 00:45:00",0.000316591079333486,0.000109494188144469
"314","78220000171","2022-07-29 01:00:00",0.000316620251940171,0.000109355594270491
"315","78220000171","2022-07-29 01:15:00",0.000316532734120116,0.000109459528137711
"316","78220000171","2022-07-29 01:30:00",0.000316226421749923,0.000109460977183506
"317","78220000171","2022-07-29 01:45:00",0.000316488975210088,0.000109536587394558
"318","78220000171","2022-07-29 02:00:00",0.000316547320423458,0.000109571250986866
"319","78220000171","2022-07-29 02:15:00",0.000316313939569978,0.000109432642724566
"320","78220000171","2022-07-29 02:30:00",0.000316313939569977,0.000109432642724566
"321","78220000171","2022-07-29 02:45:00",0.00031593469568307,0.000109363384773382
"322","78220000171","2022-07-29 03:00:00",0.000315949281986413,0.000109424875818257
"323","78220000171","2022-07-29 03:15:00",0.00031575966004296,0.000109495580770477
"324","78220000171","2022-07-29 03:30:00",0.000315745073739617,0.000109459528137711
"325","78220000171","2022-07-29 03:45:00",0.000315380416156052,0.000109451840116556
"326","78220000171","2022-07-29 04:00:00",0.000315599210706191,0.000109528855831233
"327","78220000171","2022-07-29 04:15:00",0.000315628383312876,0.000109626415052128
"328","78220000171","2022-07-29 04:30:00",0.000315497106582793,0.000109521191325997
"329","78220000171","2022-07-29 04:45:00",0.000315380416156053,0.000109451840116556
"330","78220000171","2022-07-29 05:00:00",0.000315074103785858,0.000109528855831233
"331","78220000171","2022-07-29 05:15:00",0.000314971999662461,0.000109285095448336
"332","78220000171","2022-07-29 05:30:00",0.000315059517482516,0.000109417176028777
"333","78220000171","2022-07-29 05:45:00",0.000315117862695886,0.000109215762633224
"334","78220000171","2022-07-29 06:00:00",0.00031485530923572,0.000109215762633224
"335","78220000171","2022-07-29 06:15:00",0.000315380416156053,0.000109528002095954
"336","78220000171","2022-07-29 06:30:00",0.000315336657246025,0.000109528855831233
"337","78220000171","2022-07-29 06:45:00",0.000315628383312876,0.00010970230921026
"338","78220000171","2022-07-29 07:00:00",0.000315292898335997,0.000109605922251512
"339","78220000171","2022-07-29 07:15:00",0.000315438761369423,0.000109562733652465
"340","78220000171","2022-07-29 07:30:00",0.000315307484639339,0.000109667603232665
"341","78220000171","2022-07-29 07:45:00",0.000315599210706191,0.000109815024835557
"342","78220000171","2022-07-29 08:00:00",0.000315351243549367,0.000109640601181219
"343","78220000171","2022-07-29 08:15:00",0.00031530748463934,0.000109667603232665
"344","78220000171","2022-07-29 08:30:00",0.000315555451796164,0.000109632219647922
"345","78220000171","2022-07-29 08:45:00",0.000315526279189478,0.000109744683888027
"346","78220000171","2022-07-29 09:00:00",0.000315292898335997,0.000109605922251512
"347","78220000171","2022-07-29 09:15:00",0.000315438761369423,0.000109772686614262
"348","78220000171","2022-07-29 09:30:00",0.000315482520279451,0.000109771744067343
"349","78220000171","2022-07-29 09:45:00",0.000315438761369424,0.000109848835319075
"350","78220000171","2022-07-29 10:00:00",0.000315395002459395,0.000109639888034814
"351","78220000171","2022-07-29 10:15:00",0.000315322070942682,0.00010977939340534
"352","78220000171","2022-07-29 10:30:00",0.000315584624402849,0.000109729428701161
"353","78220000171","2022-07-29 10:45:00",0.000315453347672766,0.000109674630717628
"354","78220000171","2022-07-29 11:00:00",0.000315847177863014,0.000109729428701161
"355","78220000171","2022-07-29 11:15:00",0.000315540865492821,0.000109806472932349
"356","78220000171","2022-07-29 11:30:00",0.000315540865492821,0.000109806472932349
"357","78220000171","2022-07-29 11:45:00",0.000315395002459395,0.000109639888034814
"358","78220000171","2022-07-29 12:00:00",0.00031524913942597,0.000109632904898701
"359","78220000171","2022-07-29 12:15:00",0.000315438761369423,0.000109562733652465
"360","78220000171","2022-07-29 12:30:00",0.000315044931179174,0.000109381468683174
"361","78220000171","2022-07-29 12:45:00",0.000315117862695886,0.000109451840116556
"362","78220000171","2022-07-29 13:00:00",0.000314913654449091,0.000109486511884727
"363","78220000171","2022-07-29 13:15:00",0.000315147035302571,0.000109625275615568
"364","78220000171","2022-07-29 13:30:00",0.000315132448999229,0.000109589859726735
"365","78220000171","2022-07-29 13:45:00",0.000315147035302572,0.000109651861748048
"366","78220000171","2022-07-29 14:00:00",0.000315263725729313,0.000109771282965762
"367","78220000171","2022-07-29 14:15:00",0.00031536582985271,0.000109728939500713
"368","78220000171","2022-07-29 14:30:00",0.000314986585965803,0.000109659384411207
"369","78220000171","2022-07-29 14:45:00",0.000315526279189479,0.000109721440221663
"370","78220000171","2022-07-29 15:00:00",0.000315001172269145,0.000109485230491828
"371","78220000171","2022-07-29 15:15:00",0.000315190794212599,0.000109624618264726
"372","78220000171","2022-07-29 15:30:00",0.000314986585965804,0.000109659384411207
"373","78220000171","2022-07-29 15:45:00",0.000315044931179174,0.000109694158158945
"374","78220000171","2022-07-29 16:00:00",0.000314869895539063,0.000109540060293118
"375","78220000171","2022-07-29 16:15:00",0.000314709446202294,0.000109261459587024
"376","78220000171","2022-07-29 16:30:00",0.000315074103785859,0.000109505293567276
"377","78220000171","2022-07-29 16:45:00",0.000314899068145748,0.000109401039117284
"378","78220000171","2022-07-29 17:00:00",0.000315395002459395,0.000109540060293118
"379","78220000171","2022-07-29 17:15:00",0.000314942827055775,0.000109373852207323
"380","78220000171","2022-07-29 17:30:00",0.000315322070942683,0.00010944330882345
"381","78220000171","2022-07-29 17:45:00",0.000315147035302572,0.000109339135374241
"382","78220000171","2022-07-29 18:00:00",0.000315278312032655,0.000109234265985128
"383","78220000171","2022-07-29 18:15:00",0.000315234553122627,0.000109311385943974
"384","78220000171","2022-07-29 18:30:00",0.000315234553122627,0.000109285095448336
"385","78220000171","2022-07-29 18:45:00",0.000315307484639339,0.000109145470569232
"386","78220000171","2022-07-29 19:00:00",0.000315205380515942,0.000109187967818872
"387","78220000171","2022-07-29 19:15:00",0.00031542417506608,0.00010918892943467
"388","78220000171","2022-07-29 19:30:00",0.000315336657246025,0.0001092928816323
"389","78220000171","2022-07-29 19:45:00",0.000315774246346303,0.000109396903086262
"390","78220000171","2022-07-29 20:00:00",0.000315715901132932,0.000109362221585323
"391","78220000171","2022-07-29 20:15:00",0.000315657555919562,0.000109327547764899
"392","78220000171","2022-07-29 20:30:00",0.000315978454593098,0.00010943880287115
"393","78220000171","2022-07-29 20:45:00",0.000316065972413154,0.000109570425543365
"394","78220000171","2022-07-29 21:00:00",0.000316299353266635,0.000109632904898701
"395","78220000171","2022-07-29 21:15:00",0.000316124317626524,0.00010960515297431
"396","78220000171","2022-07-29 21:30:00",0.000316241008053264,0.000109598214215628
"397","78220000171","2022-07-29 21:45:00",0.000316299353266634,0.000109423313713552
"398","78220000171","2022-07-29 22:00:00",0.000316343112176662,0.000109632219647922
"399","78220000171","2022-07-29 22:15:00",0.000316605665636829,0.000109632219647922
"400","78220000171","2022-07-29 22:30:00",0.000316430629996718,0.000109528002095954
"401","78220000171","2022-07-29 22:45:00",0.00031593469568307,0.000109389152314203
"402","78220000171","2022-07-29 23:00:00",0.000316357698480005,0.000109381468683174
"403","78220000171","2022-07-29 23:15:00",0.000316241008053264,0.000109598214215628
"404","78220000171","2022-07-29 23:30:00",0.000316503561513431,0.000109598214215628
"405","78220000171","2022-07-29 23:45:00",0.00031638687108669,0.000109319065158946
"406","78220000171","2022-07-30 00:00:00",0.000316649424546856,0.00010960515297431
"407","78220000171","2022-07-30 00:15:00",0.000316605665636829,0.000109632219647922
"408","78220000171","2022-07-30 00:30:00",0.000316707769760227,0.000109639888034814
"409","78220000171","2022-07-30 00:45:00",0.000316736942366911,0.000109527630878483
"410","78220000171","2022-07-30 01:00:00",0.000316386871086689,0.000109579037807365
"411","78220000171","2022-07-30 01:15:00",0.000316080558716496,0.000109555878433078
"412","78220000171","2022-07-30 01:30:00",0.00020738293127973,9.64285885694102e-05
"413","78220000171","2022-07-30 01:45:00",0.000207382931279729,9.64285885694102e-05
"414","78220000171","2022-07-30 02:00:00",0.000207382931279729,9.61670283093384e-05
"415","78220000171","2022-07-30 02:15:00",0.000207645484739896,9.64517278261769e-05
"416","78220000171","2022-07-30 02:30:00",0.000207514208009812,9.65708361465884e-05
"417","78220000171","2022-07-30 02:45:00",0.000207776761469979,9.68096812503903e-05
"418","78220000171","2022-07-30 03:00:00",0.000207251654549646,9.63328300299442e-05
"419","78220000171","2022-07-30 03:15:00",0.000207251654549646,9.6548082431524e-05
"420","78220000171","2022-07-30 03:30:00",0.000207120377819562,9.64285885694102e-05
"421","78220000171","2022-07-30 03:45:00",0.000207120377819562,9.64285885694105e-05
"422","78220000171","2022-07-30 04:00:00",0.000207120377819564,9.64285885694102e-05
"423","78220000171","2022-07-30 04:15:00",0.000207120377819562,9.64285885694102e-05
"424","78220000171","2022-07-30 04:30:00",0.00020698910108948,9.6548082431524e-05
"425","78220000171","2022-07-30 04:45:00",0.000206857824359396,9.64285885694105e-05
"426","78220000171","2022-07-30 05:00:00",0.00020698910108948,9.65708361465884e-05
"427","78220000171","2022-07-30 05:15:00",0.000206857824359396,9.64285885694105e-05
"428","78220000171","2022-07-30 05:30:00",0.000206726547629314,9.65708361465884e-05
"429","78220000171","2022-07-30 05:45:00",0.000206857824359397,9.64285885694102e-05
"430","78220000171","2022-07-30 06:00:00",0.000206463994169147,9.6548082431524e-05
"431","78220000171","2022-07-30 06:15:00",0.00020659527089923,9.64285885694102e-05
"432","78220000171","2022-07-30 06:30:00",0.00020659527089923,9.64061588020244e-05
"433","78220000171","2022-07-30 06:45:00",0.000206595270899231,9.64061588020244e-05
"434","78220000171","2022-07-30 07:00:00",0.000206463994169147,9.62864888094139e-05
"435","78220000171","2022-07-30 07:15:00",0.000206463994169147,9.6548082431524e-05
"436","78220000171","2022-07-30 07:30:00",0.000206332717439065,9.61445375220124e-05
"437","78220000171","2022-07-30 07:45:00",0.00020659527089923,9.64061588020248e-05
"438","78220000171","2022-07-30 08:00:00",0.000206639029809258,9.62864888094143e-05
"439","78220000171","2022-07-30 08:15:00",0.000206463994169147,9.62864888094143e-05
"440","78220000171","2022-07-30 08:30:00",0.000206463994169147,9.65480824315243e-05
"441","78220000171","2022-07-30 08:45:00",0.000206332717439064,9.64285885694102e-05
"442","78220000171","2022-07-30 09:00:00",0.000206463994169147,9.62864888094139e-05
"443","78220000171","2022-07-30 09:15:00",0.00020659527089923,9.64285885694102e-05
"444","78220000171","2022-07-30 09:30:00",0.000206332717439065,9.61445375220124e-05
"445","78220000171","2022-07-30 09:45:00",0.000206201440708981,9.62864888094139e-05
"446","78220000171","2022-07-30 10:00:00",0.000206201440708981,9.62864888094139e-05
"447","78220000171","2022-07-30 10:15:00",0.000206201440708981,9.62643839799404e-05
"448","78220000171","2022-07-30 10:30:00",0.000206070163978898,9.6144537522013e-05
"449","78220000171","2022-07-30 10:45:00",0.000206201440708981,9.6264383979941e-05
"450","78220000171","2022-07-30 11:00:00",0.000205938887248815,9.6002735365808e-05
"451","78220000171","2022-07-30 11:15:00",0.000205938887248815,9.6002735365808e-05
"452","78220000171","2022-07-30 11:30:00",0.000206070163978899,9.55994121952158e-05
"453","78220000171","2022-07-30 11:45:00",0.000205938887248815,9.57195810974279e-05
"454","78220000171","2022-07-30 12:00:00",0.000205938887248815,9.57195810974279e-05
"455","78220000171","2022-07-30 12:15:00",0.000205807610518732,9.58610830026059e-05
"456","78220000171","2022-07-30 12:30:00",0.000205938887248815,9.60249004265324e-05
"457","78220000171","2022-07-30 12:45:00",0.000205807610518731,9.61445375220124e-05
"458","78220000171","2022-07-30 13:00:00",0.000205676333788649,9.60249004265318e-05
"459","78220000171","2022-07-30 13:15:00",0.000205676333788649,9.63093043277356e-05
"460","78220000171","2022-07-30 13:30:00",0.000205676333788649,9.6309304327735e-05
"461","78220000171","2022-07-30 13:45:00",0.000205545057058565,9.64517278261769e-05
"462","78220000171","2022-07-30 14:00:00",0.000205545057058566,9.64517278261769e-05
"463","78220000171","2022-07-30 14:15:00",0.000205676333788649,9.63093043277356e-05
"464","78220000171","2022-07-30 14:30:00",0.000205807610518732,9.6190230486341e-05
"465","78220000171","2022-07-30 14:45:00",0.000205938887248815,9.60477780834744e-05
"466","78220000171","2022-07-30 15:00:00",0.000206201440708981,9.60477780834744e-05
"467","78220000171","2022-07-30 15:15:00",0.000205938887248815,9.60477780834738e-05
"468","78220000171","2022-07-30 15:30:00",0.000206070163978897,9.61670283093384e-05
"469","78220000171","2022-07-30 15:45:00",0.000205807610518732,9.61670283093384e-05
"470","78220000171","2022-07-30 16:00:00",0.000206070163978897,9.61670283093384e-05
"471","78220000171","2022-07-30 16:15:00",0.000205807610518731,9.6190230486341e-05
"472","78220000171","2022-07-30 16:30:00",0.000205938887248815,9.63093043277356e-05
"473","78220000171","2022-07-30 16:45:00",0.000206070163978899,9.6190230486341e-05
"474","78220000171","2022-07-30 17:00:00",0.000206070163978897,9.6190230486341e-05
"475","78220000171","2022-07-30 17:15:00",0.000205938887248815,9.60477780834738e-05
"476","78220000171","2022-07-30 17:30:00",0.000206070163978898,9.59287389160043e-05
"477","78220000171","2022-07-30 17:45:00",0.000206332717439064,9.61902304863417e-05
"478","78220000171","2022-07-30 18:00:00",0.000205807610518731,9.59287389160037e-05
"479","78220000171","2022-07-30 18:15:00",0.000206070163978897,9.59287389160037e-05
"480","78220000171","2022-07-30 18:30:00",0.000205938887248815,9.60477780834738e-05
"481","78220000171","2022-07-30 18:45:00",0.000206070163978898,9.59054734770055e-05
"482","78220000171","2022-07-30 19:00:00",0.000206157681798953,9.6239155184201e-05
"483","78220000171","2022-07-30 19:15:00",0.000206332717439064,9.59287389160037e-05
"484","78220000171","2022-07-30 19:30:00",0.000206070163978899,9.59054734770048e-05
"485","78220000171","2022-07-30 19:45:00",0.000206332717439064,9.58829213380626e-05
"486","78220000171","2022-07-30 20:00:00",0.000206332717439064,9.59054734770048e-05
"487","78220000171","2022-07-30 20:15:00",0.000206463994169147,9.60249004265318e-05
"488","78220000171","2022-07-30 20:30:00",0.000206463994169147,9.6002735365808e-05
"489","78220000171","2022-07-30 20:45:00",0.000206463994169147,9.60027353658083e-05
"490","78220000171","2022-07-30 21:00:00",0.000206595270899231,9.58829213380623e-05
"491","78220000171","2022-07-30 21:15:00",0.000206463994169147,9.60477780834744e-05
"492","78220000171","2022-07-30 21:30:00",0.000206857824359397,9.58829213380623e-05
"493","78220000171","2022-07-30 21:45:00",0.00020698910108948,9.60249004265318e-05
"494","78220000171","2022-07-30 22:00:00",0.000206857824359396,9.61670283093387e-05
"495","78220000171","2022-07-30 22:15:00",0.00020698910108948,9.60477780834744e-05
"496","78220000171","2022-07-30 22:30:00",0.000206726547629314,9.60477780834738e-05
"497","78220000171","2022-07-30 22:45:00",0.000206726547629314,9.63093043277356e-05
"498","78220000171","2022-07-30 23:00:00",0.000206857824359396,9.61670283093387e-05
"499","78220000171","2022-07-30 23:15:00",0.000207251654549646,9.63093043277356e-05
"500","78220000171","2022-07-30 23:30:00",0.000207120377819562,9.64517278261773e-05
"501","78220000171","2022-07-30 23:45:00",0.000207120377819562,9.64517278261773e-05
"502","78220000171","2022-07-31 00:00:00",0.000207120377819563,9.64517278261776e-05
"503","78220000171","2022-07-31 00:15:00",0.00020698910108948,9.63328300299445e-05
"504","78220000171","2022-07-31 00:30:00",0.000207120377819562,9.6190230486341e-05
"505","78220000171","2022-07-31 00:45:00",0.000207251654549646,9.65942981523085e-05
"506","78220000171","2022-07-31 01:00:00",0.000207251654549646,9.65942981523085e-05
"507","78220000171","2022-07-31 01:15:00",0.000207251654549646,9.65942981523085e-05
"508","78220000171","2022-07-31 01:30:00",0.000207514208009812,9.65942981523081e-05
"509","78220000171","2022-07-31 01:45:00",0.000207120377819563,9.67132308887126e-05
"510","78220000171","2022-07-31 02:00:00",0.000207120377819562,9.67132308887119e-05
"511","78220000171","2022-07-31 02:15:00",0.000207120377819564,9.64755760618206e-05
"512","78220000171","2022-07-31 02:30:00",0.00020698910108948,9.65942981523081e-05
"513","78220000171","2022-07-31 02:45:00",0.000206857824359396,9.67132308887119e-05
"514","78220000171","2022-07-31 03:00:00",0.000206857824359397,9.67370146569484e-05
"515","78220000171","2022-07-31 03:15:00",0.000206857824359397,9.67370146569478e-05
"516","78220000171","2022-07-31 03:30:00",0.000206463994169147,9.65942981523081e-05
"517","78220000171","2022-07-31 03:45:00",0.000206332717439064,9.64755760618212e-05
"518","78220000171","2022-07-31 04:00:00",0.000206201440708981,9.65942981523081e-05
"519","78220000171","2022-07-31 04:15:00",0.000206201440708981,9.65942981523081e-05
"520","78220000171","2022-07-31 04:30:00",0.000206070163978897,9.67370146569478e-05
"521","78220000171","2022-07-31 04:45:00",0.000206070163978897,9.64517278261769e-05
"522","78220000171","2022-07-31 05:00:00",0.000205938887248815,9.6309304327735e-05
"523","78220000171","2022-07-31 05:15:00",0.000206070163978897,9.61670283093384e-05
"524","78220000171","2022-07-31 05:30:00",0.000206201440708981,9.60249004265324e-05
"525","78220000171","2022-07-31 05:45:00",0.000206070163978897,9.61670283093384e-05
"526","78220000171","2022-07-31 06:00:00",0.000206070163978899,9.61445375220124e-05
"527","78220000171","2022-07-31 06:15:00",0.000206070163978899,9.61445375220124e-05
"528","78220000171","2022-07-31 06:30:00",0.000206201440708981,9.60249004265318e-05
"529","78220000171","2022-07-31 06:45:00",0.000206201440708981,9.62864888094146e-05
"530","78220000171","2022-07-31 07:00:00",0.000206463994169147,9.62864888094139e-05
"531","78220000171","2022-07-31 07:15:00",0.000206332717439065,9.64285885694102e-05
"532","78220000171","2022-07-31 07:30:00",0.000206463994169147,9.62864888094143e-05
"533","78220000171","2022-07-31 07:45:00",0.00020659527089923,9.64285885694105e-05
"534","78220000171","2022-07-31 08:00:00",0.000206463994169147,9.6548082431524e-05
"535","78220000171","2022-07-31 08:15:00",0.00020659527089923,9.64285885694105e-05
"536","78220000171","2022-07-31 08:30:00",0.000206463994169147,9.65480824315243e-05
"537","78220000171","2022-07-31 08:45:00",0.000206857824359397,9.61445375220127e-05
"538","78220000171","2022-07-31 09:00:00",0.000206726547629314,9.6002735365808e-05
"539","78220000171","2022-07-31 09:15:00",0.000206726547629314,9.60027353658086e-05
"540","78220000171","2022-07-31 09:30:00",0.000206857824359397,9.61227586237157e-05
"541","78220000171","2022-07-31 09:45:00",0.00020698910108948,9.62643839799404e-05
"542","78220000171","2022-07-31 10:00:00",0.00020698910108948,9.62643839799407e-05
"543","78220000171","2022-07-31 10:15:00",0.00020659527089923,9.61445375220124e-05
"544","78220000171","2022-07-31 10:30:00",0.00020698910108948,9.62864888094139e-05
"545","78220000171","2022-07-31 10:45:00",0.000206857824359396,9.64061588020248e-05
"546","78220000171","2022-07-31 11:00:00",0.000206726547629314,9.60027353658083e-05
"547","78220000171","2022-07-31 11:15:00",0.00020659527089923,9.6122758623716e-05
"548","78220000171","2022-07-31 11:30:00",0.00020659527089923,9.58610830026059e-05
"549","78220000171","2022-07-31 11:45:00",0.000206332717439065,9.58610830026062e-05
"550","78220000171","2022-07-31 12:00:00",0.000206463994169148,9.57195810974283e-05
"551","78220000171","2022-07-31 12:15:00",0.000206201440708981,9.59812833949844e-05
"552","78220000171","2022-07-31 12:30:00",0.000206201440708981,9.57195810974279e-05
"553","78220000171","2022-07-31 12:45:00",0.000206332717439065,9.58610830026062e-05
"554","78220000171","2022-07-31 13:00:00",0.000206332717439064,9.58610830026059e-05
"555","78220000171","2022-07-31 13:15:00",0.000206201440708981,9.60027353658083e-05
"556","78220000171","2022-07-31 13:30:00",0.000206332717439064,9.61445375220127e-05
"557","78220000171","2022-07-31 13:45:00",0.000206245199619009,9.61445375220124e-05
"558","78220000171","2022-07-31 14:00:00",0.000206070163978899,9.58829213380623e-05
"559","78220000171","2022-07-31 14:15:00",0.000206201440708981,9.6002735365808e-05
"560","78220000171","2022-07-31 14:30:00",0.000206332717439064,9.58829213380626e-05
"561","78220000171","2022-07-31 14:45:00",0.000206332717439064,9.58829213380623e-05
"562","78220000171","2022-07-31 15:00:00",0.000206201440708981,9.6002735365808e-05
"563","78220000171","2022-07-31 15:15:00",0.000206070163978899,9.58829213380623e-05
"564","78220000171","2022-07-31 15:30:00",0.000206070163978897,9.58829213380626e-05
"565","78220000171","2022-07-31 15:45:00",0.000206201440708981,9.6002735365808e-05
"566","78220000171","2022-07-31 16:00:00",0.000205938887248815,9.57633173258121e-05
"567","78220000171","2022-07-31 16:15:00",0.00020602640506887,9.58580715656133e-05
"568","78220000171","2022-07-31 16:30:00",0.000206201440708981,9.60249004265318e-05
"569","78220000171","2022-07-31 16:45:00",0.000206201440708981,9.57633173258124e-05
"570","78220000171","2022-07-31 17:00:00",0.000205938887248815,9.57633173258124e-05
"571","78220000171","2022-07-31 17:15:00",0.000205938887248815,9.57633173258124e-05
"572","78220000171","2022-07-31 17:30:00",0.000206070163978897,9.58829213380626e-05
"573","78220000171","2022-07-31 17:45:00",0.000206070163978899,9.59054734770048e-05
"574","78220000171","2022-07-31 18:00:00",0.000181390138723268,7.27722816323469e-05
"575","78220000171","2022-07-31 18:15:00",0.000181390138723268,7.27722816323469e-05
"576","78220000171","2022-07-31 18:30:00",0.000152509258104979,0.000100529388175067
"577","78220000171","2022-07-31 18:45:00",0.000152246704644813,0.000100268900294504
"578","78220000171","2022-07-31 19:00:00",0.000152246704644814,0.000100529388175067
"579","78220000171","2022-07-31 19:15:00",0.000152509258104979,0.000100789886774795
"580","78220000171","2022-07-31 19:30:00",0.000174432472028863,8.5119042841161e-05
"581","78220000171","2022-07-31 19:45:00",0.000118146416444223,NA
"582","78220000181","2022-07-25 18:45:00",0.000383624346559703,NA
"583","78220000181","2022-07-25 19:00:00",0.000383677087501344,NA
"584","78220000181","2022-07-25 19:15:00",0.000335241757165859,NA
"585","78220000181","2022-07-25 19:30:00",0.000334767088691088,NA
"586","78220000181","2022-07-25 19:45:00",0.000334635236336985,NA
"587","78220000181","2022-07-25 20:00:00",0.000365642282188035,8.12312599703035e-05
"588","78220000181","2022-07-25 20:15:00",0.000365695023129676,8.12312599703036e-05
"589","78220000181","2022-07-25 20:30:00",0.000365642282188035,8.1351756629026e-05
"590","78220000181","2022-07-25 20:45:00",0.00036543131842147,8.13857487590993e-05
"591","78220000181","2022-07-25 21:00:00",0.000365932357367059,8.11369395775499e-05
"592","78220000181","2022-07-25 21:15:00",0.000365589541246394,8.11972031655775e-05
"593","78220000181","2022-07-25 21:30:00",0.000365352207009008,8.11369395775478e-05
"594","78220000181","2022-07-25 21:45:00",0.000365615911717214,8.11369395775478e-05
"595","78220000181","2022-07-25 22:00:00",0.000365563170775573,8.11369395775477e-05
"596","78220000181","2022-07-25 22:15:00",0.000365536800304752,8.12312599703036e-05
"597","78220000181","2022-07-25 22:30:00",0.000365378577479829,8.13857487590994e-05
"598","78220000181","2022-07-25 22:45:00",0.000365167613713264,8.12312599703036e-05
"599","78220000181","2022-07-25 23:00:00",0.000365220354654905,8.12312599703037e-05
"600","78220000181","2022-07-25 23:15:00",0.000365352207009008,8.11711758749614e-05
"601","78220000181","2022-07-25 23:30:00",0.00030057716577158,8.7089674935408e-05
"602","78220000181","2022-07-25 23:45:00",0.00030059474608546,8.71053495574431e-05
"603","78220000181","2022-07-26 00:00:00",0.000300498054359118,8.71431249461443e-05
"604","78220000181","2022-07-26 00:15:00",0.000300524424829938,8.71838080163184e-05
"605","78220000181","2022-07-26 00:30:00",0.000300374992161956,8.72028808785685e-05
"606","78220000181","2022-07-26 00:45:00",0.000300454103574416,8.7115026265102e-05
"607","78220000181","2022-07-26 01:00:00",0.000300480474045237,8.71273890118398e-05
"608","78220000181","2022-07-26 01:15:00",0.000300533214986878,8.72028808785685e-05
"609","78220000181","2022-07-26 01:30:00",0.000300612326399341,8.7115026265102e-05
"610","78220000181","2022-07-26 01:45:00",0.000300550795300759,8.72185904357272e-05
"611","78220000181","2022-07-26 02:00:00",0.000300665067340982,8.73664754444364e-05
"612","78220000181","2022-07-26 02:15:00",0.000300673857497921,8.73494830370821e-05
"613","78220000181","2022-07-26 02:30:00",0.000300700227968742,8.7397815949156e-05
"614","78220000181","2022-07-26 02:45:00",0.000300761759067324,8.72941818742462e-05
"615","78220000181","2022-07-26 03:00:00",0.00030108699487411,8.74322381267304e-05
"616","78220000181","2022-07-26 03:15:00",0.000300946352363067,8.73127231423104e-05
"617","78220000181","2022-07-26 03:30:00",0.000301016673618588,8.7375397513427e-05
"618","78220000181","2022-07-26 03:45:00",0.000301174896443513,8.73753975134277e-05
"619","78220000181","2022-07-26 04:00:00",0.000301086994874111,8.74381626929128e-05
"620","78220000181","2022-07-26 04:15:00",0.000301218847228213,8.74258057120696e-05
"621","78220000181","2022-07-26 04:30:00",0.000301104575187991,8.76013470694607e-05
"622","78220000181","2022-07-26 04:45:00",0.000300999093304708,8.7501018485353e-05
"623","78220000181","2022-07-26 05:00:00",0.00030104304408941,8.73817063075492e-05
"624","78220000181","2022-07-26 05:15:00",0.000301043044089409,8.75292019382961e-05
"625","78220000181","2022-07-26 05:30:00",0.000301016673618589,8.75167465688646e-05
"626","78220000181","2022-07-26 05:45:00",0.000300999093304709,8.75010184853532e-05
"627","78220000181","2022-07-26 06:00:00",0.000301201266914332,8.73817063075486e-05
"628","78220000181","2022-07-26 06:15:00",0.000301201266914333,8.73817063075492e-05
"629","78220000181","2022-07-26 06:30:00",0.000301122155501871,8.74695792747161e-05
"630","78220000181","2022-07-26 06:45:00",0.000301245217699034,8.74322381267302e-05
"631","78220000181","2022-07-26 07:00:00",0.000301043044089409,8.73817063075492e-05
"632","78220000181","2022-07-26 07:15:00",0.000301297958640676,8.74852960529548e-05
"633","78220000181","2022-07-26 07:30:00",0.000301113365344931,8.74446705424073e-05
"634","78220000181","2022-07-26 07:45:00",0.000301139735815752,8.74852960529546e-05
"635","78220000181","2022-07-26 08:00:00",0.000301007883461649,8.74919530017336e-05
"636","78220000181","2022-07-26 08:15:00",0.000301166106286571,8.74977304668993e-05
"637","78220000181","2022-07-26 08:30:00",0.000301130945658812,8.76360685126777e-05
"638","78220000181","2022-07-26 08:45:00",0.000301236427542094,8.75889146622648e-05
"639","78220000181","2022-07-26 09:00:00",0.000301113365344931,8.76203449165012e-05
"640","78220000181","2022-07-26 09:15:00",0.000300981512990827,8.74852960529545e-05
"641","78220000181","2022-07-26 09:30:00",0.000300893611421426,8.75482196770402e-05
"642","78220000181","2022-07-26 09:45:00",0.000300893611421426,8.75482196770406e-05
"643","78220000181","2022-07-26 10:00:00",0.000300990303147769,8.76517977508421e-05
"644","78220000181","2022-07-26 10:15:00",0.000300849660636725,8.76675326279573e-05
"645","78220000181","2022-07-26 10:30:00",0.000300972722833888,8.74604257212498e-05
"646","78220000181","2022-07-26 10:45:00",0.000301104575187991,8.74538681536856e-05
"647","78220000181","2022-07-26 11:00:00",0.00030105183424635,8.7554212643342e-05
"648","78220000181","2022-07-26 11:15:00",0.000301025463775529,8.75134633793266e-05
"649","78220000181","2022-07-26 11:30:00",0.000301025463775528,8.75418116718036e-05
"650","78220000181","2022-07-26 11:45:00",0.000300999093304708,8.76546326638363e-05
"651","78220000181","2022-07-26 12:00:00",0.000300946352363067,8.76075650072534e-05
"652","78220000181","2022-07-26 12:15:00",0.000300946352363067,8.76013470694606e-05
"653","78220000181","2022-07-26 12:30:00",0.000300893611421427,8.75542126433423e-05
"654","78220000181","2022-07-26 12:45:00",0.000300972722833888,8.74662815938589e-05
"655","78220000181","2022-07-26 13:00:00",0.000300999093304709,8.75071291182625e-05
"656","78220000181","2022-07-26 13:15:00",0.000300832080322844,8.74820032040606e-05
"657","78220000181","2022-07-26 13:30:00",0.000300911191735307,8.75699184671012e-05
"658","78220000181","2022-07-26 13:45:00",0.000300779339381203,8.76108351454884e-05
"659","78220000181","2022-07-26 14:00:00",0.000300814500008965,8.76421982939571e-05
"660","78220000181","2022-07-26 14:15:00",0.000300788129538144,8.76298097737479e-05
"661","78220000181","2022-07-26 14:30:00",0.000300682647654861,8.76768654886521e-05
"662","78220000181","2022-07-26 14:45:00",0.000300849660636725,8.75261219913895e-05
"663","78220000181","2022-07-26 15:00:00",0.000300814500008965,8.74662815938586e-05
"664","78220000181","2022-07-26 15:15:00",0.000300691437811801,8.76735840649808e-05
"665","78220000181","2022-07-26 15:30:00",0.000300902401578367,8.75732080102841e-05
"666","78220000181","2022-07-26 15:45:00",0.000300884821264486,8.75575070124499e-05
"667","78220000181","2022-07-26 16:00:00",0.000300858450793666,8.75228179658787e-05
"668","78220000181","2022-07-26 16:15:00",0.000300700227968742,8.75228179658787e-05
"669","78220000181","2022-07-26 16:30:00",0.000300779339381204,8.74348553435583e-05
"670","78220000181","2022-07-26 16:45:00",0.000300779339381204,8.74348553435583e-05
"671","78220000181","2022-07-26 17:00:00",0.000300673857497921,8.73122225289553e-05
"672","78220000181","2022-07-26 17:15:00",0.000300796919695084,8.7450565639341e-05
"673","78220000181","2022-07-26 17:30:00",0.000300682647654862,8.73253907399353e-05
"674","78220000181","2022-07-26 17:45:00",0.000300752968910383,8.72185868043686e-05
"675","78220000181","2022-07-26 18:00:00",0.000300544499730742,8.69949442025277e-05
"676","78220000181","2022-07-26 18:15:00",0.000300482968632163,8.69231531116088e-05
"677","78220000181","2022-07-26 18:30:00",0.000300349908676009,8.69935530121853e-05
"678","78220000181","2022-07-26 18:45:00",0.000300523217227889,8.71857058804251e-05
"679","78220000181","2022-07-26 19:00:00",0.000300156525223327,8.71094675669107e-05
"680","78220000181","2022-07-26 19:15:00",0.000300228054080898,8.69949442025308e-05
"681","78220000181","2022-07-26 19:30:00",0.000300323538205189,8.69533500053026e-05
"682","78220000181","2022-07-26 19:45:00",0.000300226846478846,8.70251301008356e-05
"683","78220000181","2022-07-26 20:00:00",0.000300226846478849,8.70251301008392e-05
"684","78220000181","2022-07-26 20:15:00",0.000300147735066387,8.69375370606268e-05
"685","78220000181","2022-07-26 20:30:00",0.00030031474804825,8.69619985763641e-05
"686","78220000181","2022-07-26 20:45:00",0.000300203607941498,8.69876145970064e-05
"687","78220000181","2022-07-26 21:00:00",0.000300423361865002,8.68896814946725e-05
"688","78220000181","2022-07-26 21:15:00",0.0003002915095109,8.69245612670487e-05
"689","78220000181","2022-07-26 21:30:00",0.000300355278816518,8.69811457027531e-05
"690","78220000181","2022-07-26 21:45:00",0.000300226558395884,8.68716279271861e-05
"691","78220000181","2022-07-26 22:00:00",0.000300543556707286,8.703164368951e-05
"692","78220000181","2022-07-26 22:15:00",0.000300467865311258,8.7151081488878e-05
"693","78220000181","2022-07-26 22:30:00",0.000300446864980944,8.71033443805766e-05
"694","78220000181","2022-07-26 22:45:00",0.000300200187925064,8.68086095568653e-05
"695","78220000181","2022-07-26 23:00:00",0.000300490815765645,8.69842197994502e-05
"696","78220000181","2022-07-26 23:15:00",0.000300640248433629,8.69876967875467e-05
"697","78220000181","2022-07-26 23:30:00",0.000300473235451765,8.71436027315607e-05
"698","78220000181","2022-07-26 23:45:00",0.000300411704353184,8.70717658774598e-05
"699","78220000181","2022-07-27 00:00:00",0.000300525976393406,8.71909144099529e-05
"700","78220000181","2022-07-27 00:15:00",0.000300596297648927,8.71068080981085e-05
"701","78220000181","2022-07-27 00:30:00",0.00030071056968915,8.7055985111155e-05
"702","78220000181","2022-07-27 00:45:00",0.000300552346864226,8.72259342755144e-05
"703","78220000181","2022-07-27 01:00:00",0.000300754520473851,8.71068080981086e-05
"704","78220000181","2022-07-27 01:15:00",0.000300657828747509,8.71786033139558e-05
"705","78220000181","2022-07-27 01:30:00",0.00030071935984609,8.70752393697671e-05
"706","78220000181","2022-07-27 01:45:00",0.000300640248433628,8.71576833636789e-05
"707","78220000181","2022-07-27 02:00:00",0.000300684199218329,8.73888986624769e-05
"708","78220000181","2022-07-27 02:15:00",0.000300965484240416,8.71820991377628e-05
"709","78220000181","2022-07-27 02:30:00",0.000300965484240413,8.73574233833506e-05
"710","78220000181","2022-07-27 02:45:00",0.000301044595652878,8.72697335729372e-05
"711","78220000181","2022-07-27 03:00:00",0.000301070966123698,8.73102529071641e-05
"712","78220000181","2022-07-27 03:15:00",0.000301132497222279,8.73539345758613e-05
"713","78220000181","2022-07-27 03:30:00",0.000301299510204143,8.73450752589354e-05
"714","78220000181","2022-07-27 03:45:00",0.000301387411773545,8.7429255667449e-05
"715","78220000181","2022-07-27 04:00:00",0.00030128192989026,8.74765909210509e-05
"716","78220000181","2022-07-27 04:15:00",0.000301343460988844,8.73732208163553e-05
"717","78220000181","2022-07-27 04:30:00",0.000301290720047203,8.74957950099118e-05
"718","78220000181","2022-07-27 04:45:00",0.000301404992087423,8.74398621816229e-05
"719","78220000181","2022-07-27 05:00:00",0.000301448942872126,8.747320226513e-05
"720","78220000181","2022-07-27 05:15:00",0.000301563214912349,8.74450284497385e-05
"721","78220000181","2022-07-27 05:30:00",0.000301440152715186,8.7476590921054e-05
"722","78220000181","2022-07-27 05:45:00",0.000301440152715186,8.74765909210538e-05
"723","78220000181","2022-07-27 06:00:00",0.000301510473970708,8.7392443376466e-05
"724","78220000181","2022-07-27 06:15:00",0.000301299510204143,8.7492380603981e-05
"725","78220000181","2022-07-27 06:30:00",0.000301378621616605,8.75799904116304e-05
"726","78220000181","2022-07-27 06:45:00",0.000301325880674961,8.75273815478807e-05
"727","78220000181","2022-07-27 07:00:00",0.000301299510204143,8.76676554477934e-05
"728","78220000181","2022-07-27 07:15:00",0.00030128192989026,8.74765909210509e-05
"729","78220000181","2022-07-27 07:30:00",0.000301572005069289,8.74642309878669e-05
"730","78220000181","2022-07-27 07:45:00",0.000301440152715187,8.75046125772793e-05
"731","78220000181","2022-07-27 08:00:00",0.000301510473970708,8.7573191314886e-05
"732","78220000181","2022-07-27 08:15:00",0.000301695067266449,8.74382284021784e-05
"733","78220000181","2022-07-27 08:30:00",0.000301791758992791,8.73662209652852e-05
"734","78220000181","2022-07-27 08:45:00",0.000301633536167868,8.75361111957493e-05
"735","78220000181","2022-07-27 09:00:00",0.000301510473970708,8.73977270248632e-05
"736","78220000181","2022-07-27 09:15:00",0.000301317090518023,8.7508175914357e-05
"737","78220000181","2022-07-27 09:30:00",0.000301396201930485,8.76238201317818e-05
"738","78220000181","2022-07-27 09:45:00",0.000301378621616602,8.75799904116274e-05
"739","78220000181","2022-07-27 10:00:00",0.000301246769262502,8.76203980163107e-05
"740","78220000181","2022-07-27 10:15:00",0.000301211608634738,8.77362546963967e-05
"741","78220000181","2022-07-27 10:30:00",0.000301088546437578,8.75923943472152e-05
"742","78220000181","2022-07-27 10:45:00",0.000301097336594516,8.77589741330464e-05
"743","78220000181","2022-07-27 11:00:00",0.000301220398791681,8.75799904116304e-05
"744","78220000181","2022-07-27 11:15:00",0.000301237979105562,8.7595769924166e-05
"745","78220000181","2022-07-27 11:30:00",0.000301246769262499,8.76203980163076e-05
"746","78220000181","2022-07-27 11:45:00",0.000301501683813767,8.75540560934166e-05
"747","78220000181","2022-07-27 12:00:00",0.000301554424755409,8.74539571574949e-05
"748","78220000181","2022-07-27 12:15:00",0.000301466523186004,8.75169286670473e-05
"749","78220000181","2022-07-27 12:30:00",0.00030163353616787,8.73662209652881e-05
"750","78220000181","2022-07-27 12:45:00",0.000301343460988841,8.75484482721397e-05
"751","78220000181","2022-07-27 13:00:00",0.000301317090518023,8.73382313442314e-05
"752","78220000181","2022-07-27 13:15:00",0.000301448942872124,8.73258550132141e-05
"753","78220000181","2022-07-27 13:30:00",0.000301343460988841,8.74011705891154e-05
"754","78220000181","2022-07-27 13:45:00",0.000301264349576382,8.74608068686234e-05
"755","78220000181","2022-07-27 14:00:00",0.000301106126751456,8.76307422698758e-05
"756","78220000181","2022-07-27 14:15:00",0.000301273139733322,8.74800101828748e-05
"757","78220000181","2022-07-27 14:30:00",0.000301141287379217,8.7492380603978e-05
"758","78220000181","2022-07-27 14:45:00",0.000301132497222277,8.74681044440263e-05
"759","78220000181","2022-07-27 15:00:00",0.000301237979105559,8.7448457427934e-05
"760","78220000181","2022-07-27 15:15:00",0.000301000644868176,8.7508175914357e-05
"761","78220000181","2022-07-27 15:30:00",0.000301114916908399,8.74522764503839e-05
"762","78220000181","2022-07-27 15:45:00",0.000301141287379219,8.74923806039811e-05
"763","78220000181","2022-07-27 16:00:00",0.000301361041302724,8.74169272255113e-05
"764","78220000181","2022-07-27 16:15:00",0.000301088546437578,8.74450284497385e-05
"765","78220000181","2022-07-27 16:30:00",0.000301229188948621,8.74292556674492e-05
"766","78220000181","2022-07-27 16:45:00",0.000301097336594518,8.74416300877266e-05
"767","78220000181","2022-07-27 17:00:00",0.000301018225182057,8.7381971170672e-05
"768","78220000181","2022-07-27 17:15:00",0.000301027015338997,8.73785533780917e-05
"769","78220000181","2022-07-27 17:30:00",0.000300939113769592,8.74696915646846e-05
"770","78220000181","2022-07-27 17:45:00",0.000301173953420055,8.75584955224288e-05
"771","78220000181","2022-07-27 18:00:00",0.000300816051572432,8.73539345758613e-05
"772","78220000181","2022-07-27 18:15:00",0.000300826049331421,8.73485667747448e-05
"773","78220000181","2022-07-27 18:30:00",0.000300789681101612,8.731900427254e-05
"774","78220000181","2022-07-27 18:45:00",0.00030071056968915,8.7406787859395e-05
"775","78220000181","2022-07-27 19:00:00",0.00030070177953221,8.74102522816528e-05
"776","78220000181","2022-07-27 19:15:00",0.000300851212200193,8.72439153301235e-05
"777","78220000181","2022-07-27 19:30:00",0.000300860002357133,8.72404230461751e-05
"778","78220000181","2022-07-27 19:45:00",0.000300561137021167,8.7431876412232e-05
"779","78220000181","2022-07-27 20:00:00",0.000300622668119748,8.7328285623989e-05
"780","78220000181","2022-07-27 20:15:00",0.000300490815765646,8.73692171602658e-05
"781","78220000181","2022-07-27 20:30:00",0.000300452523204415,8.73340717474382e-05
"782","78220000181","2022-07-27 20:45:00",0.000300631458276689,8.73474586284247e-05
"783","78220000181","2022-07-27 21:00:00",0.00030070177953221,8.72690942674165e-05
"784","78220000181","2022-07-27 21:15:00",0.000300696409391703,8.72817936704484e-05
"785","78220000181","2022-07-27 21:30:00",0.000300754520473851,8.7140401154695e-05
"786","78220000181","2022-07-27 21:45:00",0.00030046389263327,8.69430021333255e-05
"787","78220000181","2022-07-27 22:00:00",0.000300613877962808,8.7156111316664e-05
"788","78220000181","2022-07-27 22:15:00",0.000300666618904449,8.70279287305074e-05
"789","78220000181","2022-07-27 22:30:00",0.00030069298937527,8.70402100057886e-05
"790","78220000181","2022-07-27 22:45:00",0.000300525976393406,8.70436932790571e-05
"791","78220000181","2022-07-27 23:00:00",0.000300561137021167,8.69052931795776e-05
"792","78220000181","2022-07-27 23:15:00",0.000300569927178107,8.70998315467492e-05
"793","78220000181","2022-07-27 23:30:00",0.000300543556707287,8.70594634931699e-05
"794","78220000181","2022-07-27 23:45:00",0.000300605087805868,8.69561189379935e-05
"795","78220000181","2022-07-28 00:00:00",0.000300622668119748,8.71470776164122e-05
"796","78220000181","2022-07-28 00:15:00",0.000300657828747509,8.70086767901868e-05
"797","78220000181","2022-07-28 00:30:00",0.000300622668119748,8.71470776164124e-05
"798","78220000181","2022-07-28 00:45:00",0.00030071056968915,8.72539886110996e-05
"799","78220000181","2022-07-28 01:00:00",0.000300763310630791,8.7131323259899e-05
"800","78220000181","2022-07-28 01:15:00",0.000300824841729372,8.71978655870424e-05
"801","78220000181","2022-07-28 01:30:00",0.000300745730316911,8.72854841927377e-05
"802","78220000181","2022-07-28 01:45:00",0.000300807261415492,8.71769938661921e-05
"803","78220000181","2022-07-28 02:00:00",0.000300921533455715,8.73294999447656e-05
"804","78220000181","2022-07-28 02:15:00",0.000300895162984894,8.72890022916222e-05
"805","78220000181","2022-07-28 02:30:00",0.000301097336594518,8.7345218556386e-05
"806","78220000181","2022-07-28 02:45:00",0.000300895162984894,8.72890022916222e-05
"807","78220000181","2022-07-28 03:00:00",0.000301027015338997,8.72823781158888e-05
"808","78220000181","2022-07-28 03:15:00",0.0003011588676931,8.72190087128129e-05
"809","78220000181","2022-07-28 03:30:00",0.000301220398791681,8.72910324294342e-05
"810","78220000181","2022-07-28 03:45:00",0.000301229188948621,8.73102529071641e-05
"811","78220000181","2022-07-28 04:00:00",0.000301325880674964,8.74137473270682e-05
"812","78220000181","2022-07-28 04:15:00",0.000301237979105562,8.7453957157495e-05
"813","78220000181","2022-07-28 04:30:00",0.000301422572401303,8.75172708600626e-05
"814","78220000181","2022-07-28 04:45:00",0.000301378621616605,8.74667107564793e-05
"815","78220000181","2022-07-28 05:00:00",0.000301501683813767,8.74353568075073e-05
"816","78220000181","2022-07-28 05:15:00",0.000301440152715186,8.75389681183133e-05
"817","78220000181","2022-07-28 05:30:00",0.000301255559419442,8.7498087379976e-05
"818","78220000181","2022-07-28 05:45:00",0.000301273139733323,8.77428216419799e-05
"819","78220000181","2022-07-28 06:00:00",0.000301299510204143,8.76958634595232e-05
"820","78220000181","2022-07-28 06:15:00",0.000301387411773545,8.7633037458199e-05
"821","78220000181","2022-07-28 06:30:00",0.000301361041302725,8.75982057471988e-05
"822","78220000181","2022-07-28 06:45:00",0.000301246769262502,8.76487354860576e-05
"823","78220000181","2022-07-28 07:00:00",0.000301343460988844,8.75766279797829e-05
"824","78220000181","2022-07-28 07:15:00",0.000301255559419442,8.76452974169597e-05
"825","78220000181","2022-07-28 07:30:00",0.000301378621616605,8.76080837722028e-05
"826","78220000181","2022-07-28 07:45:00",0.000301431362558243,8.75080784244885e-05
"827","78220000181","2022-07-28 08:00:00",0.000301352251145781,8.7595815429495e-05
"828","78220000181","2022-07-28 08:15:00",0.000301404992087423,8.76487354860545e-05
"829","78220000181","2022-07-28 08:30:00",0.000301378621616605,8.76080837722027e-05
"830","78220000181","2022-07-28 08:45:00",0.000301273139733323,8.75080784244915e-05
"831","78220000181","2022-07-28 09:00:00",0.000301211608634738,8.75834014021228e-05
"832","78220000181","2022-07-28 09:15:00",0.000301325880674961,8.75553202324651e-05
"833","78220000181","2022-07-28 09:30:00",0.000301431362558246,8.75080784244916e-05
"834","78220000181","2022-07-28 09:45:00",0.000301325880674964,8.75553202324682e-05
"835","78220000181","2022-07-28 10:00:00",0.000301220398791678,8.76026127703154e-05
"836","78220000181","2022-07-28 10:15:00",0.000301369831459662,8.76115412929265e-05
"837","78220000181","2022-07-28 10:30:00",0.000301404992087425,8.74958437463696e-05
"838","78220000181","2022-07-28 10:45:00",0.000301448942872126,8.75521792493768e-05
"839","78220000181","2022-07-28 11:00:00",0.000301343460988844,8.75993083635898e-05
"840","78220000181","2022-07-28 11:15:00",0.000301563214912349,8.76713972158246e-05
"841","78220000181","2022-07-28 11:30:00",0.00030163353616787,8.73888986624768e-05
"842","78220000181","2022-07-28 11:45:00",0.000301536844441528,8.74608874285936e-05
"843","78220000181","2022-07-28 12:00:00",0.000301536844441528,8.74608874285936e-05
"844","78220000181","2022-07-28 12:15:00",0.000301369831459664,8.75889212402892e-05
"845","78220000181","2022-07-28 12:30:00",0.000301290720047203,8.76710630275328e-05
"846","78220000181","2022-07-28 12:45:00",0.000301580795226229,8.74608068686234e-05
"847","78220000181","2022-07-28 13:00:00",0.000301607165697047,8.73258550132141e-05
"848","78220000181","2022-07-28 13:15:00",0.000301343460988844,8.73732208163551e-05
"849","78220000181","2022-07-28 13:30:00",0.000301387411773545,8.7451917018721e-05
"850","78220000181","2022-07-28 13:45:00",0.00030116765785004,8.75553202324681e-05
"851","78220000181","2022-07-28 14:00:00",0.000301290720047203,8.75238200520918e-05
"852","78220000181","2022-07-28 14:15:00",0.000301185238163921,8.75766279797828e-05
"853","78220000181","2022-07-28 14:30:00",0.000301185238163921,8.75710787791559e-05
"854","78220000181","2022-07-28 14:45:00",0.000301000644868176,8.77060148650264e-05
"855","78220000181","2022-07-28 15:00:00",0.000301062175966758,8.76026127703184e-05
"856","78220000181","2022-07-28 15:15:00",0.000301070966123698,8.76272727991141e-05
"857","78220000181","2022-07-28 15:30:00",0.00030114128737922,8.75430540276929e-05
"858","78220000181","2022-07-28 15:45:00",0.000301009435025117,8.75553202324681e-05
"859","78220000181","2022-07-28 16:00:00",0.000301255559419442,8.74923424426769e-05
"860","78220000181","2022-07-28 16:15:00",0.000301070966123698,8.76272727991141e-05
"861","78220000181","2022-07-28 16:30:00",0.00030117644800698,8.74046447813687e-05
"862","78220000181","2022-07-28 16:45:00",0.000301097336594518,8.74923424426769e-05
"863","78220000181","2022-07-28 17:00:00",0.000301079756280638,8.74766121096949e-05
"864","78220000181","2022-07-28 17:15:00",0.000301202818477801,8.74451684024216e-05
"865","78220000181","2022-07-28 17:30:00",0.00030118523816392,8.724870582253e-05
"866","78220000181","2022-07-28 17:45:00",0.000301264349576382,8.73416942292337e-05
"867","78220000181","2022-07-28 18:00:00",0.0003011588676931,8.72136376911823e-05
"868","78220000181","2022-07-28 18:15:00",0.000301106126751459,8.72136376911822e-05
"869","78220000181","2022-07-28 18:30:00",0.000301246769262502,8.71505832160594e-05
"870","78220000181","2022-07-28 18:45:00",0.000301317090518023,8.70665124897546e-05
"871","78220000181","2022-07-28 19:00:00",0.000301299510204143,8.70507520736742e-05
"872","78220000181","2022-07-28 19:15:00",0.000301413782244365,8.70228335825799e-05
"873","78220000181","2022-07-28 19:30:00",0.000301536844441528,8.69913622830356e-05
"874","78220000181","2022-07-28 19:45:00",0.000301387411773545,8.69877671266714e-05
"875","78220000181","2022-07-28 20:00:00",0.000301281929890263,8.70349973262463e-05
"876","78220000181","2022-07-28 20:15:00",0.000301475313342947,8.68965684384774e-05
"877","78220000181","2022-07-28 20:30:00",0.000301264349576382,8.70247463379099e-05
"878","78220000181","2022-07-28 20:45:00",0.000301413782244365,8.69999453648475e-05
"879","78220000181","2022-07-28 21:00:00",0.000301343460988844,8.70840941962605e-05
"880","78220000181","2022-07-28 21:15:00",0.000301431362558246,8.68686462912365e-05
"881","78220000181","2022-07-28 21:30:00",0.000301396201930485,8.69842027340775e-05
"882","78220000181","2022-07-28 21:45:00",0.000301448942872126,8.68615214602881e-05
"883","78220000181","2022-07-28 22:00:00",0.000301273139733323,8.68405443435017e-05
"884","78220000181","2022-07-28 22:15:00",0.000301237979105562,8.69789611241047e-05
"885","78220000181","2022-07-28 22:30:00",0.000301202818477801,8.69195297580837e-05
"886","78220000181","2022-07-28 22:45:00",0.00030113249722228,8.70314476523532e-05
"887","78220000181","2022-07-28 23:00:00",0.000301027015338997,8.70787436023207e-05
"888","78220000181","2022-07-28 23:15:00",0.000301044595652875,8.70945202449829e-05
"889","78220000181","2022-07-28 23:30:00",0.000300991854711236,8.70421228808825e-05
"890","78220000181","2022-07-28 23:45:00",0.000300877582671014,8.70752393697672e-05
"891","78220000181","2022-07-29 00:00:00",0.000300939113769592,8.71418841079449e-05
"892","78220000181","2022-07-29 00:15:00",0.000300789681101612,8.71611938556601e-05
"893","78220000181","2022-07-29 00:30:00",0.000300886372827954,8.70895535678419e-05
"894","78220000181","2022-07-29 00:45:00",0.000300824841729373,8.70180066706547e-05
"895","78220000181","2022-07-29 01:00:00",0.000300833631886313,8.70421228808825e-05
"896","78220000181","2022-07-29 01:15:00",0.000300886372827954,8.70895535678419e-05
"897","78220000181","2022-07-29 01:30:00",0.000300991854711233,8.70421228808794e-05
"898","78220000181","2022-07-29 01:45:00",0.000300833631886313,8.72121373320823e-05
"899","78220000181","2022-07-29 02:00:00",0.000300851212200193,8.72279493742765e-05
"900","78220000181","2022-07-29 02:15:00",0.000300939113769595,8.71647350545962e-05
"901","78220000181","2022-07-29 02:30:00",0.000300939113769595,8.71647350545964e-05
"902","78220000181","2022-07-29 02:45:00",0.000300903953141834,8.73082975553618e-05
"903","78220000181","2022-07-29 03:00:00",0.000300947903926532,8.73362734236502e-05
"904","78220000181","2022-07-29 03:15:00",0.000301009435025117,8.72329273040171e-05
"905","78220000181","2022-07-29 03:30:00",0.000301123707065339,8.73520417662533e-05
"906","78220000181","2022-07-29 03:45:00",0.0003012907200472,8.73485431903359e-05
"907","78220000181","2022-07-29 04:00:00",0.000301237979105562,8.72960752490277e-05
"908","78220000181","2022-07-29 04:15:00",0.000301325880674961,8.73801065573454e-05
"909","78220000181","2022-07-29 04:30:00",0.000301404992087425,8.74676857145577e-05
"910","78220000181","2022-07-29 04:45:00",0.000301686277109511,8.7260987902096e-05
"911","78220000181","2022-07-29 05:00:00",0.000301475313342944,8.73835953809875e-05
"912","78220000181","2022-07-29 05:15:00",0.000301721437737272,8.73205107283085e-05
"913","78220000181","2022-07-29 05:30:00",0.00030158958538317,8.7332769969299e-05
"914","78220000181","2022-07-29 05:45:00",0.000301765388521973,8.72013872208583e-05
"915","78220000181","2022-07-29 06:00:00",0.000301844499934432,8.72890022916191e-05
"916","78220000181","2022-07-29 06:15:00",0.000301686277109511,8.74309680811063e-05
"917","78220000181","2022-07-29 06:30:00",0.000301712647580332,8.72960752490277e-05
"918","78220000181","2022-07-29 06:45:00",0.000301642326324811,8.75500746892818e-05
"919","78220000181","2022-07-29 07:00:00",0.000301659906638691,8.74186812458503e-05
"920","78220000181","2022-07-29 07:15:00",0.00030162474601093,8.73593134022869e-05
"921","78220000181","2022-07-29 07:30:00",0.00030162474601093,8.73593134022869e-05
"922","78220000181","2022-07-29 07:45:00",0.000301554424755406,8.74660731055789e-05
"923","78220000181","2022-07-29 08:00:00",0.000301756598365033,8.73470037493995e-05
"924","78220000181","2022-07-29 08:15:00",0.000301624746010927,8.7359313402284e-05
"925","78220000181","2022-07-29 08:30:00",0.000301501683813765,8.73909662458208e-05
"926","78220000181","2022-07-29 08:45:00",0.000301492893656825,8.73944599406369e-05
"927","78220000181","2022-07-29 09:00:00",0.000301659906638688,8.74186812458474e-05
"928","78220000181","2022-07-29 09:15:00",0.000301387411773545,8.74467702430669e-05
"929","78220000181","2022-07-29 09:30:00",0.000301440152715186,8.74942104720012e-05
"930","78220000181","2022-07-29 09:45:00",0.000301466523186006,8.75293409787402e-05
"931","78220000181","2022-07-29 10:00:00",0.000301413782244365,8.74818816449488e-05
"932","78220000181","2022-07-29 10:15:00",0.000301431362558246,8.74976958056289e-05
"933","78220000181","2022-07-29 10:30:00",0.000301352251145781,8.75624161517143e-05
"934","78220000181","2022-07-29 10:45:00",0.000301352251145781,8.75851573817216e-05
"935","78220000181","2022-07-29 11:00:00",0.000301194028320861,8.75624161517173e-05
"936","78220000181","2022-07-29 11:15:00",0.000301220398791678,8.7597484375092e-05
"937","78220000181","2022-07-29 11:30:00",0.000301141287379219,8.76849891691526e-05
"938","78220000181","2022-07-29 11:45:00",0.000301097336594518,8.76568918863617e-05
"939","78220000181","2022-07-29 12:00:00",0.000301211608634741,8.76060800323578e-05
"940","78220000181","2022-07-29 12:15:00",0.00030115007753616,8.77094738109398e-05
"941","78220000181","2022-07-29 12:30:00",0.000301150077536157,8.75395673224293e-05
"942","78220000181","2022-07-29 12:45:00",0.000301369831459662,8.76115412929265e-05
"943","78220000181","2022-07-29 13:00:00",0.000301150077536159,8.75395673224322e-05
"944","78220000181","2022-07-29 13:15:00",0.000300983064554296,8.76902551906315e-05
"945","78220000181","2022-07-29 13:30:00",0.000301097336594518,8.76341692715938e-05
"946","78220000181","2022-07-29 13:45:00",0.000300903953141834,8.77499137283685e-05
"947","78220000181","2022-07-29 14:00:00",0.000300939113769592,8.78041207931317e-05
"948","78220000181","2022-07-29 14:15:00",0.000300930323612655,8.77848975444548e-05
"949","78220000181","2022-07-29 14:30:00",0.000301053385809815,8.75782242398374e-05
"950","78220000181","2022-07-29 14:45:00",0.000300886372827954,8.77814933273829e-05
"951","78220000181","2022-07-29 15:00:00",0.000300939113769595,8.7634169271594e-05
"952","78220000181","2022-07-29 15:15:00",0.000301035805495937,8.75624161517174e-05
"953","78220000181","2022-07-29 15:30:00",0.000300895162984894,8.77533276233151e-05
"954","78220000181","2022-07-29 15:45:00",0.000300912743298772,8.75940379432538e-05
"955","78220000181","2022-07-29 16:00:00",0.000300939113769592,8.7611555061172e-05
"956","78220000181","2022-07-29 16:15:00",0.00030116765785004,8.75326856512752e-05
"957","78220000181","2022-07-29 16:30:00",0.000301000644868174,8.76834191841231e-05
"958","78220000181","2022-07-29 16:45:00",0.000300947903926532,8.74608068686204e-05
"959","78220000181","2022-07-29 17:00:00",0.000300860002357133,8.75239768491348e-05
"960","78220000181","2022-07-29 17:15:00",0.000301000644868174,8.75361111957493e-05
"961","78220000181","2022-07-29 17:30:00",0.000300956694083475,8.74800101828748e-05
"962","78220000181","2022-07-29 17:45:00",0.000300903953141834,8.74326895061348e-05
"963","78220000181","2022-07-29 18:00:00",0.000300983064554293,8.73450752589324e-05
"964","78220000181","2022-07-29 18:15:00",0.000300930323612655,8.74676857145578e-05
"965","78220000181","2022-07-29 18:30:00",0.000300851212200193,8.74081495979622e-05
"966","78220000181","2022-07-29 18:45:00",0.000300912743298775,8.73047536832783e-05
"967","78220000181","2022-07-29 19:00:00",0.000300921533455715,8.73240497137444e-05
"968","78220000181","2022-07-29 19:15:00",0.000300947903926535,8.71891828839799e-05
"969","78220000181","2022-07-29 19:30:00",0.000300921533455712,8.71489455886922e-05
"970","78220000181","2022-07-29 19:45:00",0.000300657828747509,8.71963309293588e-05
"971","78220000181","2022-07-29 20:00:00",0.000300798471258549,8.7180530169171e-05
"972","78220000181","2022-07-29 20:15:00",0.000300780890944669,8.69898858132346e-05
"973","78220000181","2022-07-29 20:30:00",0.000300561137021164,8.70884811975335e-05
"974","78220000181","2022-07-29 20:45:00",0.000300587507491988,8.72754193070287e-05
"975","78220000181","2022-07-29 21:00:00",0.000300578717335048,8.70814126841912e-05
"976","78220000181","2022-07-29 21:15:00",0.000300605087805865,8.71166585676096e-05
"977","78220000181","2022-07-29 21:30:00",0.000300561137021167,8.70655527304215e-05
"978","78220000181","2022-07-29 21:45:00",0.000300578717335044,8.70814126841882e-05
"979","78220000181","2022-07-29 22:00:00",0.000300631458276689,8.71290263039731e-05
"980","78220000181","2022-07-29 22:15:00",0.0003003941240393,8.72162835089623e-05
"981","78220000181","2022-07-29 22:30:00",0.000300816051572433,8.71687175511499e-05
"982","78220000181","2022-07-29 22:45:00",0.000300587507491988,8.71053750888648e-05
"983","78220000181","2022-07-29 23:00:00",0.000300754520473849,8.71018708632278e-05
"984","78220000181","2022-07-29 23:15:00",0.00025268467454088,NA
"985","78220000181","2022-07-29 23:30:00",0.000252526451715956,NA
