"","PT_time_UTC","PT_lat","PT_lon","PT_install_UTC","PT_uninstall_UTC","Install_method","PT_serial","PT_level","Temperature","driftID","datetime","PT_correction","PT_wse_sd","PT_wse"
"1",2022-07-25 22:45:00,44.596407,-123.189671,2022-07-25 22:30:00,2022-07-30 01:00:00,"Cinderblock",2139966,1.372,21.6,"SWOTCalVal_WM_GNSS_L2_Rec3_20220726T155300_20220727T005100",2022-07-25 22:45:00,56.5005999319304,0.498216851497075,57.8725999319304
"2",2022-07-25 23:00:00,44.596407,-123.189671,2022-07-25 22:30:00,2022-07-30 01:00:00,"Cinderblock",2139966,1.369,21.7,"SWOTCalVal_WM_GNSS_L2_Rec3_20220726T155300_20220727T005100",2022-07-25 23:00:00,56.5005999319304,0.498216851497075,57.8695999319304
"3",2022-07-25 23:15:00,44.596407,-123.189671,2022-07-25 22:30:00,2022-07-30 01:00:00,"Cinderblock",2139966,1.372,21.7,"SWOTCalVal_WM_GNSS_L2_Rec3_20220726T155300_20220727T005100",2022-07-25 23:15:00,56.5005999319304,0.498216851497075,57.8725999319304
"4",2022-07-25 23:30:00,44.596407,-123.189671,2022-07-25 22:30:00,2022-07-30 01:00:00,"Cinderblock",2139966,1.374,21.8,"SWOTCalVal_WM_GNSS_L2_Rec3_20220726T155300_20220727T005100",2022-07-25 23:30:00,56.5005999319304,0.498216851497075,57.8745999319304
"5",2022-07-25 23:45:00,44.596407,-123.189671,2022-07-25 22:30:00,2022-07-30 01:00:00,"Cinderblock",2139966,1.375,21.9,"SWOTCalVal_WM_GNSS_L2_Rec3_20220726T155300_20220727T005100",2022-07-25 23:45:00,56.5005999319304,0.498216851497075,57.8755999319304
"6",2022-07-26 00:00:00,44.596407,-123.189671,2022-07-25 22:30:00,2022-07-30 01:00:00,"Cinderblock",2139966,1.375,21.9,"SWOTCalVal_WM_GNSS_L2_Rec3_20220726T155300_20220727T005100",2022-07-26 00:00:00,56.5005999319304,0.498216851497075,57.8755999319304
"7",2022-07-26 00:15:00,44.596407,-123.189671,2022-07-25 22:30:00,2022-07-30 01:00:00,"Cinderblock",2139966,1.376,22,"SWOTCalVal_WM_GNSS_L2_Rec3_20220726T155300_20220727T005100",2022-07-26 00:15:00,56.5005999319304,0.498216851497075,57.8765999319304
"8",2022-07-26 00:30:00,44.596407,-123.189671,2022-07-25 22:30:00,2022-07-30 01:00:00,"Cinderblock",2139966,1.368,22,"SWOTCalVal_WM_GNSS_L2_Rec3_20220726T155300_20220727T005100",2022-07-26 00:30:00,56.5005999319304,0.498216851497075,57.8685999319304
"9",2022-07-26 00:45:00,44.596407,-123.189671,2022-07-25 22:30:00,2022-07-30 01:00:00,"Cinderblock",2139966,1.376,22.1,"SWOTCalVal_WM_GNSS_L2_Rec3_20220726T155300_20220727T005100",2022-07-26 00:45:00,56.5005999319304,0.498216851497075,57.8765999319304
"10",2022-07-26 01:00:00,44.596407,-123.189671,2022-07-25 22:30:00,2022-07-30 01:00:00,"Cinderblock",2139966,1.374,22.1,"SWOTCalVal_WM_GNSS_L2_Rec3_20220726T155300_20220727T005100",2022-07-26 01:00:00,56.5005999319304,0.498216851497075,57.8745999319304
"11",2022-07-26 01:15:00,44.596407,-123.189671,2022-07-25 22:30:00,2022-07-30 01:00:00,"Cinderblock",2139966,1.373,22.1,"SWOTCalVal_WM_GNSS_L2_Rec3_20220726T155300_20220727T005100",2022-07-26 01:15:00,56.5005999319304,0.498216851497075,57.8735999319304
"12",2022-07-26 01:30:00,44.596407,-123.189671,2022-07-25 22:30:00,2022-07-30 01:00:00,"Cinderblock",2139966,1.368,22.2,"SWOTCalVal_WM_GNSS_L2_Rec3_20220726T155300_20220727T005100",2022-07-26 01:30:00,56.5005999319304,0.498216851497075,57.8685999319304
"13",2022-07-26 01:45:00,44.596407,-123.189671,2022-07-25 22:30:00,2022-07-30 01:00:00,"Cinderblock",2139966,1.373,22.2,"SWOTCalVal_WM_GNSS_L2_Rec3_20220726T155300_20220727T005100",2022-07-26 01:45:00,56.5005999319304,0.498216851497075,57.8735999319304
"14",2022-07-26 02:00:00,44.596407,-123.189671,2022-07-25 22:30:00,2022-07-30 01:00:00,"Cinderblock",2139966,1.37,22.2,"SWOTCalVal_WM_GNSS_L2_Rec3_20220726T155300_20220727T005100",2022-07-26 02:00:00,56.5005999319304,0.498216851497075,57.8705999319304
"15",2022-07-26 02:15:00,44.596407,-123.189671,2022-07-25 22:30:00,2022-07-30 01:00:00,"Cinderblock",2139966,1.37,22.2,"SWOTCalVal_WM_GNSS_L2_Rec3_20220726T155300_20220727T005100",2022-07-26 02:15:00,56.5005999319304,0.498216851497075,57.8705999319304
"16",2022-07-26 02:30:00,44.596407,-123.189671,2022-07-25 22:30:00,2022-07-30 01:00:00,"Cinderblock",2139966,1.366,22.2,"SWOTCalVal_WM_GNSS_L2_Rec3_20220726T155300_20220727T005100",2022-07-26 02:30:00,56.5005999319304,0.498216851497075,57.8665999319304
"17",2022-07-26 02:45:00,44.596407,-123.189671,2022-07-25 22:30:00,2022-07-30 01:00:00,"Cinderblock",2139966,1.371,22.2,"SWOTCalVal_WM_GNSS_L2_Rec3_20220726T155300_20220727T005100",2022-07-26 02:45:00,56.5005999319304,0.498216851497075,57.8715999319304
"18",2022-07-26 03:00:00,44.596407,-123.189671,2022-07-25 22:30:00,2022-07-30 01:00:00,"Cinderblock",2139966,1.379,22.2,"SWOTCalVal_WM_GNSS_L2_Rec3_20220726T155300_20220727T005100",2022-07-26 03:00:00,56.5005999319304,0.498216851497075,57.8795999319304
"19",2022-07-26 03:15:00,44.596407,-123.189671,2022-07-25 22:30:00,2022-07-30 01:00:00,"Cinderblock",2139966,1.361,22.1,"SWOTCalVal_WM_GNSS_L2_Rec3_20220726T155300_20220727T005100",2022-07-26 03:15:00,56.5005999319304,0.498216851497075,57.8615999319304
"20",2022-07-26 03:30:00,44.596407,-123.189671,2022-07-25 22:30:00,2022-07-30 01:00:00,"Cinderblock",2139966,1.368,22.1,"SWOTCalVal_WM_GNSS_L2_Rec3_20220726T155300_20220727T005100",2022-07-26 03:30:00,56.5005999319304,0.498216851497075,57.8685999319304
"21",2022-07-26 03:45:00,44.596407,-123.189671,2022-07-25 22:30:00,2022-07-30 01:00:00,"Cinderblock",2139966,1.37,22.1,"SWOTCalVal_WM_GNSS_L2_Rec3_20220726T155300_20220727T005100",2022-07-26 03:45:00,56.5005999319304,0.498216851497075,57.8705999319304
"22",2022-07-26 04:00:00,44.596407,-123.189671,2022-07-25 22:30:00,2022-07-30 01:00:00,"Cinderblock",2139966,1.373,22.1,"SWOTCalVal_WM_GNSS_L2_Rec3_20220726T155300_20220727T005100",2022-07-26 04:00:00,56.5005999319304,0.498216851497075,57.8735999319304
"23",2022-07-26 04:15:00,44.596407,-123.189671,2022-07-25 22:30:00,2022-07-30 01:00:00,"Cinderblock",2139966,1.375,22.1,"SWOTCalVal_WM_GNSS_L2_Rec3_20220726T155300_20220727T005100",2022-07-26 04:15:00,56.5005999319304,0.498216851497075,57.8755999319304
"24",2022-07-26 04:30:00,44.596407,-123.189671,2022-07-25 22:30:00,2022-07-30 01:00:00,"Cinderblock",2139966,1.374,22,"SWOTCalVal_WM_GNSS_L2_Rec3_20220726T155300_20220727T005100",2022-07-26 04:30:00,56.5005999319304,0.498216851497075,57.8745999319304
"25",2022-07-26 04:45:00,44.596407,-123.189671,2022-07-25 22:30:00,2022-07-30 01:00:00,"Cinderblock",2139966,1.373,22,"SWOTCalVal_WM_GNSS_L2_Rec3_20220726T155300_20220727T005100",2022-07-26 04:45:00,56.5005999319304,0.498216851497075,57.8735999319304
"26",2022-07-26 05:00:00,44.596407,-123.189671,2022-07-25 22:30:00,2022-07-30 01:00:00,"Cinderblock",2139966,1.372,22,"SWOTCalVal_WM_GNSS_L2_Rec3_20220726T155300_20220727T005100",2022-07-26 05:00:00,56.5005999319304,0.498216851497075,57.8725999319304
"27",2022-07-26 05:15:00,44.596407,-123.189671,2022-07-25 22:30:00,2022-07-30 01:00:00,"Cinderblock",2139966,1.378,22,"SWOTCalVal_WM_GNSS_L2_Rec3_20220726T155300_20220727T005100",2022-07-26 05:15:00,56.5005999319304,0.498216851497075,57.8785999319304
"28",2022-07-26 05:30:00,44.596407,-123.189671,2022-07-25 22:30:00,2022-07-30 01:00:00,"Cinderblock",2139966,1.378,22,"SWOTCalVal_WM_GNSS_L2_Rec3_20220726T155300_20220727T005100",2022-07-26 05:30:00,56.5005999319304,0.498216851497075,57.8785999319304
"29",2022-07-26 05:45:00,44.596407,-123.189671,2022-07-25 22:30:00,2022-07-30 01:00:00,"Cinderblock",2139966,1.377,22,"SWOTCalVal_WM_GNSS_L2_Rec3_20220726T155300_20220727T005100",2022-07-26 05:45:00,56.5005999319304,0.498216851497075,57.8775999319304
"30",2022-07-26 06:00:00,44.596407,-123.189671,2022-07-25 22:30:00,2022-07-30 01:00:00,"Cinderblock",2139966,1.377,21.9,"SWOTCalVal_WM_GNSS_L2_Rec3_20220726T155300_20220727T005100",2022-07-26 06:00:00,56.5005999319304,0.498216851497075,57.8775999319304
"31",2022-07-26 06:15:00,44.596407,-123.189671,2022-07-25 22:30:00,2022-07-30 01:00:00,"Cinderblock",2139966,1.373,21.9,"SWOTCalVal_WM_GNSS_L2_Rec3_20220726T155300_20220727T005100",2022-07-26 06:15:00,56.5005999319304,0.498216851497075,57.8735999319304
"32",2022-07-26 06:30:00,44.596407,-123.189671,2022-07-25 22:30:00,2022-07-30 01:00:00,"Cinderblock",2139966,1.375,21.9,"SWOTCalVal_WM_GNSS_L2_Rec3_20220726T155300_20220727T005100",2022-07-26 06:30:00,56.5005999319304,0.498216851497075,57.8755999319304
"33",2022-07-26 06:45:00,44.596407,-123.189671,2022-07-25 22:30:00,2022-07-30 01:00:00,"Cinderblock",2139966,1.374,21.9,"SWOTCalVal_WM_GNSS_L2_Rec3_20220726T155300_20220727T005100",2022-07-26 06:45:00,56.5005999319304,0.498216851497075,57.8745999319304
"34",2022-07-26 07:00:00,44.596407,-123.189671,2022-07-25 22:30:00,2022-07-30 01:00:00,"Cinderblock",2139966,1.379,21.9,"SWOTCalVal_WM_GNSS_L2_Rec3_20220726T155300_20220727T005100",2022-07-26 07:00:00,56.5005999319304,0.498216851497075,57.8795999319304
"35",2022-07-26 07:15:00,44.596407,-123.189671,2022-07-25 22:30:00,2022-07-30 01:00:00,"Cinderblock",2139966,1.376,21.8,"SWOTCalVal_WM_GNSS_L2_Rec3_20220726T155300_20220727T005100",2022-07-26 07:15:00,56.5005999319304,0.498216851497075,57.8765999319304
"36",2022-07-26 07:30:00,44.596407,-123.189671,2022-07-25 22:30:00,2022-07-30 01:00:00,"Cinderblock",2139966,1.378,21.8,"SWOTCalVal_WM_GNSS_L2_Rec3_20220726T155300_20220727T005100",2022-07-26 07:30:00,56.5005999319304,0.498216851497075,57.8785999319304
"37",2022-07-26 07:45:00,44.596407,-123.189671,2022-07-25 22:30:00,2022-07-30 01:00:00,"Cinderblock",2139966,1.377,21.8,"SWOTCalVal_WM_GNSS_L2_Rec3_20220726T155300_20220727T005100",2022-07-26 07:45:00,56.5005999319304,0.498216851497075,57.8775999319304
"38",2022-07-26 08:00:00,44.596407,-123.189671,2022-07-25 22:30:00,2022-07-30 01:00:00,"Cinderblock",2139966,1.373,21.7,"SWOTCalVal_WM_GNSS_L2_Rec3_20220726T155300_20220727T005100",2022-07-26 08:00:00,56.5005999319304,0.498216851497075,57.8735999319304
"39",2022-07-26 08:15:00,44.596407,-123.189671,2022-07-25 22:30:00,2022-07-30 01:00:00,"Cinderblock",2139966,1.375,21.7,"SWOTCalVal_WM_GNSS_L2_Rec3_20220726T155300_20220727T005100",2022-07-26 08:15:00,56.5005999319304,0.498216851497075,57.8755999319304
"40",2022-07-26 08:30:00,44.596407,-123.189671,2022-07-25 22:30:00,2022-07-30 01:00:00,"Cinderblock",2139966,1.375,21.7,"SWOTCalVal_WM_GNSS_L2_Rec3_20220726T155300_20220727T005100",2022-07-26 08:30:00,56.5005999319304,0.498216851497075,57.8755999319304
"41",2022-07-26 08:45:00,44.596407,-123.189671,2022-07-25 22:30:00,2022-07-30 01:00:00,"Cinderblock",2139966,1.377,21.7,"SWOTCalVal_WM_GNSS_L2_Rec3_20220726T155300_20220727T005100",2022-07-26 08:45:00,56.5005999319304,0.498216851497075,57.8775999319304
"42",2022-07-26 09:00:00,44.596407,-123.189671,2022-07-25 22:30:00,2022-07-30 01:00:00,"Cinderblock",2139966,1.376,21.6,"SWOTCalVal_WM_GNSS_L2_Rec3_20220726T155300_20220727T005100",2022-07-26 09:00:00,56.5005999319304,0.498216851497075,57.8765999319304
"43",2022-07-26 09:15:00,44.596407,-123.189671,2022-07-25 22:30:00,2022-07-30 01:00:00,"Cinderblock",2139966,1.375,21.6,"SWOTCalVal_WM_GNSS_L2_Rec3_20220726T155300_20220727T005100",2022-07-26 09:15:00,56.5005999319304,0.498216851497075,57.8755999319304
"44",2022-07-26 09:30:00,44.596407,-123.189671,2022-07-25 22:30:00,2022-07-30 01:00:00,"Cinderblock",2139966,1.379,21.6,"SWOTCalVal_WM_GNSS_L2_Rec3_20220726T155300_20220727T005100",2022-07-26 09:30:00,56.5005999319304,0.498216851497075,57.8795999319304
"45",2022-07-26 09:45:00,44.596407,-123.189671,2022-07-25 22:30:00,2022-07-30 01:00:00,"Cinderblock",2139966,1.372,21.5,"SWOTCalVal_WM_GNSS_L2_Rec3_20220726T155300_20220727T005100",2022-07-26 09:45:00,56.5005999319304,0.498216851497075,57.8725999319304
"46",2022-07-26 10:00:00,44.596407,-123.189671,2022-07-25 22:30:00,2022-07-30 01:00:00,"Cinderblock",2139966,1.375,21.5,"SWOTCalVal_WM_GNSS_L2_Rec3_20220726T155300_20220727T005100",2022-07-26 10:00:00,56.5005999319304,0.498216851497075,57.8755999319304
"47",2022-07-26 10:15:00,44.596407,-123.189671,2022-07-25 22:30:00,2022-07-30 01:00:00,"Cinderblock",2139966,1.377,21.5,"SWOTCalVal_WM_GNSS_L2_Rec3_20220726T155300_20220727T005100",2022-07-26 10:15:00,56.5005999319304,0.498216851497075,57.8775999319304
"48",2022-07-26 10:30:00,44.596407,-123.189671,2022-07-25 22:30:00,2022-07-30 01:00:00,"Cinderblock",2139966,1.38,21.4,"SWOTCalVal_WM_GNSS_L2_Rec3_20220726T155300_20220727T005100",2022-07-26 10:30:00,56.5005999319304,0.498216851497075,57.8805999319304
"49",2022-07-26 10:45:00,44.596407,-123.189671,2022-07-25 22:30:00,2022-07-30 01:00:00,"Cinderblock",2139966,1.375,21.4,"SWOTCalVal_WM_GNSS_L2_Rec3_20220726T155300_20220727T005100",2022-07-26 10:45:00,56.5005999319304,0.498216851497075,57.8755999319304
"50",2022-07-26 11:00:00,44.596407,-123.189671,2022-07-25 22:30:00,2022-07-30 01:00:00,"Cinderblock",2139966,1.377,21.4,"SWOTCalVal_WM_GNSS_L2_Rec3_20220726T155300_20220727T005100",2022-07-26 11:00:00,56.5005999319304,0.498216851497075,57.8775999319304
"51",2022-07-26 11:15:00,44.596407,-123.189671,2022-07-25 22:30:00,2022-07-30 01:00:00,"Cinderblock",2139966,1.377,21.3,"SWOTCalVal_WM_GNSS_L2_Rec3_20220726T155300_20220727T005100",2022-07-26 11:15:00,56.5005999319304,0.498216851497075,57.8775999319304
"52",2022-07-26 11:30:00,44.596407,-123.189671,2022-07-25 22:30:00,2022-07-30 01:00:00,"Cinderblock",2139966,1.379,21.3,"SWOTCalVal_WM_GNSS_L2_Rec3_20220726T155300_20220727T005100",2022-07-26 11:30:00,56.5005999319304,0.498216851497075,57.8795999319304
"53",2022-07-26 11:45:00,44.596407,-123.189671,2022-07-25 22:30:00,2022-07-30 01:00:00,"Cinderblock",2139966,1.372,21.3,"SWOTCalVal_WM_GNSS_L2_Rec3_20220726T155300_20220727T005100",2022-07-26 11:45:00,56.5005999319304,0.498216851497075,57.8725999319304
"54",2022-07-26 12:00:00,44.596407,-123.189671,2022-07-25 22:30:00,2022-07-30 01:00:00,"Cinderblock",2139966,1.375,21.2,"SWOTCalVal_WM_GNSS_L2_Rec3_20220726T155300_20220727T005100",2022-07-26 12:00:00,56.5005999319304,0.498216851497075,57.8755999319304
"55",2022-07-26 12:15:00,44.596407,-123.189671,2022-07-25 22:30:00,2022-07-30 01:00:00,"Cinderblock",2139966,1.376,21.2,"SWOTCalVal_WM_GNSS_L2_Rec3_20220726T155300_20220727T005100",2022-07-26 12:15:00,56.5005999319304,0.498216851497075,57.8765999319304
"56",2022-07-26 12:30:00,44.596407,-123.189671,2022-07-25 22:30:00,2022-07-30 01:00:00,"Cinderblock",2139966,1.378,21.2,"SWOTCalVal_WM_GNSS_L2_Rec3_20220726T155300_20220727T005100",2022-07-26 12:30:00,56.5005999319304,0.498216851497075,57.8785999319304
"57",2022-07-26 12:45:00,44.596407,-123.189671,2022-07-25 22:30:00,2022-07-30 01:00:00,"Cinderblock",2139966,1.378,21.1,"SWOTCalVal_WM_GNSS_L2_Rec3_20220726T155300_20220727T005100",2022-07-26 12:45:00,56.5005999319304,0.498216851497075,57.8785999319304
"58",2022-07-26 13:00:00,44.596407,-123.189671,2022-07-25 22:30:00,2022-07-30 01:00:00,"Cinderblock",2139966,1.378,21.1,"SWOTCalVal_WM_GNSS_L2_Rec3_20220726T155300_20220727T005100",2022-07-26 13:00:00,56.5005999319304,0.498216851497075,57.8785999319304
"59",2022-07-26 13:15:00,44.596407,-123.189671,2022-07-25 22:30:00,2022-07-30 01:00:00,"Cinderblock",2139966,1.377,21.1,"SWOTCalVal_WM_GNSS_L2_Rec3_20220726T155300_20220727T005100",2022-07-26 13:15:00,56.5005999319304,0.498216851497075,57.8775999319304
"60",2022-07-26 13:30:00,44.596407,-123.189671,2022-07-25 22:30:00,2022-07-30 01:00:00,"Cinderblock",2139966,1.376,21,"SWOTCalVal_WM_GNSS_L2_Rec3_20220726T155300_20220727T005100",2022-07-26 13:30:00,56.5005999319304,0.498216851497075,57.8765999319304
"61",2022-07-26 13:45:00,44.596407,-123.189671,2022-07-25 22:30:00,2022-07-30 01:00:00,"Cinderblock",2139966,1.374,21,"SWOTCalVal_WM_GNSS_L2_Rec3_20220726T155300_20220727T005100",2022-07-26 13:45:00,56.5005999319304,0.498216851497075,57.8745999319304
"62",2022-07-26 14:00:00,44.596407,-123.189671,2022-07-25 22:30:00,2022-07-30 01:00:00,"Cinderblock",2139966,1.375,20.9,"SWOTCalVal_WM_GNSS_L2_Rec3_20220726T155300_20220727T005100",2022-07-26 14:00:00,56.5005999319304,0.498216851497075,57.8755999319304
"63",2022-07-26 14:15:00,44.596407,-123.189671,2022-07-25 22:30:00,2022-07-30 01:00:00,"Cinderblock",2139966,1.373,20.9,"SWOTCalVal_WM_GNSS_L2_Rec3_20220726T155300_20220727T005100",2022-07-26 14:15:00,56.5005999319304,0.498216851497075,57.8735999319304
"64",2022-07-26 14:30:00,44.596407,-123.189671,2022-07-25 22:30:00,2022-07-30 01:00:00,"Cinderblock",2139966,1.376,20.9,"SWOTCalVal_WM_GNSS_L2_Rec3_20220726T155300_20220727T005100",2022-07-26 14:30:00,56.5005999319304,0.498216851497075,57.8765999319304
"65",2022-07-26 14:45:00,44.596407,-123.189671,2022-07-25 22:30:00,2022-07-30 01:00:00,"Cinderblock",2139966,1.375,20.9,"SWOTCalVal_WM_GNSS_L2_Rec3_20220726T155300_20220727T005100",2022-07-26 14:45:00,56.5005999319304,0.498216851497075,57.8755999319304
"66",2022-07-26 15:00:00,44.596407,-123.189671,2022-07-25 22:30:00,2022-07-30 01:00:00,"Cinderblock",2139966,1.371,20.8,"SWOTCalVal_WM_GNSS_L2_Rec3_20220726T155300_20220727T005100",2022-07-26 15:00:00,56.5005999319304,0.498216851497075,57.8715999319304
"67",2022-07-26 15:15:00,44.596407,-123.189671,2022-07-25 22:30:00,2022-07-30 01:00:00,"Cinderblock",2139966,1.372,20.8,"SWOTCalVal_WM_GNSS_L2_Rec3_20220726T155300_20220727T005100",2022-07-26 15:15:00,56.5005999319304,0.498216851497075,57.8725999319304
"68",2022-07-26 15:30:00,44.596407,-123.189671,2022-07-25 22:30:00,2022-07-30 01:00:00,"Cinderblock",2139966,1.371,20.8,"SWOTCalVal_WM_GNSS_L2_Rec3_20220726T155300_20220727T005100",2022-07-26 15:30:00,56.5005999319304,0.498216851497075,57.8715999319304
"69",2022-07-26 15:45:00,44.596407,-123.189671,2022-07-25 22:30:00,2022-07-30 01:00:00,"Cinderblock",2139966,1.37,20.8,"SWOTCalVal_WM_GNSS_L2_Rec3_20220726T155300_20220727T005100",2022-07-26 15:45:00,56.5005999319304,0.498216851497075,57.8705999319304
"70",2022-07-26 16:00:00,44.596407,-123.189671,2022-07-25 22:30:00,2022-07-30 01:00:00,"Cinderblock",2139966,1.372,20.9,"SWOTCalVal_WM_GNSS_L2_Rec3_20220726T155300_20220727T005100",2022-07-26 16:00:00,56.5005999319304,0.498216851497075,57.8725999319304
"71",2022-07-26 16:15:00,44.596407,-123.189671,2022-07-25 22:30:00,2022-07-30 01:00:00,"Cinderblock",2139966,1.369,20.9,"SWOTCalVal_WM_GNSS_L2_Rec3_20220726T155300_20220727T005100",2022-07-26 16:15:00,56.5005999319304,0.498216851497075,57.8695999319304
"72",2022-07-26 16:30:00,44.596407,-123.189671,2022-07-25 22:30:00,2022-07-30 01:00:00,"Cinderblock",2139966,1.37,20.9,"SWOTCalVal_WM_GNSS_L2_Rec3_20220726T155300_20220727T005100",2022-07-26 16:30:00,56.5005999319304,0.498216851497075,57.8705999319304
"73",2022-07-26 16:45:00,44.596407,-123.189671,2022-07-25 22:30:00,2022-07-30 01:00:00,"Cinderblock",2139966,1.366,20.9,"SWOTCalVal_WM_GNSS_L2_Rec3_20220726T155300_20220727T005100",2022-07-26 16:45:00,56.5005999319304,0.498216851497075,57.8665999319304
"74",2022-07-26 17:00:00,44.596407,-123.189671,2022-07-25 22:30:00,2022-07-30 01:00:00,"Cinderblock",2139966,1.37,21,"SWOTCalVal_WM_GNSS_L2_Rec3_20220726T155300_20220727T005100",2022-07-26 17:00:00,56.5005999319304,0.498216851497075,57.8705999319304
"75",2022-07-26 17:15:00,44.596407,-123.189671,2022-07-25 22:30:00,2022-07-30 01:00:00,"Cinderblock",2139966,1.368,21,"SWOTCalVal_WM_GNSS_L2_Rec3_20220726T155300_20220727T005100",2022-07-26 17:15:00,56.5005999319304,0.498216851497075,57.8685999319304
"76",2022-07-26 17:30:00,44.596407,-123.189671,2022-07-25 22:30:00,2022-07-30 01:00:00,"Cinderblock",2139966,1.368,21.1,"SWOTCalVal_WM_GNSS_L2_Rec3_20220726T155300_20220727T005100",2022-07-26 17:30:00,56.5005999319304,0.498216851497075,57.8685999319304
"77",2022-07-26 17:45:00,44.596407,-123.189671,2022-07-25 22:30:00,2022-07-30 01:00:00,"Cinderblock",2139966,1.366,21.1,"SWOTCalVal_WM_GNSS_L2_Rec3_20220726T155300_20220727T005100",2022-07-26 17:45:00,56.5005999319304,0.498216851497075,57.8665999319304
"78",2022-07-26 18:00:00,44.596407,-123.189671,2022-07-25 22:30:00,2022-07-30 01:00:00,"Cinderblock",2139966,1.368,21.2,"SWOTCalVal_WM_GNSS_L2_Rec3_20220726T155300_20220727T005100",2022-07-26 18:00:00,56.5005999319304,0.498216851497075,57.8685999319304
"79",2022-07-26 18:15:00,44.596407,-123.189671,2022-07-25 22:30:00,2022-07-30 01:00:00,"Cinderblock",2139966,1.366,21.2,"SWOTCalVal_WM_GNSS_L2_Rec3_20220726T155300_20220727T005100",2022-07-26 18:15:00,56.5005999319304,0.498216851497075,57.8665999319304
"80",2022-07-26 18:30:00,44.596407,-123.189671,2022-07-25 22:30:00,2022-07-30 01:00:00,"Cinderblock",2139966,1.365,21.3,"SWOTCalVal_WM_GNSS_L2_Rec3_20220726T155300_20220727T005100",2022-07-26 18:30:00,56.5005999319304,0.498216851497075,57.8655999319304
"81",2022-07-26 18:45:00,44.596407,-123.189671,2022-07-25 22:30:00,2022-07-30 01:00:00,"Cinderblock",2139966,1.366,21.3,"SWOTCalVal_WM_GNSS_L2_Rec3_20220726T155300_20220727T005100",2022-07-26 18:45:00,56.5005999319304,0.498216851497075,57.8665999319304
"82",2022-07-26 19:00:00,44.596407,-123.189671,2022-07-25 22:30:00,2022-07-30 01:00:00,"Cinderblock",2139966,1.364,21.4,"SWOTCalVal_WM_GNSS_L2_Rec3_20220726T155300_20220727T005100",2022-07-26 19:00:00,56.5005999319304,0.498216851497075,57.8645999319304
"83",2022-07-26 19:15:00,44.596407,-123.189671,2022-07-25 22:30:00,2022-07-30 01:00:00,"Cinderblock",2139966,1.364,21.5,"SWOTCalVal_WM_GNSS_L2_Rec3_20220726T155300_20220727T005100",2022-07-26 19:15:00,56.5005999319304,0.498216851497075,57.8645999319304
"84",2022-07-26 19:30:00,44.596407,-123.189671,2022-07-25 22:30:00,2022-07-30 01:00:00,"Cinderblock",2139966,1.362,21.5,"SWOTCalVal_WM_GNSS_L2_Rec3_20220726T155300_20220727T005100",2022-07-26 19:30:00,56.5005999319304,0.498216851497075,57.8625999319304
"85",2022-07-26 19:45:00,44.596407,-123.189671,2022-07-25 22:30:00,2022-07-30 01:00:00,"Cinderblock",2139966,1.362,21.6,"SWOTCalVal_WM_GNSS_L2_Rec3_20220726T155300_20220727T005100",2022-07-26 19:45:00,56.5005999319304,0.498216851497075,57.8625999319304
"86",2022-07-26 20:00:00,44.596407,-123.189671,2022-07-25 22:30:00,2022-07-30 01:00:00,"Cinderblock",2139966,1.357,21.6,"SWOTCalVal_WM_GNSS_L2_Rec3_20220726T155300_20220727T005100",2022-07-26 20:00:00,56.5005999319304,0.498216851497075,57.8575999319304
"87",2022-07-26 20:15:00,44.596407,-123.189671,2022-07-25 22:30:00,2022-07-30 01:00:00,"Cinderblock",2139966,1.361,21.7,"SWOTCalVal_WM_GNSS_L2_Rec3_20220726T155300_20220727T005100",2022-07-26 20:15:00,56.5031866748521,0.498216851497075,57.8641866748521
"88",2022-07-26 20:30:00,44.596407,-123.189671,2022-07-25 22:30:00,2022-07-30 01:00:00,"Cinderblock",2139966,1.361,21.8,"SWOTCalVal_WM_GNSS_L2_Rec3_20220726T155300_20220727T005100",2022-07-26 20:30:00,56.5031866748521,0.498216851497075,57.8641866748521
"89",2022-07-26 20:45:00,44.596407,-123.189671,2022-07-25 22:30:00,2022-07-30 01:00:00,"Cinderblock",2139966,1.362,21.9,"SWOTCalVal_WM_GNSS_L2_Rec3_20220726T155300_20220727T005100",2022-07-26 20:45:00,56.5031866748521,0.498216851497075,57.8651866748521
"90",2022-07-26 21:00:00,44.596407,-123.189671,2022-07-25 22:30:00,2022-07-30 01:00:00,"Cinderblock",2139966,1.36,21.9,"SWOTCalVal_WM_GNSS_L2_Rec3_20220726T155300_20220727T005100",2022-07-26 21:00:00,56.5005999319304,0.498216851497075,57.8605999319304
"91",2022-07-26 21:15:00,44.596407,-123.189671,2022-07-25 22:30:00,2022-07-30 01:00:00,"Cinderblock",2139966,1.352,22,"SWOTCalVal_WM_GNSS_L2_Rec3_20220726T155300_20220727T005100",2022-07-26 21:15:00,56.5031866748521,0.498216851497075,57.8551866748521
"92",2022-07-26 21:30:00,44.596407,-123.189671,2022-07-25 22:30:00,2022-07-30 01:00:00,"Cinderblock",2139966,1.357,22.1,"SWOTCalVal_WM_GNSS_L2_Rec3_20220726T155300_20220727T005100",2022-07-26 21:30:00,56.5031866748521,0.498216851497075,57.8601866748521
"93",2022-07-26 21:45:00,44.596407,-123.189671,2022-07-25 22:30:00,2022-07-30 01:00:00,"Cinderblock",2139966,1.358,22.2,"SWOTCalVal_WM_GNSS_L2_Rec3_20220726T155300_20220727T005100",2022-07-26 21:45:00,56.5031866748521,0.498216851497075,57.8611866748521
"94",2022-07-26 22:00:00,44.596407,-123.189671,2022-07-25 22:30:00,2022-07-30 01:00:00,"Cinderblock",2139966,1.356,22.2,"SWOTCalVal_WM_GNSS_L2_Rec3_20220726T155300_20220727T005100",2022-07-26 22:00:00,56.5031866748521,0.498216851497075,57.8591866748521
"95",2022-07-26 22:15:00,44.596407,-123.189671,2022-07-25 22:30:00,2022-07-30 01:00:00,"Cinderblock",2139966,1.358,22.3,"SWOTCalVal_WM_GNSS_L2_Rec3_20220726T155300_20220727T005100",2022-07-26 22:15:00,56.5031866748521,0.498216851497075,57.8611866748521
"96",2022-07-26 22:30:00,44.596407,-123.189671,2022-07-25 22:30:00,2022-07-30 01:00:00,"Cinderblock",2139966,1.351,22.3,"SWOTCalVal_WM_GNSS_L2_Rec3_20220726T155300_20220727T005100",2022-07-26 22:30:00,56.5031866748521,0.498216851497075,57.8541866748521
"97",2022-07-26 22:45:00,44.596407,-123.189671,2022-07-25 22:30:00,2022-07-30 01:00:00,"Cinderblock",2139966,1.35,22.4,"SWOTCalVal_WM_GNSS_L2_Rec3_20220726T155300_20220727T005100",2022-07-26 22:45:00,56.5031866748521,0.498216851497075,57.8531866748521
"98",2022-07-26 23:00:00,44.596407,-123.189671,2022-07-25 22:30:00,2022-07-30 01:00:00,"Cinderblock",2139966,1.353,22.5,"SWOTCalVal_WM_GNSS_L2_Rec3_20220726T155300_20220727T005100",2022-07-26 23:00:00,56.5031866748521,0.498216851497075,57.8561866748521
"99",2022-07-26 23:15:00,44.596407,-123.189671,2022-07-25 22:30:00,2022-07-30 01:00:00,"Cinderblock",2139966,1.352,22.5,"SWOTCalVal_WM_GNSS_L2_Rec3_20220726T155300_20220727T005100",2022-07-26 23:15:00,56.5031866748521,0.498216851497075,57.8551866748521
"100",2022-07-26 23:30:00,44.596407,-123.189671,2022-07-25 22:30:00,2022-07-30 01:00:00,"Cinderblock",2139966,1.354,22.6,"SWOTCalVal_WM_GNSS_L2_Rec3_20220726T155300_20220727T005100",2022-07-26 23:30:00,56.5031866748521,0.498216851497075,57.8571866748521
"101",2022-07-26 23:45:00,44.596407,-123.189671,2022-07-25 22:30:00,2022-07-30 01:00:00,"Cinderblock",2139966,1.35,22.6,"SWOTCalVal_WM_GNSS_L2_Rec3_20220726T155300_20220727T005100",2022-07-26 23:45:00,56.5031866748521,0.498216851497075,57.8531866748521
"102",2022-07-27 00:00:00,44.596407,-123.189671,2022-07-25 22:30:00,2022-07-30 01:00:00,"Cinderblock",2139966,1.352,22.7,"SWOTCalVal_WM_GNSS_L2_Rec3_20220726T155300_20220727T005100",2022-07-27 00:00:00,56.5031866748521,0.498216851497075,57.8551866748521
"103",2022-07-27 00:15:00,44.596407,-123.189671,2022-07-25 22:30:00,2022-07-30 01:00:00,"Cinderblock",2139966,1.35,22.7,"SWOTCalVal_WM_GNSS_L2_Rec3_20220726T155300_20220727T005100",2022-07-27 00:15:00,56.5031866748521,0.498216851497075,57.8531866748521
"104",2022-07-27 00:30:00,44.596407,-123.189671,2022-07-25 22:30:00,2022-07-30 01:00:00,"Cinderblock",2139966,1.35,22.8,"SWOTCalVal_WM_GNSS_L2_Rec3_20220726T155300_20220727T005100",2022-07-27 00:30:00,56.5031866748521,0.498216851497075,57.8531866748521
"105",2022-07-27 00:45:00,44.596407,-123.189671,2022-07-25 22:30:00,2022-07-30 01:00:00,"Cinderblock",2139966,1.351,22.8,"SWOTCalVal_WM_GNSS_L2_Rec3_20220726T155300_20220727T005100",2022-07-27 00:45:00,56.5031866748521,0.498216851497075,57.8541866748521
"106",2022-07-27 01:00:00,44.596407,-123.189671,2022-07-25 22:30:00,2022-07-30 01:00:00,"Cinderblock",2139966,1.348,22.8,"SWOTCalVal_WM_GNSS_L2_Rec3_20220726T155300_20220727T005100",2022-07-27 01:00:00,56.5031866748521,0.498216851497075,57.8511866748521
"107",2022-07-27 01:15:00,44.596407,-123.189671,2022-07-25 22:30:00,2022-07-30 01:00:00,"Cinderblock",2139966,1.348,22.9,"SWOTCalVal_WM_GNSS_L2_Rec3_20220726T155300_20220727T005100",2022-07-27 01:15:00,56.5031866748521,0.498216851497075,57.8511866748521
"108",2022-07-27 01:30:00,44.596407,-123.189671,2022-07-25 22:30:00,2022-07-30 01:00:00,"Cinderblock",2139966,1.353,22.9,"SWOTCalVal_WM_GNSS_L2_Rec3_20220726T155300_20220727T005100",2022-07-27 01:30:00,56.5031866748521,0.498216851497075,57.8561866748521
"109",2022-07-27 01:45:00,44.596407,-123.189671,2022-07-25 22:30:00,2022-07-30 01:00:00,"Cinderblock",2139966,1.353,22.9,"SWOTCalVal_WM_GNSS_L2_Rec3_20220726T155300_20220727T005100",2022-07-27 01:45:00,56.5031866748521,0.498216851497075,57.8561866748521
"110",2022-07-27 02:00:00,44.596407,-123.189671,2022-07-25 22:30:00,2022-07-30 01:00:00,"Cinderblock",2139966,1.351,22.9,"SWOTCalVal_WM_GNSS_L2_Rec3_20220726T155300_20220727T005100",2022-07-27 02:00:00,56.5031866748521,0.498216851497075,57.8541866748521
"111",2022-07-27 02:15:00,44.596407,-123.189671,2022-07-25 22:30:00,2022-07-30 01:00:00,"Cinderblock",2139966,1.351,22.9,"SWOTCalVal_WM_GNSS_L2_Rec3_20220726T155300_20220727T005100",2022-07-27 02:15:00,56.5031866748521,0.498216851497075,57.8541866748521
"112",2022-07-27 02:30:00,44.596407,-123.189671,2022-07-25 22:30:00,2022-07-30 01:00:00,"Cinderblock",2139966,1.353,22.9,"SWOTCalVal_WM_GNSS_L2_Rec3_20220726T155300_20220727T005100",2022-07-27 02:30:00,56.5031866748521,0.498216851497075,57.8561866748521
"113",2022-07-27 02:45:00,44.596407,-123.189671,2022-07-25 22:30:00,2022-07-30 01:00:00,"Cinderblock",2139966,1.351,22.9,"SWOTCalVal_WM_GNSS_L2_Rec3_20220726T155300_20220727T005100",2022-07-27 02:45:00,56.5031866748521,0.498216851497075,57.8541866748521
"114",2022-07-27 03:00:00,44.596407,-123.189671,2022-07-25 22:30:00,2022-07-30 01:00:00,"Cinderblock",2139966,1.346,22.8,"SWOTCalVal_WM_GNSS_L2_Rec3_20220726T155300_20220727T005100",2022-07-27 03:00:00,56.5031866748521,0.498216851497075,57.8491866748521
"115",2022-07-27 03:15:00,44.596407,-123.189671,2022-07-25 22:30:00,2022-07-30 01:00:00,"Cinderblock",2139966,1.352,22.8,"SWOTCalVal_WM_GNSS_L2_Rec3_20220726T155300_20220727T005100",2022-07-27 03:15:00,56.5031866748521,0.498216851497075,57.8551866748521
"116",2022-07-27 03:30:00,44.596407,-123.189671,2022-07-25 22:30:00,2022-07-30 01:00:00,"Cinderblock",2139966,1.355,22.8,"SWOTCalVal_WM_GNSS_L2_Rec3_20220726T155300_20220727T005100",2022-07-27 03:30:00,56.5031866748521,0.498216851497075,57.8581866748521
"117",2022-07-27 03:45:00,44.596407,-123.189671,2022-07-25 22:30:00,2022-07-30 01:00:00,"Cinderblock",2139966,1.352,22.7,"SWOTCalVal_WM_GNSS_L2_Rec3_20220726T155300_20220727T005100",2022-07-27 03:45:00,56.5031866748521,0.498216851497075,57.8551866748521
"118",2022-07-27 04:00:00,44.596407,-123.189671,2022-07-25 22:30:00,2022-07-30 01:00:00,"Cinderblock",2139966,1.356,22.7,"SWOTCalVal_WM_GNSS_L2_Rec3_20220726T155300_20220727T005100",2022-07-27 04:00:00,56.5031866748521,0.498216851497075,57.8591866748521
"119",2022-07-27 04:15:00,44.596407,-123.189671,2022-07-25 22:30:00,2022-07-30 01:00:00,"Cinderblock",2139966,1.357,22.7,"SWOTCalVal_WM_GNSS_L2_Rec3_20220726T155300_20220727T005100",2022-07-27 04:15:00,56.5031866748521,0.498216851497075,57.8601866748521
"120",2022-07-27 04:30:00,44.596407,-123.189671,2022-07-25 22:30:00,2022-07-30 01:00:00,"Cinderblock",2139966,1.357,22.7,"SWOTCalVal_WM_GNSS_L2_Rec3_20220726T155300_20220727T005100",2022-07-27 04:30:00,56.5031866748521,0.498216851497075,57.8601866748521
"121",2022-07-27 04:45:00,44.596407,-123.189671,2022-07-25 22:30:00,2022-07-30 01:00:00,"Cinderblock",2139966,1.359,22.6,"SWOTCalVal_WM_GNSS_L2_Rec3_20220726T155300_20220727T005100",2022-07-27 04:45:00,56.5031866748521,0.498216851497075,57.8621866748521
"122",2022-07-27 05:00:00,44.596407,-123.189671,2022-07-25 22:30:00,2022-07-30 01:00:00,"Cinderblock",2139966,1.357,22.6,"SWOTCalVal_WM_GNSS_L2_Rec3_20220726T155300_20220727T005100",2022-07-27 05:00:00,56.5031866748521,0.498216851497075,57.8601866748521
"123",2022-07-27 05:15:00,44.596407,-123.189671,2022-07-25 22:30:00,2022-07-30 01:00:00,"Cinderblock",2139966,1.363,22.6,"SWOTCalVal_WM_GNSS_L2_Rec3_20220726T155300_20220727T005100",2022-07-27 05:15:00,56.5031866748521,0.498216851497075,57.8661866748521
"124",2022-07-27 05:30:00,44.596407,-123.189671,2022-07-25 22:30:00,2022-07-30 01:00:00,"Cinderblock",2139966,1.354,22.5,"SWOTCalVal_WM_GNSS_L2_Rec3_20220726T155300_20220727T005100",2022-07-27 05:30:00,56.5031866748521,0.498216851497075,57.8571866748521
"125",2022-07-27 05:45:00,44.596407,-123.189671,2022-07-25 22:30:00,2022-07-30 01:00:00,"Cinderblock",2139966,1.361,22.5,"SWOTCalVal_WM_GNSS_L2_Rec3_20220726T155300_20220727T005100",2022-07-27 05:45:00,56.5031866748521,0.498216851497075,57.8641866748521
"126",2022-07-27 06:00:00,44.596407,-123.189671,2022-07-25 22:30:00,2022-07-30 01:00:00,"Cinderblock",2139966,1.363,22.5,"SWOTCalVal_WM_GNSS_L2_Rec3_20220726T155300_20220727T005100",2022-07-27 06:00:00,56.5031866748521,0.498216851497075,57.8661866748521
"127",2022-07-27 06:15:00,44.596407,-123.189671,2022-07-25 22:30:00,2022-07-30 01:00:00,"Cinderblock",2139966,1.361,22.4,"SWOTCalVal_WM_GNSS_L2_Rec3_20220726T155300_20220727T005100",2022-07-27 06:15:00,56.5031866748521,0.498216851497075,57.8641866748521
"128",2022-07-27 06:30:00,44.596407,-123.189671,2022-07-25 22:30:00,2022-07-30 01:00:00,"Cinderblock",2139966,1.361,22.4,"SWOTCalVal_WM_GNSS_L2_Rec3_20220726T155300_20220727T005100",2022-07-27 06:30:00,56.5031866748521,0.498216851497075,57.8641866748521
"129",2022-07-27 06:45:00,44.596407,-123.189671,2022-07-25 22:30:00,2022-07-30 01:00:00,"Cinderblock",2139966,1.362,22.4,"SWOTCalVal_WM_GNSS_L2_Rec3_20220726T155300_20220727T005100",2022-07-27 06:45:00,56.5031866748521,0.498216851497075,57.8651866748521
"130",2022-07-27 07:00:00,44.596407,-123.189671,2022-07-25 22:30:00,2022-07-30 01:00:00,"Cinderblock",2139966,1.36,22.3,"SWOTCalVal_WM_GNSS_L2_Rec3_20220726T155300_20220727T005100",2022-07-27 07:00:00,56.5031866748521,0.498216851497075,57.8631866748521
"131",2022-07-27 07:15:00,44.596407,-123.189671,2022-07-25 22:30:00,2022-07-30 01:00:00,"Cinderblock",2139966,1.362,22.3,"SWOTCalVal_WM_GNSS_L2_Rec3_20220726T155300_20220727T005100",2022-07-27 07:15:00,56.5031866748521,0.498216851497075,57.8651866748521
"132",2022-07-27 07:30:00,44.596407,-123.189671,2022-07-25 22:30:00,2022-07-30 01:00:00,"Cinderblock",2139966,1.361,22.2,"SWOTCalVal_WM_GNSS_L2_Rec3_20220726T155300_20220727T005100",2022-07-27 07:30:00,56.5031866748521,0.498216851497075,57.8641866748521
"133",2022-07-27 07:45:00,44.596407,-123.189671,2022-07-25 22:30:00,2022-07-30 01:00:00,"Cinderblock",2139966,1.363,22.2,"SWOTCalVal_WM_GNSS_L2_Rec3_20220726T155300_20220727T005100",2022-07-27 07:45:00,56.5031866748521,0.498216851497075,57.8661866748521
"134",2022-07-27 08:00:00,44.596407,-123.189671,2022-07-25 22:30:00,2022-07-30 01:00:00,"Cinderblock",2139966,1.363,22.1,"SWOTCalVal_WM_GNSS_L2_Rec3_20220726T155300_20220727T005100",2022-07-27 08:00:00,56.5031866748521,0.498216851497075,57.8661866748521
"135",2022-07-27 08:15:00,44.596407,-123.189671,2022-07-25 22:30:00,2022-07-30 01:00:00,"Cinderblock",2139966,1.365,22.1,"SWOTCalVal_WM_GNSS_L2_Rec3_20220726T155300_20220727T005100",2022-07-27 08:15:00,56.5031866748521,0.498216851497075,57.8681866748521
"136",2022-07-27 08:30:00,44.596407,-123.189671,2022-07-25 22:30:00,2022-07-30 01:00:00,"Cinderblock",2139966,1.365,22,"SWOTCalVal_WM_GNSS_L2_Rec3_20220726T155300_20220727T005100",2022-07-27 08:30:00,56.5031866748521,0.498216851497075,57.8681866748521
"137",2022-07-27 08:45:00,44.596407,-123.189671,2022-07-25 22:30:00,2022-07-30 01:00:00,"Cinderblock",2139966,1.365,22,"SWOTCalVal_WM_GNSS_L2_Rec3_20220726T155300_20220727T005100",2022-07-27 08:45:00,56.5031866748521,0.498216851497075,57.8681866748521
"138",2022-07-27 09:00:00,44.596407,-123.189671,2022-07-25 22:30:00,2022-07-30 01:00:00,"Cinderblock",2139966,1.363,21.9,"SWOTCalVal_WM_GNSS_L2_Rec3_20220726T155300_20220727T005100",2022-07-27 09:00:00,56.5031866748521,0.498216851497075,57.8661866748521
"139",2022-07-27 09:15:00,44.596407,-123.189671,2022-07-25 22:30:00,2022-07-30 01:00:00,"Cinderblock",2139966,1.366,21.9,"SWOTCalVal_WM_GNSS_L2_Rec3_20220726T155300_20220727T005100",2022-07-27 09:15:00,56.5031866748521,0.498216851497075,57.8691866748521
"140",2022-07-27 09:30:00,44.596407,-123.189671,2022-07-25 22:30:00,2022-07-30 01:00:00,"Cinderblock",2139966,1.366,21.9,"SWOTCalVal_WM_GNSS_L2_Rec3_20220726T155300_20220727T005100",2022-07-27 09:30:00,56.5031866748521,0.498216851497075,57.8691866748521
"141",2022-07-27 09:45:00,44.596407,-123.189671,2022-07-25 22:30:00,2022-07-30 01:00:00,"Cinderblock",2139966,1.35,21.8,"SWOTCalVal_WM_GNSS_L2_Rec3_20220726T155300_20220727T005100",2022-07-27 09:45:00,56.5031866748521,0.498216851497075,57.8531866748521
"142",2022-07-27 10:00:00,44.596407,-123.189671,2022-07-25 22:30:00,2022-07-30 01:00:00,"Cinderblock",2139966,1.351,21.8,"SWOTCalVal_WM_GNSS_L2_Rec3_20220726T155300_20220727T005100",2022-07-27 10:00:00,56.5031866748521,0.498216851497075,57.8541866748521
"143",2022-07-27 10:15:00,44.596407,-123.189671,2022-07-25 22:30:00,2022-07-30 01:00:00,"Cinderblock",2139966,1.353,21.7,"SWOTCalVal_WM_GNSS_L2_Rec3_20220726T155300_20220727T005100",2022-07-27 10:15:00,56.5031866748521,0.498216851497075,57.8561866748521
"144",2022-07-27 10:30:00,44.596407,-123.189671,2022-07-25 22:30:00,2022-07-30 01:00:00,"Cinderblock",2139966,1.352,21.7,"SWOTCalVal_WM_GNSS_L2_Rec3_20220726T155300_20220727T005100",2022-07-27 10:30:00,56.5031866748521,0.498216851497075,57.8551866748521
"145",2022-07-27 10:45:00,44.596407,-123.189671,2022-07-25 22:30:00,2022-07-30 01:00:00,"Cinderblock",2139966,1.356,21.7,"SWOTCalVal_WM_GNSS_L2_Rec3_20220726T155300_20220727T005100",2022-07-27 10:45:00,56.5031866748521,0.498216851497075,57.8591866748521
"146",2022-07-27 11:00:00,44.596407,-123.189671,2022-07-25 22:30:00,2022-07-30 01:00:00,"Cinderblock",2139966,1.352,21.6,"SWOTCalVal_WM_GNSS_L2_Rec3_20220726T155300_20220727T005100",2022-07-27 11:00:00,56.5031866748521,0.498216851497075,57.8551866748521
"147",2022-07-27 11:15:00,44.596407,-123.189671,2022-07-25 22:30:00,2022-07-30 01:00:00,"Cinderblock",2139966,1.355,21.6,"SWOTCalVal_WM_GNSS_L2_Rec3_20220726T155300_20220727T005100",2022-07-27 11:15:00,56.5031866748521,0.498216851497075,57.8581866748521
"148",2022-07-27 11:30:00,44.596407,-123.189671,2022-07-25 22:30:00,2022-07-30 01:00:00,"Cinderblock",2139966,1.356,21.6,"SWOTCalVal_WM_GNSS_L2_Rec3_20220726T155300_20220727T005100",2022-07-27 11:30:00,56.5031866748521,0.498216851497075,57.8591866748521
"149",2022-07-27 11:45:00,44.596407,-123.189671,2022-07-25 22:30:00,2022-07-30 01:00:00,"Cinderblock",2139966,1.355,21.5,"SWOTCalVal_WM_GNSS_L2_Rec3_20220726T155300_20220727T005100",2022-07-27 11:45:00,56.5031866748521,0.498216851497075,57.8581866748521
"150",2022-07-27 12:00:00,44.596407,-123.189671,2022-07-25 22:30:00,2022-07-30 01:00:00,"Cinderblock",2139966,1.355,21.5,"SWOTCalVal_WM_GNSS_L2_Rec3_20220726T155300_20220727T005100",2022-07-27 12:00:00,56.5031866748521,0.498216851497075,57.8581866748521
"151",2022-07-27 12:15:00,44.596407,-123.189671,2022-07-25 22:30:00,2022-07-30 01:00:00,"Cinderblock",2139966,1.356,21.4,"SWOTCalVal_WM_GNSS_L2_Rec3_20220726T155300_20220727T005100",2022-07-27 12:15:00,56.5031866748521,0.498216851497075,57.8591866748521
"152",2022-07-27 12:30:00,44.596407,-123.189671,2022-07-25 22:30:00,2022-07-30 01:00:00,"Cinderblock",2139966,1.352,21.4,"SWOTCalVal_WM_GNSS_L2_Rec3_20220726T155300_20220727T005100",2022-07-27 12:30:00,56.5031866748521,0.498216851497075,57.8551866748521
"153",2022-07-27 12:45:00,44.596407,-123.189671,2022-07-25 22:30:00,2022-07-30 01:00:00,"Cinderblock",2139966,1.353,21.4,"SWOTCalVal_WM_GNSS_L2_Rec3_20220726T155300_20220727T005100",2022-07-27 12:45:00,56.5031866748521,0.498216851497075,57.8561866748521
"154",2022-07-27 13:00:00,44.596407,-123.189671,2022-07-25 22:30:00,2022-07-30 01:00:00,"Cinderblock",2139966,1.355,21.3,"SWOTCalVal_WM_GNSS_L2_Rec3_20220726T155300_20220727T005100",2022-07-27 13:00:00,56.5031866748521,0.498216851497075,57.8581866748521
"155",2022-07-27 13:15:00,44.596407,-123.189671,2022-07-25 22:30:00,2022-07-30 01:00:00,"Cinderblock",2139966,1.356,21.3,"SWOTCalVal_WM_GNSS_L2_Rec3_20220726T155300_20220727T005100",2022-07-27 13:15:00,56.5031866748521,0.498216851497075,57.8591866748521
"156",2022-07-27 13:30:00,44.596407,-123.189671,2022-07-25 22:30:00,2022-07-30 01:00:00,"Cinderblock",2139966,1.362,21.3,"SWOTCalVal_WM_GNSS_L2_Rec3_20220726T155300_20220727T005100",2022-07-27 13:30:00,56.5031866748521,0.498216851497075,57.8651866748521
"157",2022-07-27 13:45:00,44.596407,-123.189671,2022-07-25 22:30:00,2022-07-30 01:00:00,"Cinderblock",2139966,1.357,21.2,"SWOTCalVal_WM_GNSS_L2_Rec3_20220726T155300_20220727T005100",2022-07-27 13:45:00,56.5031866748521,0.498216851497075,57.8601866748521
"158",2022-07-27 14:00:00,44.596407,-123.189671,2022-07-25 22:30:00,2022-07-30 01:00:00,"Cinderblock",2139966,1.359,21.2,"SWOTCalVal_WM_GNSS_L2_Rec3_20220726T155300_20220727T005100",2022-07-27 14:00:00,56.5031866748521,0.498216851497075,57.8621866748521
"159",2022-07-27 14:15:00,44.596407,-123.189671,2022-07-25 22:30:00,2022-07-30 01:00:00,"Cinderblock",2139966,1.357,21.2,"SWOTCalVal_WM_GNSS_L2_Rec3_20220726T155300_20220727T005100",2022-07-27 14:15:00,56.5031866748521,0.498216851497075,57.8601866748521
"160",2022-07-27 14:30:00,44.596407,-123.189671,2022-07-25 22:30:00,2022-07-30 01:00:00,"Cinderblock",2139966,1.359,21.2,"SWOTCalVal_WM_GNSS_L2_Rec3_20220726T155300_20220727T005100",2022-07-27 14:30:00,56.5031866748521,0.498216851497075,57.8621866748521
"161",2022-07-27 14:45:00,44.596407,-123.189671,2022-07-25 22:30:00,2022-07-30 01:00:00,"Cinderblock",2139966,1.356,21.2,"SWOTCalVal_WM_GNSS_L2_Rec3_20220726T155300_20220727T005100",2022-07-27 14:45:00,56.5031866748521,0.498216851497075,57.8591866748521
"162",2022-07-27 15:00:00,44.596407,-123.189671,2022-07-25 22:30:00,2022-07-30 01:00:00,"Cinderblock",2139966,1.356,21.1,"SWOTCalVal_WM_GNSS_L2_Rec3_20220726T155300_20220727T005100",2022-07-27 15:00:00,56.5031866748521,0.498216851497075,57.8591866748521
"163",2022-07-27 15:15:00,44.596407,-123.189671,2022-07-25 22:30:00,2022-07-30 01:00:00,"Cinderblock",2139966,1.354,21.1,"SWOTCalVal_WM_GNSS_L2_Rec3_20220726T155300_20220727T005100",2022-07-27 15:15:00,56.5031866748521,0.498216851497075,57.8571866748521
"164",2022-07-27 15:30:00,44.596407,-123.189671,2022-07-25 22:30:00,2022-07-30 01:00:00,"Cinderblock",2139966,1.355,21.1,"SWOTCalVal_WM_GNSS_L2_Rec3_20220726T155300_20220727T005100",2022-07-27 15:30:00,56.5031866748521,0.498216851497075,57.8581866748521
"165",2022-07-27 15:45:00,44.596407,-123.189671,2022-07-25 22:30:00,2022-07-30 01:00:00,"Cinderblock",2139966,1.354,21.1,"SWOTCalVal_WM_GNSS_L2_Rec3_20220726T155300_20220727T005100",2022-07-27 15:45:00,56.5031866748521,0.498216851497075,57.8571866748521
"166",2022-07-27 16:00:00,44.596407,-123.189671,2022-07-25 22:30:00,2022-07-30 01:00:00,"Cinderblock",2139966,1.357,21.1,"SWOTCalVal_WM_GNSS_L2_Rec3_20220726T155300_20220727T005100",2022-07-27 16:00:00,56.5031866748521,0.498216851497075,57.8601866748521
"167",2022-07-27 16:15:00,44.596407,-123.189671,2022-07-25 22:30:00,2022-07-30 01:00:00,"Cinderblock",2139966,1.351,21.1,"SWOTCalVal_WM_GNSS_L2_Rec3_20220726T155300_20220727T005100",2022-07-27 16:15:00,56.5031866748521,0.498216851497075,57.8541866748521
"168",2022-07-27 16:30:00,44.596407,-123.189671,2022-07-25 22:30:00,2022-07-30 01:00:00,"Cinderblock",2139966,1.354,21.2,"SWOTCalVal_WM_GNSS_L2_Rec3_20220726T155300_20220727T005100",2022-07-27 16:30:00,56.5031866748521,0.498216851497075,57.8571866748521
"169",2022-07-27 16:45:00,44.596407,-123.189671,2022-07-25 22:30:00,2022-07-30 01:00:00,"Cinderblock",2139966,1.354,21.2,"SWOTCalVal_WM_GNSS_L2_Rec3_20220726T155300_20220727T005100",2022-07-27 16:45:00,56.5031866748521,0.498216851497075,57.8571866748521
"170",2022-07-27 17:00:00,44.596407,-123.189671,2022-07-25 22:30:00,2022-07-30 01:00:00,"Cinderblock",2139966,1.352,21.2,"SWOTCalVal_WM_GNSS_L2_Rec3_20220726T155300_20220727T005100",2022-07-27 17:00:00,56.5031866748521,0.498216851497075,57.8551866748521
"171",2022-07-27 17:15:00,44.596407,-123.189671,2022-07-25 22:30:00,2022-07-30 01:00:00,"Cinderblock",2139966,1.352,21.3,"SWOTCalVal_WM_GNSS_L2_Rec3_20220726T155300_20220727T005100",2022-07-27 17:15:00,56.5031866748521,0.498216851497075,57.8551866748521
"172",2022-07-27 17:30:00,44.596407,-123.189671,2022-07-25 22:30:00,2022-07-30 01:00:00,"Cinderblock",2139966,1.347,21.3,"SWOTCalVal_WM_GNSS_L2_Rec3_20220726T155300_20220727T005100",2022-07-27 17:30:00,56.5031866748521,0.498216851497075,57.8501866748521
"173",2022-07-27 17:45:00,44.596407,-123.189671,2022-07-25 22:30:00,2022-07-30 01:00:00,"Cinderblock",2139966,1.353,21.3,"SWOTCalVal_WM_GNSS_L2_Rec3_20220726T155300_20220727T005100",2022-07-27 17:45:00,56.5031866748521,0.498216851497075,57.8561866748521
"174",2022-07-27 18:00:00,44.596407,-123.189671,2022-07-25 22:30:00,2022-07-30 01:00:00,"Cinderblock",2139966,1.35,21.4,"SWOTCalVal_WM_GNSS_L2_Rec3_20220726T155300_20220727T005100",2022-07-27 18:00:00,56.5031866748521,0.498216851497075,57.8531866748521
"175",2022-07-27 18:15:00,44.596407,-123.189671,2022-07-25 22:30:00,2022-07-30 01:00:00,"Cinderblock",2139966,1.348,21.4,"SWOTCalVal_WM_GNSS_L2_Rec3_20220726T155300_20220727T005100",2022-07-27 18:15:00,56.5031866748521,0.498216851497075,57.8511866748521
"176",2022-07-27 18:30:00,44.596407,-123.189671,2022-07-25 22:30:00,2022-07-30 01:00:00,"Cinderblock",2139966,1.344,21.5,"SWOTCalVal_WM_GNSS_L2_Rec3_20220726T155300_20220727T005100",2022-07-27 18:30:00,56.5031866748521,0.498216851497075,57.8471866748521
"177",2022-07-27 18:45:00,44.596407,-123.189671,2022-07-25 22:30:00,2022-07-30 01:00:00,"Cinderblock",2139966,1.348,21.5,"SWOTCalVal_WM_GNSS_L2_Rec3_20220726T155300_20220727T005100",2022-07-27 18:45:00,56.5031866748521,0.498216851497075,57.8511866748521
"178",2022-07-27 19:00:00,44.596407,-123.189671,2022-07-25 22:30:00,2022-07-30 01:00:00,"Cinderblock",2139966,1.347,21.6,"SWOTCalVal_WM_GNSS_L2_Rec3_20220726T155300_20220727T005100",2022-07-27 19:00:00,56.5031866748521,0.498216851497075,57.8501866748521
"179",2022-07-27 19:15:00,44.596407,-123.189671,2022-07-25 22:30:00,2022-07-30 01:00:00,"Cinderblock",2139966,1.344,21.6,"SWOTCalVal_WM_GNSS_L2_Rec3_20220726T155300_20220727T005100",2022-07-27 19:15:00,56.5031866748521,0.498216851497075,57.8471866748521
"180",2022-07-27 19:30:00,44.596407,-123.189671,2022-07-25 22:30:00,2022-07-30 01:00:00,"Cinderblock",2139966,1.347,21.7,"SWOTCalVal_WM_GNSS_L2_Rec3_20220726T155300_20220727T005100",2022-07-27 19:30:00,56.5031866748521,0.498216851497075,57.8501866748521
"181",2022-07-27 19:45:00,44.596407,-123.189671,2022-07-25 22:30:00,2022-07-30 01:00:00,"Cinderblock",2139966,1.346,21.7,"SWOTCalVal_WM_GNSS_L2_Rec3_20220726T155300_20220727T005100",2022-07-27 19:45:00,56.5031866748521,0.498216851497075,57.8491866748521
"182",2022-07-27 20:00:00,44.596407,-123.189671,2022-07-25 22:30:00,2022-07-30 01:00:00,"Cinderblock",2139966,1.341,21.8,"SWOTCalVal_WM_GNSS_L2_Rec3_20220726T155300_20220727T005100",2022-07-27 20:00:00,56.5005999319304,0.498216851497075,57.8415999319304
"183",2022-07-27 20:15:00,44.596407,-123.189671,2022-07-25 22:30:00,2022-07-30 01:00:00,"Cinderblock",2139966,1.342,21.8,"SWOTCalVal_WM_GNSS_L2_Rec3_20220726T155300_20220727T005100",2022-07-27 20:15:00,56.5031866748521,0.498216851497075,57.8451866748521
"184",2022-07-27 20:30:00,44.596407,-123.189671,2022-07-25 22:30:00,2022-07-30 01:00:00,"Cinderblock",2139966,1.343,21.9,"SWOTCalVal_WM_GNSS_L2_Rec3_20220726T155300_20220727T005100",2022-07-27 20:30:00,56.5031866748521,0.498216851497075,57.8461866748521
"185",2022-07-27 20:45:00,44.596407,-123.189671,2022-07-25 22:30:00,2022-07-30 01:00:00,"Cinderblock",2139966,1.342,22,"SWOTCalVal_WM_GNSS_L2_Rec3_20220726T155300_20220727T005100",2022-07-27 20:45:00,56.5031866748521,0.498216851497075,57.8451866748521
"186",2022-07-27 21:00:00,44.596407,-123.189671,2022-07-25 22:30:00,2022-07-30 01:00:00,"Cinderblock",2139966,1.344,22.1,"SWOTCalVal_WM_GNSS_L2_Rec3_20220726T155300_20220727T005100",2022-07-27 21:00:00,56.5031866748521,0.498216851497075,57.8471866748521
"187",2022-07-27 21:15:00,44.596407,-123.189671,2022-07-25 22:30:00,2022-07-30 01:00:00,"Cinderblock",2139966,1.341,22.1,"SWOTCalVal_WM_GNSS_L2_Rec3_20220726T155300_20220727T005100",2022-07-27 21:15:00,56.5031866748521,0.498216851497075,57.8441866748521
"188",2022-07-27 21:30:00,44.596407,-123.189671,2022-07-25 22:30:00,2022-07-30 01:00:00,"Cinderblock",2139966,1.343,22.2,"SWOTCalVal_WM_GNSS_L2_Rec3_20220726T155300_20220727T005100",2022-07-27 21:30:00,56.5031866748521,0.498216851497075,57.8461866748521
"189",2022-07-27 21:45:00,44.596407,-123.189671,2022-07-25 22:30:00,2022-07-30 01:00:00,"Cinderblock",2139966,1.342,22.2,"SWOTCalVal_WM_GNSS_L2_Rec3_20220726T155300_20220727T005100",2022-07-27 21:45:00,56.5031866748521,0.498216851497075,57.8451866748521
"190",2022-07-27 22:00:00,44.596407,-123.189671,2022-07-25 22:30:00,2022-07-30 01:00:00,"Cinderblock",2139966,1.342,22.3,"SWOTCalVal_WM_GNSS_L2_Rec3_20220726T155300_20220727T005100",2022-07-27 22:00:00,56.5031866748521,0.498216851497075,57.8451866748521
"191",2022-07-27 22:15:00,44.596407,-123.189671,2022-07-25 22:30:00,2022-07-30 01:00:00,"Cinderblock",2139966,1.34,22.4,"SWOTCalVal_WM_GNSS_L2_Rec3_20220726T155300_20220727T005100",2022-07-27 22:15:00,56.5031866748521,0.498216851497075,57.8431866748521
"192",2022-07-27 22:30:00,44.596407,-123.189671,2022-07-25 22:30:00,2022-07-30 01:00:00,"Cinderblock",2139966,1.341,22.4,"SWOTCalVal_WM_GNSS_L2_Rec3_20220726T155300_20220727T005100",2022-07-27 22:30:00,56.5031866748521,0.498216851497075,57.8441866748521
"193",2022-07-27 22:45:00,44.596407,-123.189671,2022-07-25 22:30:00,2022-07-30 01:00:00,"Cinderblock",2139966,1.335,22.5,"SWOTCalVal_WM_GNSS_L2_Rec3_20220726T155300_20220727T005100",2022-07-27 22:45:00,56.5031866748521,0.498216851497075,57.8381866748521
"194",2022-07-27 23:00:00,44.596407,-123.189671,2022-07-25 22:30:00,2022-07-30 01:00:00,"Cinderblock",2139966,1.341,22.5,"SWOTCalVal_WM_GNSS_L2_Rec3_20220726T155300_20220727T005100",2022-07-27 23:00:00,56.5031866748521,0.498216851497075,57.8441866748521
"195",2022-07-27 23:15:00,44.596407,-123.189671,2022-07-25 22:30:00,2022-07-30 01:00:00,"Cinderblock",2139966,1.334,22.6,"SWOTCalVal_WM_GNSS_L2_Rec3_20220726T155300_20220727T005100",2022-07-27 23:15:00,56.5031866748521,0.498216851497075,57.8371866748521
"196",2022-07-27 23:30:00,44.596407,-123.189671,2022-07-25 22:30:00,2022-07-30 01:00:00,"Cinderblock",2139966,1.336,22.6,"SWOTCalVal_WM_GNSS_L2_Rec3_20220726T155300_20220727T005100",2022-07-27 23:30:00,56.5031866748521,0.498216851497075,57.8391866748521
"197",2022-07-27 23:45:00,44.596407,-123.189671,2022-07-25 22:30:00,2022-07-30 01:00:00,"Cinderblock",2139966,1.34,22.7,"SWOTCalVal_WM_GNSS_L2_Rec3_20220726T155300_20220727T005100",2022-07-27 23:45:00,56.5031866748521,0.498216851497075,57.8431866748521
"198",2022-07-28 00:00:00,44.596407,-123.189671,2022-07-25 22:30:00,2022-07-30 01:00:00,"Cinderblock",2139966,1.338,22.7,"SWOTCalVal_WM_GNSS_L2_Rec3_20220726T155300_20220727T005100",2022-07-28 00:00:00,56.5031866748521,0.498216851497075,57.8411866748521
"199",2022-07-28 00:15:00,44.596407,-123.189671,2022-07-25 22:30:00,2022-07-30 01:00:00,"Cinderblock",2139966,1.335,22.7,"SWOTCalVal_WM_GNSS_L2_Rec3_20220726T155300_20220727T005100",2022-07-28 00:15:00,56.5031866748521,0.498216851497075,57.8381866748521
"200",2022-07-28 00:30:00,44.596407,-123.189671,2022-07-25 22:30:00,2022-07-30 01:00:00,"Cinderblock",2139966,1.336,22.7,"SWOTCalVal_WM_GNSS_L2_Rec3_20220726T155300_20220727T005100",2022-07-28 00:30:00,56.5031866748521,0.498216851497075,57.8391866748521
"201",2022-07-28 00:45:00,44.596407,-123.189671,2022-07-25 22:30:00,2022-07-30 01:00:00,"Cinderblock",2139966,1.339,22.6,"SWOTCalVal_WM_GNSS_L2_Rec3_20220726T155300_20220727T005100",2022-07-28 00:45:00,56.5031866748521,0.498216851497075,57.8421866748521
"202",2022-07-28 01:00:00,44.596407,-123.189671,2022-07-25 22:30:00,2022-07-30 01:00:00,"Cinderblock",2139966,1.336,22.6,"SWOTCalVal_WM_GNSS_L2_Rec3_20220726T155300_20220727T005100",2022-07-28 01:00:00,56.5031866748521,0.498216851497075,57.8391866748521
"203",2022-07-28 01:15:00,44.596407,-123.189671,2022-07-25 22:30:00,2022-07-30 01:00:00,"Cinderblock",2139966,1.336,22.6,"SWOTCalVal_WM_GNSS_L2_Rec3_20220726T155300_20220727T005100",2022-07-28 01:15:00,56.5031866748521,0.498216851497075,57.8391866748521
"204",2022-07-28 01:30:00,44.596407,-123.189671,2022-07-25 22:30:00,2022-07-30 01:00:00,"Cinderblock",2139966,1.336,22.6,"SWOTCalVal_WM_GNSS_L2_Rec3_20220726T155300_20220727T005100",2022-07-28 01:30:00,56.5031866748521,0.498216851497075,57.8391866748521
"205",2022-07-28 01:45:00,44.596407,-123.189671,2022-07-25 22:30:00,2022-07-30 01:00:00,"Cinderblock",2139966,1.338,22.6,"SWOTCalVal_WM_GNSS_L2_Rec3_20220726T155300_20220727T005100",2022-07-28 01:45:00,56.5031866748521,0.498216851497075,57.8411866748521
"206",2022-07-28 02:00:00,44.596407,-123.189671,2022-07-25 22:30:00,2022-07-30 01:00:00,"Cinderblock",2139966,1.338,22.6,"SWOTCalVal_WM_GNSS_L2_Rec3_20220726T155300_20220727T005100",2022-07-28 02:00:00,56.5031866748521,0.498216851497075,57.8411866748521
"207",2022-07-28 02:15:00,44.596407,-123.189671,2022-07-25 22:30:00,2022-07-30 01:00:00,"Cinderblock",2139966,1.336,22.6,"SWOTCalVal_WM_GNSS_L2_Rec3_20220726T155300_20220727T005100",2022-07-28 02:15:00,56.5031866748521,0.498216851497075,57.8391866748521
"208",2022-07-28 02:30:00,44.596407,-123.189671,2022-07-25 22:30:00,2022-07-30 01:00:00,"Cinderblock",2139966,1.339,22.6,"SWOTCalVal_WM_GNSS_L2_Rec3_20220726T155300_20220727T005100",2022-07-28 02:30:00,56.5031866748521,0.498216851497075,57.8421866748521
"209",2022-07-28 02:45:00,44.596407,-123.189671,2022-07-25 22:30:00,2022-07-30 01:00:00,"Cinderblock",2139966,1.333,22.6,"SWOTCalVal_WM_GNSS_L2_Rec3_20220726T155300_20220727T005100",2022-07-28 02:45:00,56.5031866748521,0.498216851497075,57.8361866748521
"210",2022-07-28 03:00:00,44.596407,-123.189671,2022-07-25 22:30:00,2022-07-30 01:00:00,"Cinderblock",2139966,1.333,22.6,"SWOTCalVal_WM_GNSS_L2_Rec3_20220726T155300_20220727T005100",2022-07-28 03:00:00,56.5031866748521,0.498216851497075,57.8361866748521
"211",2022-07-28 03:15:00,44.596407,-123.189671,2022-07-25 22:30:00,2022-07-30 01:00:00,"Cinderblock",2139966,1.335,22.6,"SWOTCalVal_WM_GNSS_L2_Rec3_20220726T155300_20220727T005100",2022-07-28 03:15:00,56.5031866748521,0.498216851497075,57.8381866748521
"212",2022-07-28 03:30:00,44.596407,-123.189671,2022-07-25 22:30:00,2022-07-30 01:00:00,"Cinderblock",2139966,1.339,22.5,"SWOTCalVal_WM_GNSS_L2_Rec3_20220726T155300_20220727T005100",2022-07-28 03:30:00,56.5031866748521,0.498216851497075,57.8421866748521
"213",2022-07-28 03:45:00,44.596407,-123.189671,2022-07-25 22:30:00,2022-07-30 01:00:00,"Cinderblock",2139966,1.337,22.5,"SWOTCalVal_WM_GNSS_L2_Rec3_20220726T155300_20220727T005100",2022-07-28 03:45:00,56.5031866748521,0.498216851497075,57.8401866748521
"214",2022-07-28 04:00:00,44.596407,-123.189671,2022-07-25 22:30:00,2022-07-30 01:00:00,"Cinderblock",2139966,1.337,22.5,"SWOTCalVal_WM_GNSS_L2_Rec3_20220726T155300_20220727T005100",2022-07-28 04:00:00,56.5031866748521,0.498216851497075,57.8401866748521
"215",2022-07-28 04:15:00,44.596407,-123.189671,2022-07-25 22:30:00,2022-07-30 01:00:00,"Cinderblock",2139966,1.339,22.5,"SWOTCalVal_WM_GNSS_L2_Rec3_20220726T155300_20220727T005100",2022-07-28 04:15:00,56.5031866748521,0.498216851497075,57.8421866748521
"216",2022-07-28 04:30:00,44.596407,-123.189671,2022-07-25 22:30:00,2022-07-30 01:00:00,"Cinderblock",2139966,1.341,22.4,"SWOTCalVal_WM_GNSS_L2_Rec3_20220726T155300_20220727T005100",2022-07-28 04:30:00,56.5031866748521,0.498216851497075,57.8441866748521
"217",2022-07-28 04:45:00,44.596407,-123.189671,2022-07-25 22:30:00,2022-07-30 01:00:00,"Cinderblock",2139966,1.338,22.4,"SWOTCalVal_WM_GNSS_L2_Rec3_20220726T155300_20220727T005100",2022-07-28 04:45:00,56.5031866748521,0.498216851497075,57.8411866748521
"218",2022-07-28 05:00:00,44.596407,-123.189671,2022-07-25 22:30:00,2022-07-30 01:00:00,"Cinderblock",2139966,1.34,22.4,"SWOTCalVal_WM_GNSS_L2_Rec3_20220726T155300_20220727T005100",2022-07-28 05:00:00,56.5031866748521,0.498216851497075,57.8431866748521
"219",2022-07-28 05:15:00,44.596407,-123.189671,2022-07-25 22:30:00,2022-07-30 01:00:00,"Cinderblock",2139966,1.34,22.4,"SWOTCalVal_WM_GNSS_L2_Rec3_20220726T155300_20220727T005100",2022-07-28 05:15:00,56.5031866748521,0.498216851497075,57.8431866748521
"220",2022-07-28 05:30:00,44.596407,-123.189671,2022-07-25 22:30:00,2022-07-30 01:00:00,"Cinderblock",2139966,1.337,22.3,"SWOTCalVal_WM_GNSS_L2_Rec3_20220726T155300_20220727T005100",2022-07-28 05:30:00,56.5031866748521,0.498216851497075,57.8401866748521
"221",2022-07-28 05:45:00,44.596407,-123.189671,2022-07-25 22:30:00,2022-07-30 01:00:00,"Cinderblock",2139966,1.34,22.3,"SWOTCalVal_WM_GNSS_L2_Rec3_20220726T155300_20220727T005100",2022-07-28 05:45:00,56.5031866748521,0.498216851497075,57.8431866748521
"222",2022-07-28 06:00:00,44.596407,-123.189671,2022-07-25 22:30:00,2022-07-30 01:00:00,"Cinderblock",2139966,1.337,22.3,"SWOTCalVal_WM_GNSS_L2_Rec3_20220726T155300_20220727T005100",2022-07-28 06:00:00,56.5031866748521,0.498216851497075,57.8401866748521
"223",2022-07-28 06:15:00,44.596407,-123.189671,2022-07-25 22:30:00,2022-07-30 01:00:00,"Cinderblock",2139966,1.342,22.2,"SWOTCalVal_WM_GNSS_L2_Rec3_20220726T155300_20220727T005100",2022-07-28 06:15:00,56.5031866748521,0.498216851497075,57.8451866748521
"224",2022-07-28 06:30:00,44.596407,-123.189671,2022-07-25 22:30:00,2022-07-30 01:00:00,"Cinderblock",2139966,1.342,22.2,"SWOTCalVal_WM_GNSS_L2_Rec3_20220726T155300_20220727T005100",2022-07-28 06:30:00,56.5031866748521,0.498216851497075,57.8451866748521
"225",2022-07-28 06:45:00,44.596407,-123.189671,2022-07-25 22:30:00,2022-07-30 01:00:00,"Cinderblock",2139966,1.343,22.2,"SWOTCalVal_WM_GNSS_L2_Rec3_20220726T155300_20220727T005100",2022-07-28 06:45:00,56.5031866748521,0.498216851497075,57.8461866748521
"226",2022-07-28 07:00:00,44.596407,-123.189671,2022-07-25 22:30:00,2022-07-30 01:00:00,"Cinderblock",2139966,1.343,22.1,"SWOTCalVal_WM_GNSS_L2_Rec3_20220726T155300_20220727T005100",2022-07-28 07:00:00,56.5031866748521,0.498216851497075,57.8461866748521
"227",2022-07-28 07:15:00,44.596407,-123.189671,2022-07-25 22:30:00,2022-07-30 01:00:00,"Cinderblock",2139966,1.345,22.1,"SWOTCalVal_WM_GNSS_L2_Rec3_20220726T155300_20220727T005100",2022-07-28 07:15:00,56.5031866748521,0.498216851497075,57.8481866748521
"228",2022-07-28 07:30:00,44.596407,-123.189671,2022-07-25 22:30:00,2022-07-30 01:00:00,"Cinderblock",2139966,1.345,22,"SWOTCalVal_WM_GNSS_L2_Rec3_20220726T155300_20220727T005100",2022-07-28 07:30:00,56.5031866748521,0.498216851497075,57.8481866748521
"229",2022-07-28 07:45:00,44.596407,-123.189671,2022-07-25 22:30:00,2022-07-30 01:00:00,"Cinderblock",2139966,1.341,22,"SWOTCalVal_WM_GNSS_L2_Rec3_20220726T155300_20220727T005100",2022-07-28 07:45:00,56.5031866748521,0.498216851497075,57.8441866748521
"230",2022-07-28 08:00:00,44.596407,-123.189671,2022-07-25 22:30:00,2022-07-30 01:00:00,"Cinderblock",2139966,1.341,21.9,"SWOTCalVal_WM_GNSS_L2_Rec3_20220726T155300_20220727T005100",2022-07-28 08:00:00,56.5031866748521,0.498216851497075,57.8441866748521
"231",2022-07-28 08:15:00,44.596407,-123.189671,2022-07-25 22:30:00,2022-07-30 01:00:00,"Cinderblock",2139966,1.344,21.9,"SWOTCalVal_WM_GNSS_L2_Rec3_20220726T155300_20220727T005100",2022-07-28 08:15:00,56.5031866748521,0.498216851497075,57.8471866748521
"232",2022-07-28 08:30:00,44.596407,-123.189671,2022-07-25 22:30:00,2022-07-30 01:00:00,"Cinderblock",2139966,1.346,21.9,"SWOTCalVal_WM_GNSS_L2_Rec3_20220726T155300_20220727T005100",2022-07-28 08:30:00,56.5031866748521,0.498216851497075,57.8491866748521
"233",2022-07-28 08:45:00,44.596407,-123.189671,2022-07-25 22:30:00,2022-07-30 01:00:00,"Cinderblock",2139966,1.346,21.8,"SWOTCalVal_WM_GNSS_L2_Rec3_20220726T155300_20220727T005100",2022-07-28 08:45:00,56.5031866748521,0.498216851497075,57.8491866748521
"234",2022-07-28 09:00:00,44.596407,-123.189671,2022-07-25 22:30:00,2022-07-30 01:00:00,"Cinderblock",2139966,1.344,21.8,"SWOTCalVal_WM_GNSS_L2_Rec3_20220726T155300_20220727T005100",2022-07-28 09:00:00,56.5031866748521,0.498216851497075,57.8471866748521
"235",2022-07-28 09:15:00,44.596407,-123.189671,2022-07-25 22:30:00,2022-07-30 01:00:00,"Cinderblock",2139966,1.341,21.7,"SWOTCalVal_WM_GNSS_L2_Rec3_20220726T155300_20220727T005100",2022-07-28 09:15:00,56.5031866748521,0.498216851497075,57.8441866748521
"236",2022-07-28 09:30:00,44.596407,-123.189671,2022-07-25 22:30:00,2022-07-30 01:00:00,"Cinderblock",2139966,1.348,21.7,"SWOTCalVal_WM_GNSS_L2_Rec3_20220726T155300_20220727T005100",2022-07-28 09:30:00,56.5031866748521,0.498216851497075,57.8511866748521
"237",2022-07-28 09:45:00,44.596407,-123.189671,2022-07-25 22:30:00,2022-07-30 01:00:00,"Cinderblock",2139966,1.348,21.7,"SWOTCalVal_WM_GNSS_L2_Rec3_20220726T155300_20220727T005100",2022-07-28 09:45:00,56.5031866748521,0.498216851497075,57.8511866748521
"238",2022-07-28 10:00:00,44.596407,-123.189671,2022-07-25 22:30:00,2022-07-30 01:00:00,"Cinderblock",2139966,1.347,21.6,"SWOTCalVal_WM_GNSS_L2_Rec3_20220726T155300_20220727T005100",2022-07-28 10:00:00,56.5031866748521,0.498216851497075,57.8501866748521
"239",2022-07-28 10:15:00,44.596407,-123.189671,2022-07-25 22:30:00,2022-07-30 01:00:00,"Cinderblock",2139966,1.35,21.6,"SWOTCalVal_WM_GNSS_L2_Rec3_20220726T155300_20220727T005100",2022-07-28 10:15:00,56.5031866748521,0.498216851497075,57.8531866748521
"240",2022-07-28 10:30:00,44.596407,-123.189671,2022-07-25 22:30:00,2022-07-30 01:00:00,"Cinderblock",2139966,1.346,21.5,"SWOTCalVal_WM_GNSS_L2_Rec3_20220726T155300_20220727T005100",2022-07-28 10:30:00,56.5031866748521,0.498216851497075,57.8491866748521
"241",2022-07-28 10:45:00,44.596407,-123.189671,2022-07-25 22:30:00,2022-07-30 01:00:00,"Cinderblock",2139966,1.346,21.5,"SWOTCalVal_WM_GNSS_L2_Rec3_20220726T155300_20220727T005100",2022-07-28 10:45:00,56.5031866748521,0.498216851497075,57.8491866748521
"242",2022-07-28 11:00:00,44.596407,-123.189671,2022-07-25 22:30:00,2022-07-30 01:00:00,"Cinderblock",2139966,1.349,21.5,"SWOTCalVal_WM_GNSS_L2_Rec3_20220726T155300_20220727T005100",2022-07-28 11:00:00,56.5031866748521,0.498216851497075,57.8521866748521
"243",2022-07-28 11:15:00,44.596407,-123.189671,2022-07-25 22:30:00,2022-07-30 01:00:00,"Cinderblock",2139966,1.349,21.4,"SWOTCalVal_WM_GNSS_L2_Rec3_20220726T155300_20220727T005100",2022-07-28 11:15:00,56.5031866748521,0.498216851497075,57.8521866748521
"244",2022-07-28 11:30:00,44.596407,-123.189671,2022-07-25 22:30:00,2022-07-30 01:00:00,"Cinderblock",2139966,1.349,21.4,"SWOTCalVal_WM_GNSS_L2_Rec3_20220726T155300_20220727T005100",2022-07-28 11:30:00,56.5031866748521,0.498216851497075,57.8521866748521
"245",2022-07-28 11:45:00,44.596407,-123.189671,2022-07-25 22:30:00,2022-07-30 01:00:00,"Cinderblock",2139966,1.349,21.3,"SWOTCalVal_WM_GNSS_L2_Rec3_20220726T155300_20220727T005100",2022-07-28 11:45:00,56.5031866748521,0.498216851497075,57.8521866748521
"246",2022-07-28 12:00:00,44.596407,-123.189671,2022-07-25 22:30:00,2022-07-30 01:00:00,"Cinderblock",2139966,1.346,21.3,"SWOTCalVal_WM_GNSS_L2_Rec3_20220726T155300_20220727T005100",2022-07-28 12:00:00,56.5031866748521,0.498216851497075,57.8491866748521
"247",2022-07-28 12:15:00,44.596407,-123.189671,2022-07-25 22:30:00,2022-07-30 01:00:00,"Cinderblock",2139966,1.349,21.3,"SWOTCalVal_WM_GNSS_L2_Rec3_20220726T155300_20220727T005100",2022-07-28 12:15:00,56.5031866748521,0.498216851497075,57.8521866748521
"248",2022-07-28 12:30:00,44.596407,-123.189671,2022-07-25 22:30:00,2022-07-30 01:00:00,"Cinderblock",2139966,1.348,21.2,"SWOTCalVal_WM_GNSS_L2_Rec3_20220726T155300_20220727T005100",2022-07-28 12:30:00,56.5031866748521,0.498216851497075,57.8511866748521
"249",2022-07-28 12:45:00,44.596407,-123.189671,2022-07-25 22:30:00,2022-07-30 01:00:00,"Cinderblock",2139966,1.351,21.2,"SWOTCalVal_WM_GNSS_L2_Rec3_20220726T155300_20220727T005100",2022-07-28 12:45:00,56.5031866748521,0.498216851497075,57.8541866748521
"250",2022-07-28 13:00:00,44.596407,-123.189671,2022-07-25 22:30:00,2022-07-30 01:00:00,"Cinderblock",2139966,1.35,21.1,"SWOTCalVal_WM_GNSS_L2_Rec3_20220726T155300_20220727T005100",2022-07-28 13:00:00,56.5031866748521,0.498216851497075,57.8531866748521
"251",2022-07-28 13:15:00,44.596407,-123.189671,2022-07-25 22:30:00,2022-07-30 01:00:00,"Cinderblock",2139966,1.35,21.1,"SWOTCalVal_WM_GNSS_L2_Rec3_20220726T155300_20220727T005100",2022-07-28 13:15:00,56.5031866748521,0.498216851497075,57.8531866748521
"252",2022-07-28 13:30:00,44.596407,-123.189671,2022-07-25 22:30:00,2022-07-30 01:00:00,"Cinderblock",2139966,1.351,21.1,"SWOTCalVal_WM_GNSS_L2_Rec3_20220726T155300_20220727T005100",2022-07-28 13:30:00,56.5031866748521,0.498216851497075,57.8541866748521
"253",2022-07-28 13:45:00,44.596407,-123.189671,2022-07-25 22:30:00,2022-07-30 01:00:00,"Cinderblock",2139966,1.349,21,"SWOTCalVal_WM_GNSS_L2_Rec3_20220726T155300_20220727T005100",2022-07-28 13:45:00,56.5031866748521,0.498216851497075,57.8521866748521
"254",2022-07-28 14:00:00,44.596407,-123.189671,2022-07-25 22:30:00,2022-07-30 01:00:00,"Cinderblock",2139966,1.346,21,"SWOTCalVal_WM_GNSS_L2_Rec3_20220726T155300_20220727T005100",2022-07-28 14:00:00,56.5031866748521,0.498216851497075,57.8491866748521
"255",2022-07-28 14:15:00,44.596407,-123.189671,2022-07-25 22:30:00,2022-07-30 01:00:00,"Cinderblock",2139966,1.348,21,"SWOTCalVal_WM_GNSS_L2_Rec3_20220726T155300_20220727T005100",2022-07-28 14:15:00,56.5031866748521,0.498216851497075,57.8511866748521
"256",2022-07-28 14:30:00,44.596407,-123.189671,2022-07-25 22:30:00,2022-07-30 01:00:00,"Cinderblock",2139966,1.345,20.9,"SWOTCalVal_WM_GNSS_L2_Rec3_20220726T155300_20220727T005100",2022-07-28 14:30:00,56.5031866748521,0.498216851497075,57.8481866748521
"257",2022-07-28 14:45:00,44.596407,-123.189671,2022-07-25 22:30:00,2022-07-30 01:00:00,"Cinderblock",2139966,1.344,20.9,"SWOTCalVal_WM_GNSS_L2_Rec3_20220726T155300_20220727T005100",2022-07-28 14:45:00,56.5031866748521,0.498216851497075,57.8471866748521
"258",2022-07-28 15:00:00,44.596407,-123.189671,2022-07-25 22:30:00,2022-07-30 01:00:00,"Cinderblock",2139966,1.346,20.9,"SWOTCalVal_WM_GNSS_L2_Rec3_20220726T155300_20220727T005100",2022-07-28 15:00:00,56.5031866748521,0.498216851497075,57.8491866748521
"259",2022-07-28 15:15:00,44.596407,-123.189671,2022-07-25 22:30:00,2022-07-30 01:00:00,"Cinderblock",2139966,1.345,20.9,"SWOTCalVal_WM_GNSS_L2_Rec3_20220726T155300_20220727T005100",2022-07-28 15:15:00,56.5031866748521,0.498216851497075,57.8481866748521
"260",2022-07-28 15:30:00,44.596407,-123.189671,2022-07-25 22:30:00,2022-07-30 01:00:00,"Cinderblock",2139966,1.345,20.9,"SWOTCalVal_WM_GNSS_L2_Rec3_20220726T155300_20220727T005100",2022-07-28 15:30:00,56.5031866748521,0.498216851497075,57.8481866748521
"261",2022-07-28 15:45:00,44.596407,-123.189671,2022-07-25 22:30:00,2022-07-30 01:00:00,"Cinderblock",2139966,1.343,20.9,"SWOTCalVal_WM_GNSS_L2_Rec3_20220726T155300_20220727T005100",2022-07-28 15:45:00,56.5031866748521,0.498216851497075,57.8461866748521
"262",2022-07-28 16:00:00,44.596407,-123.189671,2022-07-25 22:30:00,2022-07-30 01:00:00,"Cinderblock",2139966,1.342,20.9,"SWOTCalVal_WM_GNSS_L2_Rec3_20220726T155300_20220727T005100",2022-07-28 16:00:00,56.5031866748521,0.498216851497075,57.8451866748521
"263",2022-07-28 16:15:00,44.596407,-123.189671,2022-07-25 22:30:00,2022-07-30 01:00:00,"Cinderblock",2139966,1.342,20.9,"SWOTCalVal_WM_GNSS_L2_Rec3_20220726T155300_20220727T005100",2022-07-28 16:15:00,56.5031866748521,0.498216851497075,57.8451866748521
"264",2022-07-28 16:30:00,44.596407,-123.189671,2022-07-25 22:30:00,2022-07-30 01:00:00,"Cinderblock",2139966,1.344,21,"SWOTCalVal_WM_GNSS_L2_Rec3_20220726T155300_20220727T005100",2022-07-28 16:30:00,56.5031866748521,0.498216851497075,57.8471866748521
"265",2022-07-28 16:45:00,44.596407,-123.189671,2022-07-25 22:30:00,2022-07-30 01:00:00,"Cinderblock",2139966,1.341,21,"SWOTCalVal_WM_GNSS_L2_Rec3_20220726T155300_20220727T005100",2022-07-28 16:45:00,56.5031866748521,0.498216851497075,57.8441866748521
"266",2022-07-28 17:00:00,44.596407,-123.189671,2022-07-25 22:30:00,2022-07-30 01:00:00,"Cinderblock",2139966,1.342,21,"SWOTCalVal_WM_GNSS_L2_Rec3_20220726T155300_20220727T005100",2022-07-28 17:00:00,56.5031866748521,0.498216851497075,57.8451866748521
"267",2022-07-28 17:15:00,44.596407,-123.189671,2022-07-25 22:30:00,2022-07-30 01:00:00,"Cinderblock",2139966,1.34,21,"SWOTCalVal_WM_GNSS_L2_Rec3_20220726T155300_20220727T005100",2022-07-28 17:15:00,56.5031866748521,0.498216851497075,57.8431866748521
"268",2022-07-28 17:30:00,44.596407,-123.189671,2022-07-25 22:30:00,2022-07-30 01:00:00,"Cinderblock",2139966,1.339,21,"SWOTCalVal_WM_GNSS_L2_Rec3_20220726T155300_20220727T005100",2022-07-28 17:30:00,56.5031866748521,0.498216851497075,57.8421866748521
"269",2022-07-28 17:45:00,44.596407,-123.189671,2022-07-25 22:30:00,2022-07-30 01:00:00,"Cinderblock",2139966,1.343,21.1,"SWOTCalVal_WM_GNSS_L2_Rec3_20220726T155300_20220727T005100",2022-07-28 17:45:00,56.5031866748521,0.498216851497075,57.8461866748521
"270",2022-07-28 18:00:00,44.596407,-123.189671,2022-07-25 22:30:00,2022-07-30 01:00:00,"Cinderblock",2139966,1.341,21.1,"SWOTCalVal_WM_GNSS_L2_Rec3_20220726T155300_20220727T005100",2022-07-28 18:00:00,56.5031866748521,0.498216851497075,57.8441866748521
"271",2022-07-28 18:15:00,44.596407,-123.189671,2022-07-25 22:30:00,2022-07-30 01:00:00,"Cinderblock",2139966,1.338,21.1,"SWOTCalVal_WM_GNSS_L2_Rec3_20220726T155300_20220727T005100",2022-07-28 18:15:00,56.5031866748521,0.498216851497075,57.8411866748521
"272",2022-07-28 18:30:00,44.596407,-123.189671,2022-07-25 22:30:00,2022-07-30 01:00:00,"Cinderblock",2139966,1.34,21.1,"SWOTCalVal_WM_GNSS_L2_Rec3_20220726T155300_20220727T005100",2022-07-28 18:30:00,56.5031866748521,0.498216851497075,57.8431866748521
"273",2022-07-28 18:45:00,44.596407,-123.189671,2022-07-25 22:30:00,2022-07-30 01:00:00,"Cinderblock",2139966,1.34,21.2,"SWOTCalVal_WM_GNSS_L2_Rec3_20220726T155300_20220727T005100",2022-07-28 18:45:00,56.5031866748521,0.498216851497075,57.8431866748521
"274",2022-07-28 19:00:00,44.596407,-123.189671,2022-07-25 22:30:00,2022-07-30 01:00:00,"Cinderblock",2139966,1.34,21.3,"SWOTCalVal_WM_GNSS_L2_Rec3_20220726T155300_20220727T005100",2022-07-28 19:00:00,56.5031866748521,0.498216851497075,57.8431866748521
"275",2022-07-28 19:15:00,44.596407,-123.189671,2022-07-25 22:30:00,2022-07-30 01:00:00,"Cinderblock",2139966,1.338,21.3,"SWOTCalVal_WM_GNSS_L2_Rec3_20220726T155300_20220727T005100",2022-07-28 19:15:00,56.5031866748521,0.498216851497075,57.8411866748521
"276",2022-07-28 19:30:00,44.596407,-123.189671,2022-07-25 22:30:00,2022-07-30 01:00:00,"Cinderblock",2139966,1.34,21.4,"SWOTCalVal_WM_GNSS_L2_Rec3_20220726T155300_20220727T005100",2022-07-28 19:30:00,56.5031866748521,0.498216851497075,57.8431866748521
"277",2022-07-28 19:45:00,44.596407,-123.189671,2022-07-25 22:30:00,2022-07-30 01:00:00,"Cinderblock",2139966,1.338,21.5,"SWOTCalVal_WM_GNSS_L2_Rec3_20220726T155300_20220727T005100",2022-07-28 19:45:00,56.5031866748521,0.498216851497075,57.8411866748521
"278",2022-07-28 20:00:00,44.596407,-123.189671,2022-07-25 22:30:00,2022-07-30 01:00:00,"Cinderblock",2139966,1.336,21.5,"SWOTCalVal_WM_GNSS_L2_Rec3_20220726T155300_20220727T005100",2022-07-28 20:00:00,56.5031866748521,0.498216851497075,57.8391866748521
"279",2022-07-28 20:15:00,44.596407,-123.189671,2022-07-25 22:30:00,2022-07-30 01:00:00,"Cinderblock",2139966,1.334,21.6,"SWOTCalVal_WM_GNSS_L2_Rec3_20220726T155300_20220727T005100",2022-07-28 20:15:00,56.5031866748521,0.498216851497075,57.8371866748521
"280",2022-07-28 20:30:00,44.596407,-123.189671,2022-07-25 22:30:00,2022-07-30 01:00:00,"Cinderblock",2139966,1.336,21.7,"SWOTCalVal_WM_GNSS_L2_Rec3_20220726T155300_20220727T005100",2022-07-28 20:30:00,56.5031866748521,0.498216851497075,57.8391866748521
"281",2022-07-28 20:45:00,44.596407,-123.189671,2022-07-25 22:30:00,2022-07-30 01:00:00,"Cinderblock",2139966,1.341,21.8,"SWOTCalVal_WM_GNSS_L2_Rec3_20220726T155300_20220727T005100",2022-07-28 20:45:00,56.5031866748521,0.498216851497075,57.8441866748521
"282",2022-07-28 21:00:00,44.596407,-123.189671,2022-07-25 22:30:00,2022-07-30 01:00:00,"Cinderblock",2139966,1.34,21.8,"SWOTCalVal_WM_GNSS_L2_Rec3_20220726T155300_20220727T005100",2022-07-28 21:00:00,56.5031866748521,0.498216851497075,57.8431866748521
"283",2022-07-28 21:15:00,44.596407,-123.189671,2022-07-25 22:30:00,2022-07-30 01:00:00,"Cinderblock",2139966,1.337,21.9,"SWOTCalVal_WM_GNSS_L2_Rec3_20220726T155300_20220727T005100",2022-07-28 21:15:00,56.5031866748521,0.498216851497075,57.8401866748521
"284",2022-07-28 21:30:00,44.596407,-123.189671,2022-07-25 22:30:00,2022-07-30 01:00:00,"Cinderblock",2139966,1.336,22,"SWOTCalVal_WM_GNSS_L2_Rec3_20220726T155300_20220727T005100",2022-07-28 21:30:00,56.5031866748521,0.498216851497075,57.8391866748521
"285",2022-07-28 21:45:00,44.596407,-123.189671,2022-07-25 22:30:00,2022-07-30 01:00:00,"Cinderblock",2139966,1.338,22,"SWOTCalVal_WM_GNSS_L2_Rec3_20220726T155300_20220727T005100",2022-07-28 21:45:00,56.5031866748521,0.498216851497075,57.8411866748521
"286",2022-07-28 22:00:00,44.596407,-123.189671,2022-07-25 22:30:00,2022-07-30 01:00:00,"Cinderblock",2139966,1.339,22.1,"SWOTCalVal_WM_GNSS_L2_Rec3_20220726T155300_20220727T005100",2022-07-28 22:00:00,56.5031866748521,0.498216851497075,57.8421866748521
"287",2022-07-28 22:15:00,44.596407,-123.189671,2022-07-25 22:30:00,2022-07-30 01:00:00,"Cinderblock",2139966,1.336,22.2,"SWOTCalVal_WM_GNSS_L2_Rec3_20220726T155300_20220727T005100",2022-07-28 22:15:00,56.5031866748521,0.498216851497075,57.8391866748521
"288",2022-07-28 22:30:00,44.596407,-123.189671,2022-07-25 22:30:00,2022-07-30 01:00:00,"Cinderblock",2139966,1.34,22.3,"SWOTCalVal_WM_GNSS_L2_Rec3_20220726T155300_20220727T005100",2022-07-28 22:30:00,56.5031866748521,0.498216851497075,57.8431866748521
"289",2022-07-28 22:45:00,44.596407,-123.189671,2022-07-25 22:30:00,2022-07-30 01:00:00,"Cinderblock",2139966,1.336,22.3,"SWOTCalVal_WM_GNSS_L2_Rec3_20220726T155300_20220727T005100",2022-07-28 22:45:00,56.5031866748521,0.498216851497075,57.8391866748521
"290",2022-07-28 23:00:00,44.596407,-123.189671,2022-07-25 22:30:00,2022-07-30 01:00:00,"Cinderblock",2139966,1.338,22.4,"SWOTCalVal_WM_GNSS_L2_Rec3_20220726T155300_20220727T005100",2022-07-28 23:00:00,56.5031866748521,0.498216851497075,57.8411866748521
"291",2022-07-28 23:15:00,44.596407,-123.189671,2022-07-25 22:30:00,2022-07-30 01:00:00,"Cinderblock",2139966,1.341,22.4,"SWOTCalVal_WM_GNSS_L2_Rec3_20220726T155300_20220727T005100",2022-07-28 23:15:00,56.5031866748521,0.498216851497075,57.8441866748521
"292",2022-07-28 23:30:00,44.596407,-123.189671,2022-07-25 22:30:00,2022-07-30 01:00:00,"Cinderblock",2139966,1.342,22.5,"SWOTCalVal_WM_GNSS_L2_Rec3_20220726T155300_20220727T005100",2022-07-28 23:30:00,56.5031866748521,0.498216851497075,57.8451866748521
"293",2022-07-28 23:45:00,44.596407,-123.189671,2022-07-25 22:30:00,2022-07-30 01:00:00,"Cinderblock",2139966,1.34,22.5,"SWOTCalVal_WM_GNSS_L2_Rec3_20220726T155300_20220727T005100",2022-07-28 23:45:00,56.5031866748521,0.498216851497075,57.8431866748521
"294",2022-07-29 00:00:00,44.596407,-123.189671,2022-07-25 22:30:00,2022-07-30 01:00:00,"Cinderblock",2139966,1.341,22.5,"SWOTCalVal_WM_GNSS_L2_Rec3_20220726T155300_20220727T005100",2022-07-29 00:00:00,56.5031866748521,0.498216851497075,57.8441866748521
"295",2022-07-29 00:15:00,44.596407,-123.189671,2022-07-25 22:30:00,2022-07-30 01:00:00,"Cinderblock",2139966,1.345,22.6,"SWOTCalVal_WM_GNSS_L2_Rec3_20220726T155300_20220727T005100",2022-07-29 00:15:00,56.5031866748521,0.498216851497075,57.8481866748521
"296",2022-07-29 00:30:00,44.596407,-123.189671,2022-07-25 22:30:00,2022-07-30 01:00:00,"Cinderblock",2139966,1.343,22.6,"SWOTCalVal_WM_GNSS_L2_Rec3_20220726T155300_20220727T005100",2022-07-29 00:30:00,56.5031866748521,0.498216851497075,57.8461866748521
"297",2022-07-29 00:45:00,44.596407,-123.189671,2022-07-25 22:30:00,2022-07-30 01:00:00,"Cinderblock",2139966,1.345,22.7,"SWOTCalVal_WM_GNSS_L2_Rec3_20220726T155300_20220727T005100",2022-07-29 00:45:00,56.5031866748521,0.498216851497075,57.8481866748521
"298",2022-07-29 01:00:00,44.596407,-123.189671,2022-07-25 22:30:00,2022-07-30 01:00:00,"Cinderblock",2139966,1.348,22.7,"SWOTCalVal_WM_GNSS_L2_Rec3_20220726T155300_20220727T005100",2022-07-29 01:00:00,56.5031866748521,0.498216851497075,57.8511866748521
"299",2022-07-29 01:15:00,44.596407,-123.189671,2022-07-25 22:30:00,2022-07-30 01:00:00,"Cinderblock",2139966,1.343,22.7,"SWOTCalVal_WM_GNSS_L2_Rec3_20220726T155300_20220727T005100",2022-07-29 01:15:00,56.5031866748521,0.498216851497075,57.8461866748521
"300",2022-07-29 01:30:00,44.596407,-123.189671,2022-07-25 22:30:00,2022-07-30 01:00:00,"Cinderblock",2139966,1.347,22.7,"SWOTCalVal_WM_GNSS_L2_Rec3_20220726T155300_20220727T005100",2022-07-29 01:30:00,56.5031866748521,0.498216851497075,57.8501866748521
"301",2022-07-29 01:45:00,44.596407,-123.189671,2022-07-25 22:30:00,2022-07-30 01:00:00,"Cinderblock",2139966,1.345,22.7,"SWOTCalVal_WM_GNSS_L2_Rec3_20220726T155300_20220727T005100",2022-07-29 01:45:00,56.5031866748521,0.498216851497075,57.8481866748521
"302",2022-07-29 02:00:00,44.596407,-123.189671,2022-07-25 22:30:00,2022-07-30 01:00:00,"Cinderblock",2139966,1.349,22.7,"SWOTCalVal_WM_GNSS_L2_Rec3_20220726T155300_20220727T005100",2022-07-29 02:00:00,56.5031866748521,0.498216851497075,57.8521866748521
"303",2022-07-29 02:15:00,44.596407,-123.189671,2022-07-25 22:30:00,2022-07-30 01:00:00,"Cinderblock",2139966,1.346,22.7,"SWOTCalVal_WM_GNSS_L2_Rec3_20220726T155300_20220727T005100",2022-07-29 02:15:00,56.5031866748521,0.498216851497075,57.8491866748521
"304",2022-07-29 02:30:00,44.596407,-123.189671,2022-07-25 22:30:00,2022-07-30 01:00:00,"Cinderblock",2139966,1.345,22.6,"SWOTCalVal_WM_GNSS_L2_Rec3_20220726T155300_20220727T005100",2022-07-29 02:30:00,56.5031866748521,0.498216851497075,57.8481866748521
"305",2022-07-29 02:45:00,44.596407,-123.189671,2022-07-25 22:30:00,2022-07-30 01:00:00,"Cinderblock",2139966,1.346,22.6,"SWOTCalVal_WM_GNSS_L2_Rec3_20220726T155300_20220727T005100",2022-07-29 02:45:00,56.5031866748521,0.498216851497075,57.8491866748521
"306",2022-07-29 03:00:00,44.596407,-123.189671,2022-07-25 22:30:00,2022-07-30 01:00:00,"Cinderblock",2139966,1.344,22.6,"SWOTCalVal_WM_GNSS_L2_Rec3_20220726T155300_20220727T005100",2022-07-29 03:00:00,56.5031866748521,0.498216851497075,57.8471866748521
"307",2022-07-29 03:15:00,44.596407,-123.189671,2022-07-25 22:30:00,2022-07-30 01:00:00,"Cinderblock",2139966,1.345,22.6,"SWOTCalVal_WM_GNSS_L2_Rec3_20220726T155300_20220727T005100",2022-07-29 03:15:00,56.5031866748521,0.498216851497075,57.8481866748521
"308",2022-07-29 03:30:00,44.596407,-123.189671,2022-07-25 22:30:00,2022-07-30 01:00:00,"Cinderblock",2139966,1.349,22.6,"SWOTCalVal_WM_GNSS_L2_Rec3_20220726T155300_20220727T005100",2022-07-29 03:30:00,56.5031866748521,0.498216851497075,57.8521866748521
"309",2022-07-29 03:45:00,44.596407,-123.189671,2022-07-25 22:30:00,2022-07-30 01:00:00,"Cinderblock",2139966,1.35,22.5,"SWOTCalVal_WM_GNSS_L2_Rec3_20220726T155300_20220727T005100",2022-07-29 03:45:00,56.5031866748521,0.498216851497075,57.8531866748521
"310",2022-07-29 04:00:00,44.596407,-123.189671,2022-07-25 22:30:00,2022-07-30 01:00:00,"Cinderblock",2139966,1.346,22.5,"SWOTCalVal_WM_GNSS_L2_Rec3_20220726T155300_20220727T005100",2022-07-29 04:00:00,56.5031866748521,0.498216851497075,57.8491866748521
"311",2022-07-29 04:15:00,44.596407,-123.189671,2022-07-25 22:30:00,2022-07-30 01:00:00,"Cinderblock",2139966,1.353,22.5,"SWOTCalVal_WM_GNSS_L2_Rec3_20220726T155300_20220727T005100",2022-07-29 04:15:00,56.5031866748521,0.498216851497075,57.8561866748521
"312",2022-07-29 04:30:00,44.596407,-123.189671,2022-07-25 22:30:00,2022-07-30 01:00:00,"Cinderblock",2139966,1.349,22.5,"SWOTCalVal_WM_GNSS_L2_Rec3_20220726T155300_20220727T005100",2022-07-29 04:30:00,56.5031866748521,0.498216851497075,57.8521866748521
"313",2022-07-29 04:45:00,44.596407,-123.189671,2022-07-25 22:30:00,2022-07-30 01:00:00,"Cinderblock",2139966,1.348,22.5,"SWOTCalVal_WM_GNSS_L2_Rec3_20220726T155300_20220727T005100",2022-07-29 04:45:00,56.5031866748521,0.498216851497075,57.8511866748521
"314",2022-07-29 05:00:00,44.596407,-123.189671,2022-07-25 22:30:00,2022-07-30 01:00:00,"Cinderblock",2139966,1.356,22.5,"SWOTCalVal_WM_GNSS_L2_Rec3_20220726T155300_20220727T005100",2022-07-29 05:00:00,56.5031866748521,0.498216851497075,57.8591866748521
"315",2022-07-29 05:15:00,44.596407,-123.189671,2022-07-25 22:30:00,2022-07-30 01:00:00,"Cinderblock",2139966,1.355,22.5,"SWOTCalVal_WM_GNSS_L2_Rec3_20220726T155300_20220727T005100",2022-07-29 05:15:00,56.5031866748521,0.498216851497075,57.8581866748521
"316",2022-07-29 05:30:00,44.596407,-123.189671,2022-07-25 22:30:00,2022-07-30 01:00:00,"Cinderblock",2139966,1.351,22.4,"SWOTCalVal_WM_GNSS_L2_Rec3_20220726T155300_20220727T005100",2022-07-29 05:30:00,56.5031866748521,0.498216851497075,57.8541866748521
"317",2022-07-29 05:45:00,44.596407,-123.189671,2022-07-25 22:30:00,2022-07-30 01:00:00,"Cinderblock",2139966,1.354,22.4,"SWOTCalVal_WM_GNSS_L2_Rec3_20220726T155300_20220727T005100",2022-07-29 05:45:00,56.5031866748521,0.498216851497075,57.8571866748521
"318",2022-07-29 06:00:00,44.596407,-123.189671,2022-07-25 22:30:00,2022-07-30 01:00:00,"Cinderblock",2139966,1.353,22.4,"SWOTCalVal_WM_GNSS_L2_Rec3_20220726T155300_20220727T005100",2022-07-29 06:00:00,56.5031866748521,0.498216851497075,57.8561866748521
"319",2022-07-29 06:15:00,44.596407,-123.189671,2022-07-25 22:30:00,2022-07-30 01:00:00,"Cinderblock",2139966,1.355,22.4,"SWOTCalVal_WM_GNSS_L2_Rec3_20220726T155300_20220727T005100",2022-07-29 06:15:00,56.5031866748521,0.498216851497075,57.8581866748521
"320",2022-07-29 06:30:00,44.596407,-123.189671,2022-07-25 22:30:00,2022-07-30 01:00:00,"Cinderblock",2139966,1.355,22.4,"SWOTCalVal_WM_GNSS_L2_Rec3_20220726T155300_20220727T005100",2022-07-29 06:30:00,56.5031866748521,0.498216851497075,57.8581866748521
"321",2022-07-29 06:45:00,44.596407,-123.189671,2022-07-25 22:30:00,2022-07-30 01:00:00,"Cinderblock",2139966,1.358,22.3,"SWOTCalVal_WM_GNSS_L2_Rec3_20220726T155300_20220727T005100",2022-07-29 06:45:00,56.5031866748521,0.498216851497075,57.8611866748521
"322",2022-07-29 07:00:00,44.596407,-123.189671,2022-07-25 22:30:00,2022-07-30 01:00:00,"Cinderblock",2139966,1.358,22.3,"SWOTCalVal_WM_GNSS_L2_Rec3_20220726T155300_20220727T005100",2022-07-29 07:00:00,56.5031866748521,0.498216851497075,57.8611866748521
"323",2022-07-29 07:15:00,44.596407,-123.189671,2022-07-25 22:30:00,2022-07-30 01:00:00,"Cinderblock",2139966,1.358,22.3,"SWOTCalVal_WM_GNSS_L2_Rec3_20220726T155300_20220727T005100",2022-07-29 07:15:00,56.5031866748521,0.498216851497075,57.8611866748521
"324",2022-07-29 07:30:00,44.596407,-123.189671,2022-07-25 22:30:00,2022-07-30 01:00:00,"Cinderblock",2139966,1.357,22.3,"SWOTCalVal_WM_GNSS_L2_Rec3_20220726T155300_20220727T005100",2022-07-29 07:30:00,56.5031866748521,0.498216851497075,57.8601866748521
"325",2022-07-29 07:45:00,44.596407,-123.189671,2022-07-25 22:30:00,2022-07-30 01:00:00,"Cinderblock",2139966,1.362,22.2,"SWOTCalVal_WM_GNSS_L2_Rec3_20220726T155300_20220727T005100",2022-07-29 07:45:00,56.5031866748521,0.498216851497075,57.8651866748521
"326",2022-07-29 08:00:00,44.596407,-123.189671,2022-07-25 22:30:00,2022-07-30 01:00:00,"Cinderblock",2139966,1.36,22.2,"SWOTCalVal_WM_GNSS_L2_Rec3_20220726T155300_20220727T005100",2022-07-29 08:00:00,56.5031866748521,0.498216851497075,57.8631866748521
"327",2022-07-29 08:15:00,44.596407,-123.189671,2022-07-25 22:30:00,2022-07-30 01:00:00,"Cinderblock",2139966,1.362,22.2,"SWOTCalVal_WM_GNSS_L2_Rec3_20220726T155300_20220727T005100",2022-07-29 08:15:00,56.5031866748521,0.498216851497075,57.8651866748521
"328",2022-07-29 08:30:00,44.596407,-123.189671,2022-07-25 22:30:00,2022-07-30 01:00:00,"Cinderblock",2139966,1.362,22.1,"SWOTCalVal_WM_GNSS_L2_Rec3_20220726T155300_20220727T005100",2022-07-29 08:30:00,56.5031866748521,0.498216851497075,57.8651866748521
"329",2022-07-29 08:45:00,44.596407,-123.189671,2022-07-25 22:30:00,2022-07-30 01:00:00,"Cinderblock",2139966,1.365,22.1,"SWOTCalVal_WM_GNSS_L2_Rec3_20220726T155300_20220727T005100",2022-07-29 08:45:00,56.5031866748521,0.498216851497075,57.8681866748521
"330",2022-07-29 09:00:00,44.596407,-123.189671,2022-07-25 22:30:00,2022-07-30 01:00:00,"Cinderblock",2139966,1.365,22.1,"SWOTCalVal_WM_GNSS_L2_Rec3_20220726T155300_20220727T005100",2022-07-29 09:00:00,56.5031866748521,0.498216851497075,57.8681866748521
"331",2022-07-29 09:15:00,44.596407,-123.189671,2022-07-25 22:30:00,2022-07-30 01:00:00,"Cinderblock",2139966,1.358,22,"SWOTCalVal_WM_GNSS_L2_Rec3_20220726T155300_20220727T005100",2022-07-29 09:15:00,56.5031866748521,0.498216851497075,57.8611866748521
"332",2022-07-29 09:30:00,44.596407,-123.189671,2022-07-25 22:30:00,2022-07-30 01:00:00,"Cinderblock",2139966,1.358,22,"SWOTCalVal_WM_GNSS_L2_Rec3_20220726T155300_20220727T005100",2022-07-29 09:30:00,56.5031866748521,0.498216851497075,57.8611866748521
"333",2022-07-29 09:45:00,44.596407,-123.189671,2022-07-25 22:30:00,2022-07-30 01:00:00,"Cinderblock",2139966,1.364,22,"SWOTCalVal_WM_GNSS_L2_Rec3_20220726T155300_20220727T005100",2022-07-29 09:45:00,56.5031866748521,0.498216851497075,57.8671866748521
"334",2022-07-29 10:00:00,44.596407,-123.189671,2022-07-25 22:30:00,2022-07-30 01:00:00,"Cinderblock",2139966,1.363,21.9,"SWOTCalVal_WM_GNSS_L2_Rec3_20220726T155300_20220727T005100",2022-07-29 10:00:00,56.5031866748521,0.498216851497075,57.8661866748521
"335",2022-07-29 10:15:00,44.596407,-123.189671,2022-07-25 22:30:00,2022-07-30 01:00:00,"Cinderblock",2139966,1.363,21.9,"SWOTCalVal_WM_GNSS_L2_Rec3_20220726T155300_20220727T005100",2022-07-29 10:15:00,56.5031866748521,0.498216851497075,57.8661866748521
"336",2022-07-29 10:30:00,44.596407,-123.189671,2022-07-25 22:30:00,2022-07-30 01:00:00,"Cinderblock",2139966,1.365,21.9,"SWOTCalVal_WM_GNSS_L2_Rec3_20220726T155300_20220727T005100",2022-07-29 10:30:00,56.5031866748521,0.498216851497075,57.8681866748521
"337",2022-07-29 10:45:00,44.596407,-123.189671,2022-07-25 22:30:00,2022-07-30 01:00:00,"Cinderblock",2139966,1.362,21.8,"SWOTCalVal_WM_GNSS_L2_Rec3_20220726T155300_20220727T005100",2022-07-29 10:45:00,56.5031866748521,0.498216851497075,57.8651866748521
"338",2022-07-29 11:00:00,44.596407,-123.189671,2022-07-25 22:30:00,2022-07-30 01:00:00,"Cinderblock",2139966,1.367,21.8,"SWOTCalVal_WM_GNSS_L2_Rec3_20220726T155300_20220727T005100",2022-07-29 11:00:00,56.5031866748521,0.498216851497075,57.8701866748521
"339",2022-07-29 11:15:00,44.596407,-123.189671,2022-07-25 22:30:00,2022-07-30 01:00:00,"Cinderblock",2139966,1.365,21.7,"SWOTCalVal_WM_GNSS_L2_Rec3_20220726T155300_20220727T005100",2022-07-29 11:15:00,56.5031866748521,0.498216851497075,57.8681866748521
"340",2022-07-29 11:30:00,44.596407,-123.189671,2022-07-25 22:30:00,2022-07-30 01:00:00,"Cinderblock",2139966,1.364,21.7,"SWOTCalVal_WM_GNSS_L2_Rec3_20220726T155300_20220727T005100",2022-07-29 11:30:00,56.5031866748521,0.498216851497075,57.8671866748521
"341",2022-07-29 11:45:00,44.596407,-123.189671,2022-07-25 22:30:00,2022-07-30 01:00:00,"Cinderblock",2139966,1.366,21.7,"SWOTCalVal_WM_GNSS_L2_Rec3_20220726T155300_20220727T005100",2022-07-29 11:45:00,56.5031866748521,0.498216851497075,57.8691866748521
"342",2022-07-29 12:00:00,44.596407,-123.189671,2022-07-25 22:30:00,2022-07-30 01:00:00,"Cinderblock",2139966,1.366,21.6,"SWOTCalVal_WM_GNSS_L2_Rec3_20220726T155300_20220727T005100",2022-07-29 12:00:00,56.5031866748521,0.498216851497075,57.8691866748521
"343",2022-07-29 12:15:00,44.596407,-123.189671,2022-07-25 22:30:00,2022-07-30 01:00:00,"Cinderblock",2139966,1.367,21.6,"SWOTCalVal_WM_GNSS_L2_Rec3_20220726T155300_20220727T005100",2022-07-29 12:15:00,56.5031866748521,0.498216851497075,57.8701866748521
"344",2022-07-29 12:30:00,44.596407,-123.189671,2022-07-25 22:30:00,2022-07-30 01:00:00,"Cinderblock",2139966,1.362,21.5,"SWOTCalVal_WM_GNSS_L2_Rec3_20220726T155300_20220727T005100",2022-07-29 12:30:00,56.5031866748521,0.498216851497075,57.8651866748521
"345",2022-07-29 12:45:00,44.596407,-123.189671,2022-07-25 22:30:00,2022-07-30 01:00:00,"Cinderblock",2139966,1.365,21.5,"SWOTCalVal_WM_GNSS_L2_Rec3_20220726T155300_20220727T005100",2022-07-29 12:45:00,56.5031866748521,0.498216851497075,57.8681866748521
"346",2022-07-29 13:00:00,44.596407,-123.189671,2022-07-25 22:30:00,2022-07-30 01:00:00,"Cinderblock",2139966,1.367,21.5,"SWOTCalVal_WM_GNSS_L2_Rec3_20220726T155300_20220727T005100",2022-07-29 13:00:00,56.5031866748521,0.498216851497075,57.8701866748521
"347",2022-07-29 13:15:00,44.596407,-123.189671,2022-07-25 22:30:00,2022-07-30 01:00:00,"Cinderblock",2139966,1.366,21.4,"SWOTCalVal_WM_GNSS_L2_Rec3_20220726T155300_20220727T005100",2022-07-29 13:15:00,56.5031866748521,0.498216851497075,57.8691866748521
"348",2022-07-29 13:30:00,44.596407,-123.189671,2022-07-25 22:30:00,2022-07-30 01:00:00,"Cinderblock",2139966,1.367,21.4,"SWOTCalVal_WM_GNSS_L2_Rec3_20220726T155300_20220727T005100",2022-07-29 13:30:00,56.5031866748521,0.498216851497075,57.8701866748521
"349",2022-07-29 13:45:00,44.596407,-123.189671,2022-07-25 22:30:00,2022-07-30 01:00:00,"Cinderblock",2139966,1.37,21.4,"SWOTCalVal_WM_GNSS_L2_Rec3_20220726T155300_20220727T005100",2022-07-29 13:45:00,56.5031866748521,0.498216851497075,57.8731866748521
"350",2022-07-29 14:00:00,44.596407,-123.189671,2022-07-25 22:30:00,2022-07-30 01:00:00,"Cinderblock",2139966,1.362,21.3,"SWOTCalVal_WM_GNSS_L2_Rec3_20220726T155300_20220727T005100",2022-07-29 14:00:00,56.5031866748521,0.498216851497075,57.8651866748521
"351",2022-07-29 14:15:00,44.596407,-123.189671,2022-07-25 22:30:00,2022-07-30 01:00:00,"Cinderblock",2139966,1.363,21.3,"SWOTCalVal_WM_GNSS_L2_Rec3_20220726T155300_20220727T005100",2022-07-29 14:15:00,56.5031866748521,0.498216851497075,57.8661866748521
"352",2022-07-29 14:30:00,44.596407,-123.189671,2022-07-25 22:30:00,2022-07-30 01:00:00,"Cinderblock",2139966,1.365,21.3,"SWOTCalVal_WM_GNSS_L2_Rec3_20220726T155300_20220727T005100",2022-07-29 14:30:00,56.5031866748521,0.498216851497075,57.8681866748521
"353",2022-07-29 14:45:00,44.596407,-123.189671,2022-07-25 22:30:00,2022-07-30 01:00:00,"Cinderblock",2139966,1.365,21.3,"SWOTCalVal_WM_GNSS_L2_Rec3_20220726T155300_20220727T005100",2022-07-29 14:45:00,56.5031866748521,0.498216851497075,57.8681866748521
"354",2022-07-29 15:00:00,44.596407,-123.189671,2022-07-25 22:30:00,2022-07-30 01:00:00,"Cinderblock",2139966,1.366,21.2,"SWOTCalVal_WM_GNSS_L2_Rec3_20220726T155300_20220727T005100",2022-07-29 15:00:00,56.5031866748521,0.498216851497075,57.8691866748521
"355",2022-07-29 15:15:00,44.596407,-123.189671,2022-07-25 22:30:00,2022-07-30 01:00:00,"Cinderblock",2139966,1.363,21.2,"SWOTCalVal_WM_GNSS_L2_Rec3_20220726T155300_20220727T005100",2022-07-29 15:15:00,56.5031866748521,0.498216851497075,57.8661866748521
"356",2022-07-29 15:30:00,44.596407,-123.189671,2022-07-25 22:30:00,2022-07-30 01:00:00,"Cinderblock",2139966,1.361,21.2,"SWOTCalVal_WM_GNSS_L2_Rec3_20220726T155300_20220727T005100",2022-07-29 15:30:00,56.5031866748521,0.498216851497075,57.8641866748521
"357",2022-07-29 15:45:00,44.596407,-123.189671,2022-07-25 22:30:00,2022-07-30 01:00:00,"Cinderblock",2139966,1.359,21.2,"SWOTCalVal_WM_GNSS_L2_Rec3_20220726T155300_20220727T005100",2022-07-29 15:45:00,56.5031866748521,0.498216851497075,57.8621866748521
"358",2022-07-29 16:00:00,44.596407,-123.189671,2022-07-25 22:30:00,2022-07-30 01:00:00,"Cinderblock",2139966,1.362,21.3,"SWOTCalVal_WM_GNSS_L2_Rec3_20220726T155300_20220727T005100",2022-07-29 16:00:00,56.5031866748521,0.498216851497075,57.8651866748521
"359",2022-07-29 16:15:00,44.596407,-123.189671,2022-07-25 22:30:00,2022-07-30 01:00:00,"Cinderblock",2139966,1.361,21.3,"SWOTCalVal_WM_GNSS_L2_Rec3_20220726T155300_20220727T005100",2022-07-29 16:15:00,56.5031866748521,0.498216851497075,57.8641866748521
"360",2022-07-29 16:30:00,44.596407,-123.189671,2022-07-25 22:30:00,2022-07-30 01:00:00,"Cinderblock",2139966,1.362,21.3,"SWOTCalVal_WM_GNSS_L2_Rec3_20220726T155300_20220727T005100",2022-07-29 16:30:00,56.5031866748521,0.498216851497075,57.8651866748521
"361",2022-07-29 16:45:00,44.596407,-123.189671,2022-07-25 22:30:00,2022-07-30 01:00:00,"Cinderblock",2139966,1.359,21.3,"SWOTCalVal_WM_GNSS_L2_Rec3_20220726T155300_20220727T005100",2022-07-29 16:45:00,56.5031866748521,0.498216851497075,57.8621866748521
"362",2022-07-29 17:00:00,44.596407,-123.189671,2022-07-25 22:30:00,2022-07-30 01:00:00,"Cinderblock",2139966,1.361,21.4,"SWOTCalVal_WM_GNSS_L2_Rec3_20220726T155300_20220727T005100",2022-07-29 17:00:00,56.5031866748521,0.498216851497075,57.8641866748521
"363",2022-07-29 17:15:00,44.596407,-123.189671,2022-07-25 22:30:00,2022-07-30 01:00:00,"Cinderblock",2139966,1.359,21.4,"SWOTCalVal_WM_GNSS_L2_Rec3_20220726T155300_20220727T005100",2022-07-29 17:15:00,56.5031866748521,0.498216851497075,57.8621866748521
"364",2022-07-29 17:30:00,44.596407,-123.189671,2022-07-25 22:30:00,2022-07-30 01:00:00,"Cinderblock",2139966,1.36,21.5,"SWOTCalVal_WM_GNSS_L2_Rec3_20220726T155300_20220727T005100",2022-07-29 17:30:00,56.5031866748521,0.498216851497075,57.8631866748521
"365",2022-07-29 17:45:00,44.596407,-123.189671,2022-07-25 22:30:00,2022-07-30 01:00:00,"Cinderblock",2139966,1.361,21.5,"SWOTCalVal_WM_GNSS_L2_Rec3_20220726T155300_20220727T005100",2022-07-29 17:45:00,56.5031866748521,0.498216851497075,57.8641866748521
"366",2022-07-29 18:00:00,44.596407,-123.189671,2022-07-25 22:30:00,2022-07-30 01:00:00,"Cinderblock",2139966,1.359,21.6,"SWOTCalVal_WM_GNSS_L2_Rec3_20220726T155300_20220727T005100",2022-07-29 18:00:00,56.5031866748521,0.498216851497075,57.8621866748521
"367",2022-07-29 18:15:00,44.596407,-123.189671,2022-07-25 22:30:00,2022-07-30 01:00:00,"Cinderblock",2139966,1.354,21.6,"SWOTCalVal_WM_GNSS_L2_Rec3_20220726T155300_20220727T005100",2022-07-29 18:15:00,56.5031866748521,0.498216851497075,57.8571866748521
"368",2022-07-29 18:30:00,44.596407,-123.189671,2022-07-25 22:30:00,2022-07-30 01:00:00,"Cinderblock",2139966,1.36,21.7,"SWOTCalVal_WM_GNSS_L2_Rec3_20220726T155300_20220727T005100",2022-07-29 18:30:00,56.5031866748521,0.498216851497075,57.8631866748521
"369",2022-07-29 18:45:00,44.596407,-123.189671,2022-07-25 22:30:00,2022-07-30 01:00:00,"Cinderblock",2139966,1.357,21.7,"SWOTCalVal_WM_GNSS_L2_Rec3_20220726T155300_20220727T005100",2022-07-29 18:45:00,56.5031866748521,0.498216851497075,57.8601866748521
"370",2022-07-29 19:00:00,44.596407,-123.189671,2022-07-25 22:30:00,2022-07-30 01:00:00,"Cinderblock",2139966,1.355,21.8,"SWOTCalVal_WM_GNSS_L2_Rec3_20220726T155300_20220727T005100",2022-07-29 19:00:00,56.5031866748521,0.498216851497075,57.8581866748521
"371",2022-07-29 19:15:00,44.596407,-123.189671,2022-07-25 22:30:00,2022-07-30 01:00:00,"Cinderblock",2139966,1.354,21.8,"SWOTCalVal_WM_GNSS_L2_Rec3_20220726T155300_20220727T005100",2022-07-29 19:15:00,56.5031866748521,0.498216851497075,57.8571866748521
"372",2022-07-29 19:30:00,44.596407,-123.189671,2022-07-25 22:30:00,2022-07-30 01:00:00,"Cinderblock",2139966,1.359,21.9,"SWOTCalVal_WM_GNSS_L2_Rec3_20220726T155300_20220727T005100",2022-07-29 19:30:00,56.5031866748521,0.498216851497075,57.8621866748521
"373",2022-07-29 19:45:00,44.596407,-123.189671,2022-07-25 22:30:00,2022-07-30 01:00:00,"Cinderblock",2139966,1.355,22,"SWOTCalVal_WM_GNSS_L2_Rec3_20220726T155300_20220727T005100",2022-07-29 19:45:00,56.5031866748521,0.498216851497075,57.8581866748521
"374",2022-07-29 20:00:00,44.596407,-123.189671,2022-07-25 22:30:00,2022-07-30 01:00:00,"Cinderblock",2139966,1.356,22,"SWOTCalVal_WM_GNSS_L2_Rec3_20220726T155300_20220727T005100",2022-07-29 20:00:00,56.5031866748521,0.498216851497075,57.8591866748521
"375",2022-07-29 20:15:00,44.596407,-123.189671,2022-07-25 22:30:00,2022-07-30 01:00:00,"Cinderblock",2139966,1.353,22.1,"SWOTCalVal_WM_GNSS_L2_Rec3_20220726T155300_20220727T005100",2022-07-29 20:15:00,56.5031866748521,0.498216851497075,57.8561866748521
"376",2022-07-29 20:30:00,44.596407,-123.189671,2022-07-25 22:30:00,2022-07-30 01:00:00,"Cinderblock",2139966,1.356,22.2,"SWOTCalVal_WM_GNSS_L2_Rec3_20220726T155300_20220727T005100",2022-07-29 20:30:00,56.5031866748521,0.498216851497075,57.8591866748521
"377",2022-07-29 20:45:00,44.596407,-123.189671,2022-07-25 22:30:00,2022-07-30 01:00:00,"Cinderblock",2139966,1.357,22.3,"SWOTCalVal_WM_GNSS_L2_Rec3_20220726T155300_20220727T005100",2022-07-29 20:45:00,56.5031866748521,0.498216851497075,57.8601866748521
"378",2022-07-29 21:00:00,44.596407,-123.189671,2022-07-25 22:30:00,2022-07-30 01:00:00,"Cinderblock",2139966,1.357,22.4,"SWOTCalVal_WM_GNSS_L2_Rec3_20220726T155300_20220727T005100",2022-07-29 21:00:00,56.5031866748521,0.498216851497075,57.8601866748521
"379",2022-07-29 21:15:00,44.596407,-123.189671,2022-07-25 22:30:00,2022-07-30 01:00:00,"Cinderblock",2139966,1.356,22.4,"SWOTCalVal_WM_GNSS_L2_Rec3_20220726T155300_20220727T005100",2022-07-29 21:15:00,56.5031866748521,0.498216851497075,57.8591866748521
"380",2022-07-29 21:30:00,44.596407,-123.189671,2022-07-25 22:30:00,2022-07-30 01:00:00,"Cinderblock",2139966,1.354,22.5,"SWOTCalVal_WM_GNSS_L2_Rec3_20220726T155300_20220727T005100",2022-07-29 21:30:00,56.5031866748521,0.498216851497075,57.8571866748521
"381",2022-07-29 21:45:00,44.596407,-123.189671,2022-07-25 22:30:00,2022-07-30 01:00:00,"Cinderblock",2139966,1.353,22.6,"SWOTCalVal_WM_GNSS_L2_Rec3_20220726T155300_20220727T005100",2022-07-29 21:45:00,56.5031866748521,0.498216851497075,57.8561866748521
"382",2022-07-29 22:00:00,44.596407,-123.189671,2022-07-25 22:30:00,2022-07-30 01:00:00,"Cinderblock",2139966,1.351,22.6,"SWOTCalVal_WM_GNSS_L2_Rec3_20220726T155300_20220727T005100",2022-07-29 22:00:00,56.5031866748521,0.498216851497075,57.8541866748521
"383",2022-07-29 22:15:00,44.596407,-123.189671,2022-07-25 22:30:00,2022-07-30 01:00:00,"Cinderblock",2139966,1.353,22.7,"SWOTCalVal_WM_GNSS_L2_Rec3_20220726T155300_20220727T005100",2022-07-29 22:15:00,56.5031866748521,0.498216851497075,57.8561866748521
"384",2022-07-29 22:30:00,44.596407,-123.189671,2022-07-25 22:30:00,2022-07-30 01:00:00,"Cinderblock",2139966,1.352,22.8,"SWOTCalVal_WM_GNSS_L2_Rec3_20220726T155300_20220727T005100",2022-07-29 22:30:00,56.5031866748521,0.498216851497075,57.8551866748521
"385",2022-07-29 22:45:00,44.596407,-123.189671,2022-07-25 22:30:00,2022-07-30 01:00:00,"Cinderblock",2139966,1.349,22.8,"SWOTCalVal_WM_GNSS_L2_Rec3_20220726T155300_20220727T005100",2022-07-29 22:45:00,56.5031866748521,0.498216851497075,57.8521866748521
"386",2022-07-29 23:00:00,44.596407,-123.189671,2022-07-25 22:30:00,2022-07-30 01:00:00,"Cinderblock",2139966,1.353,22.9,"SWOTCalVal_WM_GNSS_L2_Rec3_20220726T155300_20220727T005100",2022-07-29 23:00:00,56.5031866748521,0.498216851497075,57.8561866748521
"387",2022-07-29 23:15:00,44.596407,-123.189671,2022-07-25 22:30:00,2022-07-30 01:00:00,"Cinderblock",2139966,1.352,23,"SWOTCalVal_WM_GNSS_L2_Rec3_20220726T155300_20220727T005100",2022-07-29 23:15:00,56.5031866748521,0.498216851497075,57.8551866748521
"388",2022-07-29 23:30:00,44.596407,-123.189671,2022-07-25 22:30:00,2022-07-30 01:00:00,"Cinderblock",2139966,1.351,23,"SWOTCalVal_WM_GNSS_L2_Rec3_20220726T155300_20220727T005100",2022-07-29 23:30:00,56.5031866748521,0.498216851497075,57.8541866748521
"389",2022-07-29 23:45:00,44.596407,-123.189671,2022-07-25 22:30:00,2022-07-30 01:00:00,"Cinderblock",2139966,1.355,23.1,"SWOTCalVal_WM_GNSS_L2_Rec3_20220726T155300_20220727T005100",2022-07-29 23:45:00,56.5031866748521,0.498216851497075,57.8581866748521
"390",2022-07-30 00:00:00,44.596407,-123.189671,2022-07-25 22:30:00,2022-07-30 01:00:00,"Cinderblock",2139966,1.355,23.1,"SWOTCalVal_WM_GNSS_L2_Rec3_20220726T155300_20220727T005100",2022-07-30 00:00:00,56.5031866748521,0.498216851497075,57.8581866748521
"391",2022-07-30 00:15:00,44.596407,-123.189671,2022-07-25 22:30:00,2022-07-30 01:00:00,"Cinderblock",2139966,1.361,23.2,"SWOTCalVal_WM_GNSS_L2_Rec3_20220726T155300_20220727T005100",2022-07-30 00:15:00,56.5031866748521,0.498216851497075,57.8641866748521
"392",2022-07-30 00:30:00,44.596407,-123.189671,2022-07-25 22:30:00,2022-07-30 01:00:00,"Cinderblock",2139966,1.36,23.2,"SWOTCalVal_WM_GNSS_L2_Rec3_20220726T155300_20220727T005100",2022-07-30 00:30:00,56.5031866748521,0.498216851497075,57.8631866748521
"393",2022-07-30 00:45:00,44.596407,-123.189671,2022-07-25 22:30:00,2022-07-30 01:00:00,"Cinderblock",2139966,1.361,23.2,"SWOTCalVal_WM_GNSS_L2_Rec3_20220726T155300_20220727T005100",2022-07-30 00:45:00,56.5031866748521,0.498216851497075,57.8641866748521
